[{"model": "admin.logentry", "pk": 1, "fields": {"action_time": "2025-05-20T05:39:47.970Z", "user": 1, "content_type": 12, "object_id": "4", "object_repr": "ACD", "action_flag": 1, "change_message": "[{\"added\": {}}]"}}, {"model": "admin.logentry", "pk": 2, "fields": {"action_time": "2025-05-20T05:51:16.754Z", "user": 1, "content_type": 7, "object_id": "42", "object_repr": "Yasser   Al-Yasser El Sayed Abdelmageed (161700083)", "action_flag": 3, "change_message": ""}}, {"model": "admin.logentry", "pk": 3, "fields": {"action_time": "2025-05-20T05:51:16.754Z", "user": 1, "content_type": 7, "object_id": "28", "object_repr": "Abdelhafiz Abdelhady Abdelhady (161700020)", "action_flag": 3, "change_message": ""}}, {"model": "admin.logentry", "pk": 4, "fields": {"action_time": "2025-05-20T05:51:16.754Z", "user": 1, "content_type": 7, "object_id": "23", "object_repr": "Ragab Adel Ragab Ali (161700255)", "action_flag": 3, "change_message": ""}}, {"model": "admin.logentry", "pk": 5, "fields": {"action_time": "2025-05-20T05:51:16.754Z", "user": 1, "content_type": 7, "object_id": "24", "object_repr": "Mohammed Ahmed Saeed Ibrahim (161700023)", "action_flag": 3, "change_message": ""}}, {"model": "admin.logentry", "pk": 6, "fields": {"action_time": "2025-05-20T05:51:16.754Z", "user": 1, "content_type": 7, "object_id": "38", "object_repr": "Walid Al-Sayed Muhammad (161700048)", "action_flag": 3, "change_message": ""}}, {"model": "admin.logentry", "pk": 7, "fields": {"action_time": "2025-05-20T05:51:16.754Z", "user": 1, "content_type": 7, "object_id": "6", "object_repr": "Khaled Anwar Zaki Ali El-Khalawany (171700102)", "action_flag": 3, "change_message": ""}}, {"model": "admin.logentry", "pk": 8, "fields": {"action_time": "2025-05-20T05:51:16.754Z", "user": 1, "content_type": 7, "object_id": "8", "object_repr": "Omar Ayman Mohamed Nasr El-Din (171700097)", "action_flag": 3, "change_message": ""}}, {"model": "admin.logentry", "pk": 9, "fields": {"action_time": "2025-05-20T05:51:16.754Z", "user": 1, "content_type": 7, "object_id": "31", "object_repr": "Emad  El-Sayed Mohamed El-Sayed (161700266)", "action_flag": 3, "change_message": ""}}, {"model": "admin.logentry", "pk": 10, "fields": {"action_time": "2025-05-20T05:51:16.754Z", "user": 1, "content_type": 7, "object_id": "2", "object_repr": "Bishoy Essam Wilson Fahim (171700059)", "action_flag": 3, "change_message": ""}}, {"model": "admin.logentry", "pk": 11, "fields": {"action_time": "2025-05-20T05:51:16.754Z", "user": 1, "content_type": 7, "object_id": "41", "object_repr": "Yasser  Farouk Hamed (161700027)", "action_flag": 3, "change_message": ""}}, {"model": "admin.logentry", "pk": 12, "fields": {"action_time": "2025-05-20T05:51:16.754Z", "user": 1, "content_type": 7, "object_id": "39", "object_repr": "Souad Fathy Saad Ibrahim El-Sayed (161700046)", "action_flag": 3, "change_message": ""}}, {"model": "admin.logentry", "pk": 13, "fields": {"action_time": "2025-05-20T05:51:16.754Z", "user": 1, "content_type": 7, "object_id": "9", "object_repr": "Mina George Saad Rizk (171700075)", "action_flag": 3, "change_message": ""}}, {"model": "admin.logentry", "pk": 14, "fields": {"action_time": "2025-05-20T05:51:16.754Z", "user": 1, "content_type": 7, "object_id": "29", "object_repr": "Muhammad Ibrahim Salim Abdel Aal (161700080)", "action_flag": 3, "change_message": ""}}, {"model": "admin.logentry", "pk": 15, "fields": {"action_time": "2025-05-20T05:51:16.754Z", "user": 1, "content_type": 7, "object_id": "5", "object_repr": "Ibrahim Ibrahim Zaki El-Naqeeb (171700077)", "action_flag": 3, "change_message": ""}}, {"model": "admin.logentry", "pk": 16, "fields": {"action_time": "2025-05-20T05:51:16.754Z", "user": 1, "content_type": 7, "object_id": "35", "object_repr": "Ismail  Mabrouk Abdel-Ghani Hassan (161700028)", "action_flag": 3, "change_message": ""}}, {"model": "admin.logentry", "pk": 17, "fields": {"action_time": "2025-05-20T05:51:16.754Z", "user": 1, "content_type": 7, "object_id": "34", "object_repr": "Ibrahim Mahmoud Abou Shousha Ibrahim (161700092)", "action_flag": 3, "change_message": ""}}, {"model": "admin.logentry", "pk": 18, "fields": {"action_time": "2025-05-20T05:51:16.754Z", "user": 1, "content_type": 7, "object_id": "7", "object_repr": "Magid Makram Wahba Doss (171700088)", "action_flag": 3, "change_message": ""}}, {"model": "admin.logentry", "pk": 19, "fields": {"action_time": "2025-05-20T05:51:16.754Z", "user": 1, "content_type": 7, "object_id": "25", "object_repr": "Islam Mohamed Abdel-Haseeb Mansour (161700199)", "action_flag": 3, "change_message": ""}}, {"model": "admin.logentry", "pk": 20, "fields": {"action_time": "2025-05-20T05:51:16.754Z", "user": 1, "content_type": 7, "object_id": "3", "object_repr": "Ahmed Mohamed Attia Mohamed (171700004)", "action_flag": 3, "change_message": ""}}, {"model": "admin.logentry", "pk": 21, "fields": {"action_time": "2025-05-20T05:51:16.754Z", "user": 1, "content_type": 7, "object_id": "40", "object_repr": "Shaimaa  Mohamed El-Moghazy Hassanein (161700257)", "action_flag": 3, "change_message": ""}}, {"model": "admin.logentry", "pk": 22, "fields": {"action_time": "2025-05-20T05:51:16.754Z", "user": 1, "content_type": 7, "object_id": "37", "object_repr": "Aya Mohamed Mahmoud Abdel-Fattah (161700203)", "action_flag": 3, "change_message": ""}}, {"model": "admin.logentry", "pk": 23, "fields": {"action_time": "2025-05-20T05:51:16.754Z", "user": 1, "content_type": 7, "object_id": "33", "object_repr": "Hamdy Mohamed Mohamed Ahmed Mansour (161700030)", "action_flag": 3, "change_message": ""}}, {"model": "admin.logentry", "pk": 24, "fields": {"action_time": "2025-05-20T05:51:16.754Z", "user": 1, "content_type": 7, "object_id": "1", "object_repr": "Mohamed Mokhtar Abdelhamid El-Sayed (171700018)", "action_flag": 3, "change_message": ""}}, {"model": "admin.logentry", "pk": 25, "fields": {"action_time": "2025-05-20T05:51:16.754Z", "user": 1, "content_type": 7, "object_id": "27", "object_repr": "Ahmed Naguib Ibrahim Zaki (161700049)", "action_flag": 3, "change_message": ""}}, {"model": "admin.logentry", "pk": 26, "fields": {"action_time": "2025-05-20T05:51:16.754Z", "user": 1, "content_type": 7, "object_id": "21", "object_repr": "Ahmed Reda Mohamed Ahmed (161700077)", "action_flag": 3, "change_message": ""}}, {"model": "admin.logentry", "pk": 27, "fields": {"action_time": "2025-05-20T05:51:16.754Z", "user": 1, "content_type": 7, "object_id": "4", "object_repr": "Mohamed Refai Abdelhamid Refai (171700039)", "action_flag": 3, "change_message": ""}}, {"model": "admin.logentry", "pk": 28, "fields": {"action_time": "2025-05-20T05:51:16.754Z", "user": 1, "content_type": 7, "object_id": "10", "object_repr": "Al-Amira Safia Gamal Abdelhamid (171700087)", "action_flag": 3, "change_message": ""}}, {"model": "admin.logentry", "pk": 29, "fields": {"action_time": "2025-05-20T05:51:16.754Z", "user": 1, "content_type": 7, "object_id": "36", "object_repr": "Mohamed  Sayed Ahmed (161700202)", "action_flag": 3, "change_message": ""}}, {"model": "admin.logentry", "pk": 30, "fields": {"action_time": "2025-05-20T05:51:16.754Z", "user": 1, "content_type": 7, "object_id": "30", "object_repr": "Ahmed Waleed Mohamed Mohamed (161700264)", "action_flag": 3, "change_message": ""}}, {"model": "admin.logentry", "pk": 31, "fields": {"action_time": "2025-05-20T05:59:20.621Z", "user": 1, "content_type": 7, "object_id": "74", "object_repr": "Yasser   Al-Yasser El Sayed Abdelmageed (161700083)", "action_flag": 3, "change_message": ""}}, {"model": "admin.logentry", "pk": 32, "fields": {"action_time": "2025-05-20T05:59:20.621Z", "user": 1, "content_type": 7, "object_id": "60", "object_repr": "Abdelhafiz Abdelhady Abdelhady (161700020)", "action_flag": 3, "change_message": ""}}, {"model": "admin.logentry", "pk": 33, "fields": {"action_time": "2025-05-20T05:59:20.621Z", "user": 1, "content_type": 7, "object_id": "55", "object_repr": "Ragab Adel Ragab Ali (161700255)", "action_flag": 3, "change_message": ""}}, {"model": "admin.logentry", "pk": 34, "fields": {"action_time": "2025-05-20T05:59:20.621Z", "user": 1, "content_type": 7, "object_id": "56", "object_repr": "Mohammed Ahmed Saeed Ibrahim (161700023)", "action_flag": 3, "change_message": ""}}, {"model": "admin.logentry", "pk": 35, "fields": {"action_time": "2025-05-20T05:59:20.621Z", "user": 1, "content_type": 7, "object_id": "70", "object_repr": "Walid Al-Sayed Muhammad (161700048)", "action_flag": 3, "change_message": ""}}, {"model": "admin.logentry", "pk": 36, "fields": {"action_time": "2025-05-20T05:59:20.621Z", "user": 1, "content_type": 7, "object_id": "48", "object_repr": "Khaled Anwar Zaki Ali El-Khalawany (171700102)", "action_flag": 3, "change_message": ""}}, {"model": "admin.logentry", "pk": 37, "fields": {"action_time": "2025-05-20T05:59:20.621Z", "user": 1, "content_type": 7, "object_id": "50", "object_repr": "Omar Ayman Mohamed Nasr El-Din (171700097)", "action_flag": 3, "change_message": ""}}, {"model": "admin.logentry", "pk": 38, "fields": {"action_time": "2025-05-20T05:59:20.621Z", "user": 1, "content_type": 7, "object_id": "63", "object_repr": "Emad  El-Sayed Mohamed El-Sayed (161700266)", "action_flag": 3, "change_message": ""}}, {"model": "admin.logentry", "pk": 39, "fields": {"action_time": "2025-05-20T05:59:20.621Z", "user": 1, "content_type": 7, "object_id": "44", "object_repr": "Bishoy Essam Wilson Fahim (171700059)", "action_flag": 3, "change_message": ""}}, {"model": "admin.logentry", "pk": 40, "fields": {"action_time": "2025-05-20T05:59:20.621Z", "user": 1, "content_type": 7, "object_id": "73", "object_repr": "Yasser  Farouk Hamed (161700027)", "action_flag": 3, "change_message": ""}}, {"model": "admin.logentry", "pk": 41, "fields": {"action_time": "2025-05-20T05:59:20.621Z", "user": 1, "content_type": 7, "object_id": "71", "object_repr": "Souad Fathy Saad Ibrahim El-Sayed (161700046)", "action_flag": 3, "change_message": ""}}, {"model": "admin.logentry", "pk": 42, "fields": {"action_time": "2025-05-20T05:59:20.621Z", "user": 1, "content_type": 7, "object_id": "51", "object_repr": "Mina George Saad Rizk (171700075)", "action_flag": 3, "change_message": ""}}, {"model": "admin.logentry", "pk": 43, "fields": {"action_time": "2025-05-20T05:59:20.621Z", "user": 1, "content_type": 7, "object_id": "61", "object_repr": "Muhammad Ibrahim Salim Abdel Aal (161700080)", "action_flag": 3, "change_message": ""}}, {"model": "admin.logentry", "pk": 44, "fields": {"action_time": "2025-05-20T05:59:20.621Z", "user": 1, "content_type": 7, "object_id": "47", "object_repr": "Ibrahim Ibrahim Zaki El-Naqeeb (171700077)", "action_flag": 3, "change_message": ""}}, {"model": "admin.logentry", "pk": 45, "fields": {"action_time": "2025-05-20T05:59:20.621Z", "user": 1, "content_type": 7, "object_id": "67", "object_repr": "Ismail  Mabrouk Abdel-Ghani Hassan (161700028)", "action_flag": 3, "change_message": ""}}, {"model": "admin.logentry", "pk": 46, "fields": {"action_time": "2025-05-20T05:59:20.621Z", "user": 1, "content_type": 7, "object_id": "66", "object_repr": "Ibrahim Mahmoud Abou Shousha Ibrahim (161700092)", "action_flag": 3, "change_message": ""}}, {"model": "admin.logentry", "pk": 47, "fields": {"action_time": "2025-05-20T05:59:20.621Z", "user": 1, "content_type": 7, "object_id": "49", "object_repr": "Magid Makram Wahba Doss (171700088)", "action_flag": 3, "change_message": ""}}, {"model": "admin.logentry", "pk": 48, "fields": {"action_time": "2025-05-20T05:59:20.621Z", "user": 1, "content_type": 7, "object_id": "57", "object_repr": "Islam Mohamed Abdel-Haseeb Mansour (161700199)", "action_flag": 3, "change_message": ""}}, {"model": "admin.logentry", "pk": 49, "fields": {"action_time": "2025-05-20T05:59:20.621Z", "user": 1, "content_type": 7, "object_id": "45", "object_repr": "Ahmed Mohamed Attia Mohamed (171700004)", "action_flag": 3, "change_message": ""}}, {"model": "admin.logentry", "pk": 50, "fields": {"action_time": "2025-05-20T05:59:20.621Z", "user": 1, "content_type": 7, "object_id": "72", "object_repr": "Shaimaa  Mohamed El-Moghazy Hassanein (161700257)", "action_flag": 3, "change_message": ""}}, {"model": "admin.logentry", "pk": 51, "fields": {"action_time": "2025-05-20T05:59:20.621Z", "user": 1, "content_type": 7, "object_id": "69", "object_repr": "Aya Mohamed Mahmoud Abdel-Fattah (161700203)", "action_flag": 3, "change_message": ""}}, {"model": "admin.logentry", "pk": 52, "fields": {"action_time": "2025-05-20T05:59:20.621Z", "user": 1, "content_type": 7, "object_id": "65", "object_repr": "Hamdy Mohamed Mohamed Ahmed Mansour (161700030)", "action_flag": 3, "change_message": ""}}, {"model": "admin.logentry", "pk": 53, "fields": {"action_time": "2025-05-20T05:59:20.621Z", "user": 1, "content_type": 7, "object_id": "43", "object_repr": "Mohamed Mokhtar Abdelhamid El-Sayed (171700018)", "action_flag": 3, "change_message": ""}}, {"model": "admin.logentry", "pk": 54, "fields": {"action_time": "2025-05-20T05:59:20.621Z", "user": 1, "content_type": 7, "object_id": "59", "object_repr": "Ahmed Naguib Ibrahim Zaki (161700049)", "action_flag": 3, "change_message": ""}}, {"model": "admin.logentry", "pk": 55, "fields": {"action_time": "2025-05-20T05:59:20.621Z", "user": 1, "content_type": 7, "object_id": "53", "object_repr": "Ahmed Reda Mohamed Ahmed (161700077)", "action_flag": 3, "change_message": ""}}, {"model": "admin.logentry", "pk": 56, "fields": {"action_time": "2025-05-20T05:59:20.621Z", "user": 1, "content_type": 7, "object_id": "46", "object_repr": "Mohamed Refai Abdelhamid Refai (171700039)", "action_flag": 3, "change_message": ""}}, {"model": "admin.logentry", "pk": 57, "fields": {"action_time": "2025-05-20T05:59:20.621Z", "user": 1, "content_type": 7, "object_id": "52", "object_repr": "Al-Amira Safia Gamal Abdelhamid (171700087)", "action_flag": 3, "change_message": ""}}, {"model": "admin.logentry", "pk": 58, "fields": {"action_time": "2025-05-20T05:59:20.621Z", "user": 1, "content_type": 7, "object_id": "68", "object_repr": "Mohamed  Sayed Ahmed (161700202)", "action_flag": 3, "change_message": ""}}, {"model": "admin.logentry", "pk": 59, "fields": {"action_time": "2025-05-20T05:59:20.621Z", "user": 1, "content_type": 7, "object_id": "62", "object_repr": "Ahmed Waleed Mohamed Mohamed (161700264)", "action_flag": 3, "change_message": ""}}, {"model": "admin.logentry", "pk": 60, "fields": {"action_time": "2025-05-20T06:03:36.258Z", "user": 1, "content_type": 7, "object_id": "106", "object_repr": "Yasser   Al-Yasser El Sayed Abdelmageed (161700083)", "action_flag": 3, "change_message": ""}}, {"model": "admin.logentry", "pk": 61, "fields": {"action_time": "2025-05-20T06:03:36.258Z", "user": 1, "content_type": 7, "object_id": "92", "object_repr": "Abdelhafiz Abdelhady Abdelhady (161700020)", "action_flag": 3, "change_message": ""}}, {"model": "admin.logentry", "pk": 62, "fields": {"action_time": "2025-05-20T06:03:36.258Z", "user": 1, "content_type": 7, "object_id": "87", "object_repr": "Ragab Adel Ragab Ali (161700255)", "action_flag": 3, "change_message": ""}}, {"model": "admin.logentry", "pk": 63, "fields": {"action_time": "2025-05-20T06:03:36.258Z", "user": 1, "content_type": 7, "object_id": "88", "object_repr": "Mohammed Ahmed Saeed Ibrahim (161700023)", "action_flag": 3, "change_message": ""}}, {"model": "admin.logentry", "pk": 64, "fields": {"action_time": "2025-05-20T06:03:36.258Z", "user": 1, "content_type": 7, "object_id": "102", "object_repr": "Walid Al-Sayed Muhammad (161700048)", "action_flag": 3, "change_message": ""}}, {"model": "admin.logentry", "pk": 65, "fields": {"action_time": "2025-05-20T06:03:36.258Z", "user": 1, "content_type": 7, "object_id": "80", "object_repr": "Khaled Anwar Zaki Ali El-Khalawany (171700102)", "action_flag": 3, "change_message": ""}}, {"model": "admin.logentry", "pk": 66, "fields": {"action_time": "2025-05-20T06:03:36.258Z", "user": 1, "content_type": 7, "object_id": "82", "object_repr": "Omar Ayman Mohamed Nasr El-Din (171700097)", "action_flag": 3, "change_message": ""}}, {"model": "admin.logentry", "pk": 67, "fields": {"action_time": "2025-05-20T06:03:36.258Z", "user": 1, "content_type": 7, "object_id": "95", "object_repr": "Emad  El-Sayed Mohamed El-Sayed (161700266)", "action_flag": 3, "change_message": ""}}, {"model": "admin.logentry", "pk": 68, "fields": {"action_time": "2025-05-20T06:03:36.258Z", "user": 1, "content_type": 7, "object_id": "76", "object_repr": "Bishoy Essam Wilson Fahim (171700059)", "action_flag": 3, "change_message": ""}}, {"model": "admin.logentry", "pk": 69, "fields": {"action_time": "2025-05-20T06:03:36.258Z", "user": 1, "content_type": 7, "object_id": "105", "object_repr": "Yasser  Farouk Hamed (161700027)", "action_flag": 3, "change_message": ""}}, {"model": "admin.logentry", "pk": 70, "fields": {"action_time": "2025-05-20T06:03:36.258Z", "user": 1, "content_type": 7, "object_id": "103", "object_repr": "Souad Fathy Saad Ibrahim El-Sayed (161700046)", "action_flag": 3, "change_message": ""}}, {"model": "admin.logentry", "pk": 71, "fields": {"action_time": "2025-05-20T06:03:36.258Z", "user": 1, "content_type": 7, "object_id": "83", "object_repr": "Mina George Saad Rizk (171700075)", "action_flag": 3, "change_message": ""}}, {"model": "admin.logentry", "pk": 72, "fields": {"action_time": "2025-05-20T06:03:36.258Z", "user": 1, "content_type": 7, "object_id": "93", "object_repr": "Muhammad Ibrahim Salim Abdel Aal (161700080)", "action_flag": 3, "change_message": ""}}, {"model": "admin.logentry", "pk": 73, "fields": {"action_time": "2025-05-20T06:03:36.258Z", "user": 1, "content_type": 7, "object_id": "79", "object_repr": "Ibrahim Ibrahim Zaki El-Naqeeb (171700077)", "action_flag": 3, "change_message": ""}}, {"model": "admin.logentry", "pk": 74, "fields": {"action_time": "2025-05-20T06:03:36.258Z", "user": 1, "content_type": 7, "object_id": "99", "object_repr": "Ismail  Mabrouk Abdel-Ghani Hassan (161700028)", "action_flag": 3, "change_message": ""}}, {"model": "admin.logentry", "pk": 75, "fields": {"action_time": "2025-05-20T06:03:36.258Z", "user": 1, "content_type": 7, "object_id": "98", "object_repr": "Ibrahim Mahmoud Abou Shousha Ibrahim (161700092)", "action_flag": 3, "change_message": ""}}, {"model": "admin.logentry", "pk": 76, "fields": {"action_time": "2025-05-20T06:03:36.258Z", "user": 1, "content_type": 7, "object_id": "81", "object_repr": "Magid Makram Wahba Doss (171700088)", "action_flag": 3, "change_message": ""}}, {"model": "admin.logentry", "pk": 77, "fields": {"action_time": "2025-05-20T06:03:36.258Z", "user": 1, "content_type": 7, "object_id": "89", "object_repr": "Islam Mohamed Abdel-Haseeb Mansour (161700199)", "action_flag": 3, "change_message": ""}}, {"model": "admin.logentry", "pk": 78, "fields": {"action_time": "2025-05-20T06:03:36.258Z", "user": 1, "content_type": 7, "object_id": "77", "object_repr": "Ahmed Mohamed Attia Mohamed (171700004)", "action_flag": 3, "change_message": ""}}, {"model": "admin.logentry", "pk": 79, "fields": {"action_time": "2025-05-20T06:03:36.258Z", "user": 1, "content_type": 7, "object_id": "104", "object_repr": "Shaimaa  Mohamed El-Moghazy Hassanein (161700257)", "action_flag": 3, "change_message": ""}}, {"model": "admin.logentry", "pk": 80, "fields": {"action_time": "2025-05-20T06:03:36.258Z", "user": 1, "content_type": 7, "object_id": "101", "object_repr": "Aya Mohamed Mahmoud Abdel-Fattah (161700203)", "action_flag": 3, "change_message": ""}}, {"model": "admin.logentry", "pk": 81, "fields": {"action_time": "2025-05-20T06:03:36.258Z", "user": 1, "content_type": 7, "object_id": "97", "object_repr": "Hamdy Mohamed Mohamed Ahmed Mansour (161700030)", "action_flag": 3, "change_message": ""}}, {"model": "admin.logentry", "pk": 82, "fields": {"action_time": "2025-05-20T06:03:36.258Z", "user": 1, "content_type": 7, "object_id": "75", "object_repr": "Mohamed Mokhtar Abdelhamid El-Sayed (171700018)", "action_flag": 3, "change_message": ""}}, {"model": "admin.logentry", "pk": 83, "fields": {"action_time": "2025-05-20T06:03:36.258Z", "user": 1, "content_type": 7, "object_id": "91", "object_repr": "Ahmed Naguib Ibrahim Zaki (161700049)", "action_flag": 3, "change_message": ""}}, {"model": "admin.logentry", "pk": 84, "fields": {"action_time": "2025-05-20T06:03:36.258Z", "user": 1, "content_type": 7, "object_id": "85", "object_repr": "Ahmed Reda Mohamed Ahmed (161700077)", "action_flag": 3, "change_message": ""}}, {"model": "admin.logentry", "pk": 85, "fields": {"action_time": "2025-05-20T06:03:36.258Z", "user": 1, "content_type": 7, "object_id": "78", "object_repr": "Mohamed Refai Abdelhamid Refai (171700039)", "action_flag": 3, "change_message": ""}}, {"model": "admin.logentry", "pk": 86, "fields": {"action_time": "2025-05-20T06:03:36.258Z", "user": 1, "content_type": 7, "object_id": "84", "object_repr": "Al-Amira Safia Gamal Abdelhamid (171700087)", "action_flag": 3, "change_message": ""}}, {"model": "admin.logentry", "pk": 87, "fields": {"action_time": "2025-05-20T06:03:36.258Z", "user": 1, "content_type": 7, "object_id": "100", "object_repr": "Mohamed  Sayed Ahmed (161700202)", "action_flag": 3, "change_message": ""}}, {"model": "admin.logentry", "pk": 88, "fields": {"action_time": "2025-05-20T06:03:36.258Z", "user": 1, "content_type": 7, "object_id": "94", "object_repr": "Ahmed Waleed Mohamed Mohamed (161700264)", "action_flag": 3, "change_message": ""}}, {"model": "admin.logentry", "pk": 89, "fields": {"action_time": "2025-05-20T07:52:59.556Z", "user": 1, "content_type": 8, "object_id": "2", "object_repr": "ACD-ACC-lap-01 (1N3YHX3)", "action_flag": 3, "change_message": ""}}, {"model": "admin.logentry", "pk": 90, "fields": {"action_time": "2025-05-20T07:52:59.556Z", "user": 1, "content_type": 8, "object_id": "20", "object_repr": "ACD-ACC-PC-05 (B74QYP3)", "action_flag": 3, "change_message": ""}}, {"model": "admin.logentry", "pk": 91, "fields": {"action_time": "2025-05-20T07:52:59.556Z", "user": 1, "content_type": 8, "object_id": "6", "object_repr": "ACD-HR-lap-01 (6K4YHX3)", "action_flag": 3, "change_message": ""}}, {"model": "admin.logentry", "pk": 92, "fields": {"action_time": "2025-05-20T07:52:59.556Z", "user": 1, "content_type": 8, "object_id": "3", "object_repr": "ACD-MANGER-01 (5TPVML3)", "action_flag": 3, "change_message": ""}}, {"model": "admin.logentry", "pk": 93, "fields": {"action_time": "2025-05-20T07:52:59.556Z", "user": 1, "content_type": 8, "object_id": "4", "object_repr": "ACD-MANGER-02 (5RPVML3)", "action_flag": 3, "change_message": ""}}, {"model": "admin.logentry", "pk": 94, "fields": {"action_time": "2025-05-20T07:52:59.556Z", "user": 1, "content_type": 8, "object_id": "7", "object_repr": "ACD-MTN-lap-02 (4R3YHX3)", "action_flag": 3, "change_message": ""}}, {"model": "admin.logentry", "pk": 95, "fields": {"action_time": "2025-05-20T07:52:59.556Z", "user": 1, "content_type": 8, "object_id": "8", "object_repr": "ACD-OSH-Lap-01 (GL3YHX3)", "action_flag": 3, "change_message": ""}}, {"model": "admin.logentry", "pk": 96, "fields": {"action_time": "2025-05-20T07:52:59.556Z", "user": 1, "content_type": 8, "object_id": "9", "object_repr": "ACD-PDC-PC-01 (9VP6CR3)", "action_flag": 3, "change_message": ""}}, {"model": "admin.logentry", "pk": 97, "fields": {"action_time": "2025-05-20T07:52:59.556Z", "user": 1, "content_type": 8, "object_id": "19", "object_repr": "ACD-PUR-lap-01 (6M4YHX3)", "action_flag": 3, "change_message": ""}}, {"model": "admin.logentry", "pk": 98, "fields": {"action_time": "2025-05-20T07:52:59.556Z", "user": 1, "content_type": 8, "object_id": "1", "object_repr": "CTP-Quality-lap-02 (4PVPDS3)", "action_flag": 3, "change_message": ""}}, {"model": "admin.logentry", "pk": 99, "fields": {"action_time": "2025-05-20T07:52:59.556Z", "user": 1, "content_type": 8, "object_id": "5", "object_repr": "CTP-WH-Laptop (4L3YHX3)", "action_flag": 3, "change_message": ""}}, {"model": "admin.logentry", "pk": 100, "fields": {"action_time": "2025-05-20T07:54:52.061Z", "user": 1, "content_type": 8, "object_id": "22", "object_repr": "ACD-ACC-lap-01 (1N3YHX3)", "action_flag": 3, "change_message": ""}}, {"model": "admin.logentry", "pk": 101, "fields": {"action_time": "2025-05-20T07:54:52.061Z", "user": 1, "content_type": 8, "object_id": "30", "object_repr": "ACD-ACC-PC-05 (B74QYP3)", "action_flag": 3, "change_message": ""}}, {"model": "admin.logentry", "pk": 102, "fields": {"action_time": "2025-05-20T07:54:52.061Z", "user": 1, "content_type": 8, "object_id": "26", "object_repr": "ACD-HR-lap-01 (6K4YHX3)", "action_flag": 3, "change_message": ""}}, {"model": "admin.logentry", "pk": 103, "fields": {"action_time": "2025-05-20T07:54:52.061Z", "user": 1, "content_type": 8, "object_id": "23", "object_repr": "ACD-MANGER-01 (5TPVML3)", "action_flag": 3, "change_message": ""}}, {"model": "admin.logentry", "pk": 104, "fields": {"action_time": "2025-05-20T07:54:52.061Z", "user": 1, "content_type": 8, "object_id": "24", "object_repr": "ACD-MANGER-02 (5RPVML3)", "action_flag": 3, "change_message": ""}}, {"model": "admin.logentry", "pk": 105, "fields": {"action_time": "2025-05-20T07:54:52.061Z", "user": 1, "content_type": 8, "object_id": "27", "object_repr": "ACD-MTN-lap-02 (4R3YHX3)", "action_flag": 3, "change_message": ""}}, {"model": "admin.logentry", "pk": 106, "fields": {"action_time": "2025-05-20T07:54:52.061Z", "user": 1, "content_type": 8, "object_id": "29", "object_repr": "ACD-OSH-Lap-01 (GL3YHX3)", "action_flag": 3, "change_message": ""}}, {"model": "admin.logentry", "pk": 107, "fields": {"action_time": "2025-05-20T07:54:52.061Z", "user": 1, "content_type": 8, "object_id": "31", "object_repr": "ACD-PDC-PC-01 (9VP6CR3)", "action_flag": 3, "change_message": ""}}, {"model": "admin.logentry", "pk": 108, "fields": {"action_time": "2025-05-20T07:54:52.061Z", "user": 1, "content_type": 8, "object_id": "28", "object_repr": "ACD-PUR-lap-01 (6M4YHX3)", "action_flag": 3, "change_message": ""}}, {"model": "admin.logentry", "pk": 109, "fields": {"action_time": "2025-05-20T07:54:52.061Z", "user": 1, "content_type": 8, "object_id": "41", "object_repr": "CTP-ACC-lap-01 (4R1KCS3)", "action_flag": 3, "change_message": ""}}, {"model": "admin.logentry", "pk": 110, "fields": {"action_time": "2025-05-20T07:54:52.061Z", "user": 1, "content_type": 8, "object_id": "40", "object_repr": "CTP-ACC-lap-02 (7NXCBS3)", "action_flag": 3, "change_message": ""}}, {"model": "admin.logentry", "pk": 111, "fields": {"action_time": "2025-05-20T07:54:52.061Z", "user": 1, "content_type": 8, "object_id": "37", "object_repr": "CTP-HR-lap-01 (7RVPDS3)", "action_flag": 3, "change_message": ""}}, {"model": "admin.logentry", "pk": 112, "fields": {"action_time": "2025-05-20T07:54:52.061Z", "user": 1, "content_type": 8, "object_id": "35", "object_repr": "CTP-HR-lap-02 (7R3YHX3)", "action_flag": 3, "change_message": ""}}, {"model": "admin.logentry", "pk": 113, "fields": {"action_time": "2025-05-20T07:54:52.061Z", "user": 1, "content_type": 8, "object_id": "34", "object_repr": "CTP-IT-LAP-01 (4M3YHX3)", "action_flag": 3, "change_message": ""}}, {"model": "admin.logentry", "pk": 114, "fields": {"action_time": "2025-05-20T07:54:52.061Z", "user": 1, "content_type": 8, "object_id": "36", "object_repr": "CTP-MTN-lap-02 (FT3YHX3)", "action_flag": 3, "change_message": ""}}, {"model": "admin.logentry", "pk": 115, "fields": {"action_time": "2025-05-20T07:54:52.061Z", "user": 1, "content_type": 8, "object_id": "42", "object_repr": "CTP-PDC-lap-01 (JM3YHX3)", "action_flag": 3, "change_message": ""}}, {"model": "admin.logentry", "pk": 116, "fields": {"action_time": "2025-05-20T07:54:52.061Z", "user": 1, "content_type": 8, "object_id": "38", "object_repr": "CTP-PDC-lap-02 (3SVPDS3)", "action_flag": 3, "change_message": ""}}, {"model": "admin.logentry", "pk": 117, "fields": {"action_time": "2025-05-20T07:54:52.061Z", "user": 1, "content_type": 8, "object_id": "39", "object_repr": "CTP-PUR-lap-01 (DMXCBS3)", "action_flag": 3, "change_message": ""}}, {"model": "admin.logentry", "pk": 118, "fields": {"action_time": "2025-05-20T07:54:52.061Z", "user": 1, "content_type": 8, "object_id": "33", "object_repr": "CTP-PUR-lap-02 (HNXCBS3)", "action_flag": 3, "change_message": ""}}, {"model": "admin.logentry", "pk": 119, "fields": {"action_time": "2025-05-20T07:54:52.061Z", "user": 1, "content_type": 8, "object_id": "21", "object_repr": "CTP-Quality-lap-02 (4PVPDS3)", "action_flag": 3, "change_message": ""}}, {"model": "admin.logentry", "pk": 120, "fields": {"action_time": "2025-05-20T07:54:52.061Z", "user": 1, "content_type": 8, "object_id": "25", "object_repr": "CTP-WH-Laptop (4L3YHX3)", "action_flag": 3, "change_message": ""}}, {"model": "admin.logentry", "pk": 121, "fields": {"action_time": "2025-05-20T07:54:52.061Z", "user": 1, "content_type": 8, "object_id": "32", "object_repr": "Server-CTP-ACD (2S3QYP3)", "action_flag": 3, "change_message": ""}}, {"model": "admin.logentry", "pk": 122, "fields": {"action_time": "2025-05-20T08:01:13.385Z", "user": 1, "content_type": 8, "object_id": "44", "object_repr": "ACD-ACC-lap-01 (1N3YHX3)", "action_flag": 3, "change_message": ""}}, {"model": "admin.logentry", "pk": 123, "fields": {"action_time": "2025-05-20T08:01:13.385Z", "user": 1, "content_type": 8, "object_id": "52", "object_repr": "ACD-ACC-PC-05 (B74QYP3)", "action_flag": 3, "change_message": ""}}, {"model": "admin.logentry", "pk": 124, "fields": {"action_time": "2025-05-20T08:01:13.385Z", "user": 1, "content_type": 8, "object_id": "48", "object_repr": "ACD-HR-lap-01 (6K4YHX3)", "action_flag": 3, "change_message": ""}}, {"model": "admin.logentry", "pk": 125, "fields": {"action_time": "2025-05-20T08:01:13.385Z", "user": 1, "content_type": 8, "object_id": "45", "object_repr": "ACD-MANGER-01 (5TPVML3)", "action_flag": 3, "change_message": ""}}, {"model": "admin.logentry", "pk": 126, "fields": {"action_time": "2025-05-20T08:01:13.385Z", "user": 1, "content_type": 8, "object_id": "46", "object_repr": "ACD-MANGER-02 (5RPVML3)", "action_flag": 3, "change_message": ""}}, {"model": "admin.logentry", "pk": 127, "fields": {"action_time": "2025-05-20T08:01:13.385Z", "user": 1, "content_type": 8, "object_id": "49", "object_repr": "ACD-MTN-lap-02 (4R3YHX3)", "action_flag": 3, "change_message": ""}}, {"model": "admin.logentry", "pk": 128, "fields": {"action_time": "2025-05-20T08:01:13.385Z", "user": 1, "content_type": 8, "object_id": "51", "object_repr": "ACD-OSH-Lap-01 (GL3YHX3)", "action_flag": 3, "change_message": ""}}, {"model": "admin.logentry", "pk": 129, "fields": {"action_time": "2025-05-20T08:01:13.385Z", "user": 1, "content_type": 8, "object_id": "53", "object_repr": "ACD-PDC-PC-01 (9VP6CR3)", "action_flag": 3, "change_message": ""}}, {"model": "admin.logentry", "pk": 130, "fields": {"action_time": "2025-05-20T08:01:13.385Z", "user": 1, "content_type": 8, "object_id": "50", "object_repr": "ACD-PUR-lap-01 (6M4YHX3)", "action_flag": 3, "change_message": ""}}, {"model": "admin.logentry", "pk": 131, "fields": {"action_time": "2025-05-20T08:01:13.385Z", "user": 1, "content_type": 8, "object_id": "66", "object_repr": "Canon MF3010 (YNk40521)", "action_flag": 3, "change_message": ""}}, {"model": "admin.logentry", "pk": 132, "fields": {"action_time": "2025-05-20T08:01:13.385Z", "user": 1, "content_type": 8, "object_id": "65", "object_repr": "Canon MF3010 (YNK25219)", "action_flag": 3, "change_message": ""}}, {"model": "admin.logentry", "pk": 133, "fields": {"action_time": "2025-05-20T08:01:13.385Z", "user": 1, "content_type": 8, "object_id": "71", "object_repr": "Canon mf453dw (3ZJ23511)", "action_flag": 3, "change_message": ""}}, {"model": "admin.logentry", "pk": 134, "fields": {"action_time": "2025-05-20T08:01:13.385Z", "user": 1, "content_type": 8, "object_id": "70", "object_repr": "Canon mf453dw (3Z17018)", "action_flag": 3, "change_message": ""}}, {"model": "admin.logentry", "pk": 135, "fields": {"action_time": "2025-05-20T08:01:13.385Z", "user": 1, "content_type": 8, "object_id": "69", "object_repr": "Canon mf453dw (3ZJ15587)", "action_flag": 3, "change_message": ""}}, {"model": "admin.logentry", "pk": 136, "fields": {"action_time": "2025-05-20T08:01:13.385Z", "user": 1, "content_type": 8, "object_id": "68", "object_repr": "Canon mf453dw (3ZJ13658)", "action_flag": 3, "change_message": ""}}, {"model": "admin.logentry", "pk": 137, "fields": {"action_time": "2025-05-20T08:01:13.385Z", "user": 1, "content_type": 8, "object_id": "67", "object_repr": "Canon mf453dw (3ZJ3663)", "action_flag": 3, "change_message": ""}}, {"model": "admin.logentry", "pk": 138, "fields": {"action_time": "2025-05-20T08:01:13.385Z", "user": 1, "content_type": 8, "object_id": "63", "object_repr": "CTP-ACC-lap-01 (4R1KCS3)", "action_flag": 3, "change_message": ""}}, {"model": "admin.logentry", "pk": 139, "fields": {"action_time": "2025-05-20T08:01:13.385Z", "user": 1, "content_type": 8, "object_id": "62", "object_repr": "CTP-ACC-lap-02 (7NXCBS3)", "action_flag": 3, "change_message": ""}}, {"model": "admin.logentry", "pk": 140, "fields": {"action_time": "2025-05-20T08:01:13.385Z", "user": 1, "content_type": 8, "object_id": "59", "object_repr": "CTP-HR-lap-01 (7RVPDS3)", "action_flag": 3, "change_message": ""}}, {"model": "admin.logentry", "pk": 141, "fields": {"action_time": "2025-05-20T08:01:13.385Z", "user": 1, "content_type": 8, "object_id": "57", "object_repr": "CTP-HR-lap-02 (7R3YHX3)", "action_flag": 3, "change_message": ""}}, {"model": "admin.logentry", "pk": 142, "fields": {"action_time": "2025-05-20T08:01:13.385Z", "user": 1, "content_type": 8, "object_id": "56", "object_repr": "CTP-IT-LAP-01 (4M3YHX3)", "action_flag": 3, "change_message": ""}}, {"model": "admin.logentry", "pk": 143, "fields": {"action_time": "2025-05-20T08:01:13.385Z", "user": 1, "content_type": 8, "object_id": "58", "object_repr": "CTP-MTN-lap-02 (FT3YHX3)", "action_flag": 3, "change_message": ""}}, {"model": "admin.logentry", "pk": 144, "fields": {"action_time": "2025-05-20T08:01:13.385Z", "user": 1, "content_type": 8, "object_id": "64", "object_repr": "CTP-PDC-lap-01 (JM3YHX3)", "action_flag": 3, "change_message": ""}}, {"model": "admin.logentry", "pk": 145, "fields": {"action_time": "2025-05-20T08:01:13.385Z", "user": 1, "content_type": 8, "object_id": "60", "object_repr": "CTP-PDC-lap-02 (3SVPDS3)", "action_flag": 3, "change_message": ""}}, {"model": "admin.logentry", "pk": 146, "fields": {"action_time": "2025-05-20T08:01:13.385Z", "user": 1, "content_type": 8, "object_id": "61", "object_repr": "CTP-PUR-lap-01 (DMXCBS3)", "action_flag": 3, "change_message": ""}}, {"model": "admin.logentry", "pk": 147, "fields": {"action_time": "2025-05-20T08:01:13.385Z", "user": 1, "content_type": 8, "object_id": "55", "object_repr": "CTP-PUR-lap-02 (HNXCBS3)", "action_flag": 3, "change_message": ""}}, {"model": "admin.logentry", "pk": 148, "fields": {"action_time": "2025-05-20T08:01:13.385Z", "user": 1, "content_type": 8, "object_id": "43", "object_repr": "CTP-Quality-lap-02 (4PVPDS3)", "action_flag": 3, "change_message": ""}}, {"model": "admin.logentry", "pk": 149, "fields": {"action_time": "2025-05-20T08:01:13.385Z", "user": 1, "content_type": 8, "object_id": "47", "object_repr": "CTP-WH-Laptop (4L3YHX3)", "action_flag": 3, "change_message": ""}}, {"model": "admin.logentry", "pk": 150, "fields": {"action_time": "2025-05-20T08:01:13.385Z", "user": 1, "content_type": 8, "object_id": "54", "object_repr": "Server-CTP-ACD (2S3QYP3)", "action_flag": 3, "change_message": ""}}, {"model": "admin.logentry", "pk": 151, "fields": {"action_time": "2025-05-20T08:04:43.481Z", "user": 1, "content_type": 8, "object_id": "73", "object_repr": "ACD-ACC-lap-01 (1N3YHX3)", "action_flag": 3, "change_message": ""}}, {"model": "admin.logentry", "pk": 152, "fields": {"action_time": "2025-05-20T08:04:43.481Z", "user": 1, "content_type": 8, "object_id": "85", "object_repr": "ACD-ACC-lap-03 (2S3YHX3)", "action_flag": 3, "change_message": ""}}, {"model": "admin.logentry", "pk": 153, "fields": {"action_time": "2025-05-20T08:04:43.481Z", "user": 1, "content_type": 8, "object_id": "81", "object_repr": "ACD-ACC-PC-05 (B74QYP3)", "action_flag": 3, "change_message": ""}}, {"model": "admin.logentry", "pk": 154, "fields": {"action_time": "2025-05-20T08:04:43.481Z", "user": 1, "content_type": 8, "object_id": "77", "object_repr": "ACD-HR-lap-01 (6K4YHX3)", "action_flag": 3, "change_message": ""}}, {"model": "admin.logentry", "pk": 155, "fields": {"action_time": "2025-05-20T08:04:43.481Z", "user": 1, "content_type": 8, "object_id": "74", "object_repr": "ACD-MANGER-01 (5TPVML3)", "action_flag": 3, "change_message": ""}}, {"model": "admin.logentry", "pk": 156, "fields": {"action_time": "2025-05-20T08:04:43.481Z", "user": 1, "content_type": 8, "object_id": "75", "object_repr": "ACD-MANGER-02 (5RPVML3)", "action_flag": 3, "change_message": ""}}, {"model": "admin.logentry", "pk": 157, "fields": {"action_time": "2025-05-20T08:04:43.481Z", "user": 1, "content_type": 8, "object_id": "78", "object_repr": "ACD-MTN-lap-02 (4R3YHX3)", "action_flag": 3, "change_message": ""}}, {"model": "admin.logentry", "pk": 158, "fields": {"action_time": "2025-05-20T08:04:43.481Z", "user": 1, "content_type": 8, "object_id": "80", "object_repr": "ACD-OSH-Lap-01 (GL3YHX3)", "action_flag": 3, "change_message": ""}}, {"model": "admin.logentry", "pk": 159, "fields": {"action_time": "2025-05-20T08:04:43.481Z", "user": 1, "content_type": 8, "object_id": "82", "object_repr": "ACD-PDC-PC-01 (9VP6CR3)", "action_flag": 3, "change_message": ""}}, {"model": "admin.logentry", "pk": 160, "fields": {"action_time": "2025-05-20T08:04:43.481Z", "user": 1, "content_type": 8, "object_id": "79", "object_repr": "ACD-PUR-lap-01 (6M4YHX3)", "action_flag": 3, "change_message": ""}}, {"model": "admin.logentry", "pk": 161, "fields": {"action_time": "2025-05-20T08:04:43.481Z", "user": 1, "content_type": 8, "object_id": "98", "object_repr": "Canon MF3010 (YNk40521)", "action_flag": 3, "change_message": ""}}, {"model": "admin.logentry", "pk": 162, "fields": {"action_time": "2025-05-20T08:04:43.481Z", "user": 1, "content_type": 8, "object_id": "97", "object_repr": "Canon MF3010 (YNK25219)", "action_flag": 3, "change_message": ""}}, {"model": "admin.logentry", "pk": 163, "fields": {"action_time": "2025-05-20T08:04:43.481Z", "user": 1, "content_type": 8, "object_id": "103", "object_repr": "Canon mf453dw (3ZJ23511)", "action_flag": 3, "change_message": ""}}, {"model": "admin.logentry", "pk": 164, "fields": {"action_time": "2025-05-20T08:04:43.481Z", "user": 1, "content_type": 8, "object_id": "102", "object_repr": "Canon mf453dw (3Z17018)", "action_flag": 3, "change_message": ""}}, {"model": "admin.logentry", "pk": 165, "fields": {"action_time": "2025-05-20T08:04:43.481Z", "user": 1, "content_type": 8, "object_id": "101", "object_repr": "Canon mf453dw (3ZJ15587)", "action_flag": 3, "change_message": ""}}, {"model": "admin.logentry", "pk": 166, "fields": {"action_time": "2025-05-20T08:04:43.481Z", "user": 1, "content_type": 8, "object_id": "100", "object_repr": "Canon mf453dw (3ZJ13658)", "action_flag": 3, "change_message": ""}}, {"model": "admin.logentry", "pk": 167, "fields": {"action_time": "2025-05-20T08:04:43.481Z", "user": 1, "content_type": 8, "object_id": "99", "object_repr": "Canon mf453dw (3ZJ3663)", "action_flag": 3, "change_message": ""}}, {"model": "admin.logentry", "pk": 168, "fields": {"action_time": "2025-05-20T08:04:43.481Z", "user": 1, "content_type": 8, "object_id": "94", "object_repr": "CTP-ACC-lap-01 (4R1KCS3)", "action_flag": 3, "change_message": ""}}, {"model": "admin.logentry", "pk": 169, "fields": {"action_time": "2025-05-20T08:04:43.481Z", "user": 1, "content_type": 8, "object_id": "93", "object_repr": "CTP-ACC-lap-02 (7NXCBS3)", "action_flag": 3, "change_message": ""}}, {"model": "admin.logentry", "pk": 170, "fields": {"action_time": "2025-05-20T08:04:43.481Z", "user": 1, "content_type": 8, "object_id": "95", "object_repr": "CTP-ACC-lap-03 (2N3YHX3)", "action_flag": 3, "change_message": ""}}, {"model": "admin.logentry", "pk": 171, "fields": {"action_time": "2025-05-20T08:04:43.481Z", "user": 1, "content_type": 8, "object_id": "90", "object_repr": "CTP-HR-lap-01 (7RVPDS3)", "action_flag": 3, "change_message": ""}}, {"model": "admin.logentry", "pk": 172, "fields": {"action_time": "2025-05-20T08:04:43.481Z", "user": 1, "content_type": 8, "object_id": "87", "object_repr": "CTP-HR-lap-02 (7R3YHX3)", "action_flag": 3, "change_message": ""}}, {"model": "admin.logentry", "pk": 173, "fields": {"action_time": "2025-05-20T08:04:43.481Z", "user": 1, "content_type": 8, "object_id": "86", "object_repr": "CTP-IT-LAP-01 (4M3YHX3)", "action_flag": 3, "change_message": ""}}, {"model": "admin.logentry", "pk": 174, "fields": {"action_time": "2025-05-20T08:04:43.481Z", "user": 1, "content_type": 8, "object_id": "88", "object_repr": "CTP-MTN-lap-02 (FT3YHX3)", "action_flag": 3, "change_message": ""}}, {"model": "admin.logentry", "pk": 175, "fields": {"action_time": "2025-05-20T08:04:43.481Z", "user": 1, "content_type": 8, "object_id": "96", "object_repr": "CTP-PDC-lap-01 (JM3YHX3)", "action_flag": 3, "change_message": ""}}, {"model": "admin.logentry", "pk": 176, "fields": {"action_time": "2025-05-20T08:04:43.481Z", "user": 1, "content_type": 8, "object_id": "91", "object_repr": "CTP-PDC-lap-02 (3SVPDS3)", "action_flag": 3, "change_message": ""}}, {"model": "admin.logentry", "pk": 177, "fields": {"action_time": "2025-05-20T08:04:43.481Z", "user": 1, "content_type": 8, "object_id": "92", "object_repr": "CTP-PUR-lap-01 (DMXCBS3)", "action_flag": 3, "change_message": ""}}, {"model": "admin.logentry", "pk": 178, "fields": {"action_time": "2025-05-20T08:04:43.481Z", "user": 1, "content_type": 8, "object_id": "84", "object_repr": "CTP-PUR-lap-02 (HNXCBS3)", "action_flag": 3, "change_message": ""}}, {"model": "admin.logentry", "pk": 179, "fields": {"action_time": "2025-05-20T08:04:43.481Z", "user": 1, "content_type": 8, "object_id": "89", "object_repr": "CTP-Quality-lap-01 (2P1KCS3)", "action_flag": 3, "change_message": ""}}, {"model": "admin.logentry", "pk": 180, "fields": {"action_time": "2025-05-20T08:04:43.481Z", "user": 1, "content_type": 8, "object_id": "72", "object_repr": "CTP-Quality-lap-02 (4PVPDS3)", "action_flag": 3, "change_message": ""}}, {"model": "admin.logentry", "pk": 181, "fields": {"action_time": "2025-05-20T08:04:43.481Z", "user": 1, "content_type": 8, "object_id": "76", "object_repr": "CTP-WH-Laptop (4L3YHX3)", "action_flag": 3, "change_message": ""}}, {"model": "admin.logentry", "pk": 182, "fields": {"action_time": "2025-05-20T08:04:43.481Z", "user": 1, "content_type": 8, "object_id": "83", "object_repr": "Server-CTP-ACD (2S3QYP3)", "action_flag": 3, "change_message": ""}}, {"model": "admin.logentry", "pk": 183, "fields": {"action_time": "2025-05-20T08:58:49.671Z", "user": 1, "content_type": 11, "object_id": "8", "object_repr": "Other", "action_flag": 3, "change_message": ""}}, {"model": "admin.logentry", "pk": 184, "fields": {"action_time": "2025-05-20T08:59:21.694Z", "user": 1, "content_type": 11, "object_id": "9", "object_repr": "firewall", "action_flag": 1, "change_message": "[{\"added\": {}}]"}}, {"model": "admin.logentry", "pk": 185, "fields": {"action_time": "2025-05-20T08:59:46.371Z", "user": 1, "content_type": 11, "object_id": "10", "object_repr": "switch", "action_flag": 1, "change_message": "[{\"added\": {}}]"}}, {"model": "admin.logentry", "pk": 186, "fields": {"action_time": "2025-05-20T09:00:08.461Z", "user": 1, "content_type": 11, "object_id": "11", "object_repr": "dvr", "action_flag": 1, "change_message": "[{\"added\": {}}]"}}, {"model": "admin.logentry", "pk": 187, "fields": {"action_time": "2025-05-20T09:00:39.405Z", "user": 1, "content_type": 11, "object_id": "12", "object_repr": "camera security", "action_flag": 1, "change_message": "[{\"added\": {}}]"}}, {"model": "admin.logentry", "pk": 188, "fields": {"action_time": "2025-05-20T09:02:32.627Z", "user": 1, "content_type": 9, "object_id": "2", "object_repr": "HR", "action_flag": 3, "change_message": ""}}, {"model": "admin.logentry", "pk": 189, "fields": {"action_time": "2025-05-20T09:04:56.004Z", "user": 1, "content_type": 11, "object_id": "13", "object_repr": "access point", "action_flag": 1, "change_message": "[{\"added\": {}}]"}}, {"model": "admin.logentry", "pk": 190, "fields": {"action_time": "2025-05-20T09:10:17.980Z", "user": 1, "content_type": 11, "object_id": "14", "object_repr": "fingerprint", "action_flag": 1, "change_message": "[{\"added\": {}}]"}}, {"model": "admin.logentry", "pk": 191, "fields": {"action_time": "2025-05-20T09:11:07.545Z", "user": 1, "content_type": 11, "object_id": "15", "object_repr": "backpage laptop", "action_flag": 1, "change_message": "[{\"added\": {}}]"}}, {"model": "admin.logentry", "pk": 192, "fields": {"action_time": "2025-05-20T09:14:31.750Z", "user": 1, "content_type": 11, "object_id": "16", "object_repr": "Physical Servers", "action_flag": 1, "change_message": "[{\"added\": {}}]"}}, {"model": "admin.logentry", "pk": 193, "fields": {"action_time": "2025-05-20T09:14:56.927Z", "user": 1, "content_type": 11, "object_id": "17", "object_repr": "Routers", "action_flag": 1, "change_message": "[{\"added\": {}}]"}}, {"model": "admin.logentry", "pk": 194, "fields": {"action_time": "2025-05-20T09:15:18.948Z", "user": 1, "content_type": 11, "object_id": "18", "object_repr": "Modems", "action_flag": 1, "change_message": "[{\"added\": {}}]"}}, {"model": "admin.logentry", "pk": 195, "fields": {"action_time": "2025-05-20T09:15:41.398Z", "user": 1, "content_type": 11, "object_id": "19", "object_repr": "Network Cables", "action_flag": 1, "change_message": "[{\"added\": {}}]"}}, {"model": "admin.logentry", "pk": 196, "fields": {"action_time": "2025-05-20T09:15:59.556Z", "user": 1, "content_type": 11, "object_id": "20", "object_repr": "Patch Panels", "action_flag": 1, "change_message": "[{\"added\": {}}]"}}, {"model": "admin.logentry", "pk": 197, "fields": {"action_time": "2025-05-20T09:16:17.860Z", "user": 1, "content_type": 11, "object_id": "21", "object_repr": "Racks", "action_flag": 1, "change_message": "[{\"added\": {}}]"}}, {"model": "admin.logentry", "pk": 198, "fields": {"action_time": "2025-05-20T09:17:19.236Z", "user": 1, "content_type": 11, "object_id": "22", "object_repr": "IP Phones", "action_flag": 1, "change_message": "[{\"added\": {}}]"}}, {"model": "admin.logentry", "pk": 199, "fields": {"action_time": "2025-05-20T09:17:49.986Z", "user": 1, "content_type": 11, "object_id": "23", "object_repr": "Time Attendance", "action_flag": 1, "change_message": "[{\"added\": {}}]"}}, {"model": "admin.logentry", "pk": 200, "fields": {"action_time": "2025-05-20T09:18:02.357Z", "user": 1, "content_type": 11, "object_id": "14", "object_repr": "fingerprint", "action_flag": 3, "change_message": ""}}, {"model": "admin.logentry", "pk": 201, "fields": {"action_time": "2025-05-20T09:18:34.366Z", "user": 1, "content_type": 11, "object_id": "24", "object_repr": "Keyboards", "action_flag": 1, "change_message": "[{\"added\": {}}]"}}, {"model": "admin.logentry", "pk": 202, "fields": {"action_time": "2025-05-20T09:19:25.180Z", "user": 1, "content_type": 11, "object_id": "25", "object_repr": "Mouse", "action_flag": 1, "change_message": "[{\"added\": {}}]"}}, {"model": "auth.permission", "pk": 1, "fields": {"name": "Can add log entry", "content_type": 1, "codename": "add_logentry"}}, {"model": "auth.permission", "pk": 2, "fields": {"name": "Can change log entry", "content_type": 1, "codename": "change_logentry"}}, {"model": "auth.permission", "pk": 3, "fields": {"name": "Can delete log entry", "content_type": 1, "codename": "delete_logentry"}}, {"model": "auth.permission", "pk": 4, "fields": {"name": "Can view log entry", "content_type": 1, "codename": "view_logentry"}}, {"model": "auth.permission", "pk": 5, "fields": {"name": "Can add permission", "content_type": 2, "codename": "add_permission"}}, {"model": "auth.permission", "pk": 6, "fields": {"name": "Can change permission", "content_type": 2, "codename": "change_permission"}}, {"model": "auth.permission", "pk": 7, "fields": {"name": "Can delete permission", "content_type": 2, "codename": "delete_permission"}}, {"model": "auth.permission", "pk": 8, "fields": {"name": "Can view permission", "content_type": 2, "codename": "view_permission"}}, {"model": "auth.permission", "pk": 9, "fields": {"name": "Can add group", "content_type": 3, "codename": "add_group"}}, {"model": "auth.permission", "pk": 10, "fields": {"name": "Can change group", "content_type": 3, "codename": "change_group"}}, {"model": "auth.permission", "pk": 11, "fields": {"name": "Can delete group", "content_type": 3, "codename": "delete_group"}}, {"model": "auth.permission", "pk": 12, "fields": {"name": "Can view group", "content_type": 3, "codename": "view_group"}}, {"model": "auth.permission", "pk": 13, "fields": {"name": "Can add user", "content_type": 4, "codename": "add_user"}}, {"model": "auth.permission", "pk": 14, "fields": {"name": "Can change user", "content_type": 4, "codename": "change_user"}}, {"model": "auth.permission", "pk": 15, "fields": {"name": "Can delete user", "content_type": 4, "codename": "delete_user"}}, {"model": "auth.permission", "pk": 16, "fields": {"name": "Can view user", "content_type": 4, "codename": "view_user"}}, {"model": "auth.permission", "pk": 17, "fields": {"name": "Can add content type", "content_type": 5, "codename": "add_contenttype"}}, {"model": "auth.permission", "pk": 18, "fields": {"name": "Can change content type", "content_type": 5, "codename": "change_contenttype"}}, {"model": "auth.permission", "pk": 19, "fields": {"name": "Can delete content type", "content_type": 5, "codename": "delete_contenttype"}}, {"model": "auth.permission", "pk": 20, "fields": {"name": "Can view content type", "content_type": 5, "codename": "view_contenttype"}}, {"model": "auth.permission", "pk": 21, "fields": {"name": "Can add session", "content_type": 6, "codename": "add_session"}}, {"model": "auth.permission", "pk": 22, "fields": {"name": "Can change session", "content_type": 6, "codename": "change_session"}}, {"model": "auth.permission", "pk": 23, "fields": {"name": "Can delete session", "content_type": 6, "codename": "delete_session"}}, {"model": "auth.permission", "pk": 24, "fields": {"name": "Can view session", "content_type": 6, "codename": "view_session"}}, {"model": "auth.permission", "pk": 25, "fields": {"name": "Can add Employee", "content_type": 7, "codename": "add_employee"}}, {"model": "auth.permission", "pk": 26, "fields": {"name": "Can change Employee", "content_type": 7, "codename": "change_employee"}}, {"model": "auth.permission", "pk": 27, "fields": {"name": "Can delete Employee", "content_type": 7, "codename": "delete_employee"}}, {"model": "auth.permission", "pk": 28, "fields": {"name": "Can view Employee", "content_type": 7, "codename": "view_employee"}}, {"model": "auth.permission", "pk": 29, "fields": {"name": "Can add IT Asset", "content_type": 8, "codename": "add_itasset"}}, {"model": "auth.permission", "pk": 30, "fields": {"name": "Can change IT Asset", "content_type": 8, "codename": "change_itasset"}}, {"model": "auth.permission", "pk": 31, "fields": {"name": "Can delete IT Asset", "content_type": 8, "codename": "delete_itasset"}}, {"model": "auth.permission", "pk": 32, "fields": {"name": "Can view IT Asset", "content_type": 8, "codename": "view_itasset"}}, {"model": "auth.permission", "pk": 33, "fields": {"name": "Can add Department", "content_type": 9, "codename": "add_department"}}, {"model": "auth.permission", "pk": 34, "fields": {"name": "Can change Department", "content_type": 9, "codename": "change_department"}}, {"model": "auth.permission", "pk": 35, "fields": {"name": "Can delete Department", "content_type": 9, "codename": "delete_department"}}, {"model": "auth.permission", "pk": 36, "fields": {"name": "Can view Department", "content_type": 9, "codename": "view_department"}}, {"model": "auth.permission", "pk": 37, "fields": {"name": "Can add position", "content_type": 10, "codename": "add_position"}}, {"model": "auth.permission", "pk": 38, "fields": {"name": "Can change position", "content_type": 10, "codename": "change_position"}}, {"model": "auth.permission", "pk": 39, "fields": {"name": "Can delete position", "content_type": 10, "codename": "delete_position"}}, {"model": "auth.permission", "pk": 40, "fields": {"name": "Can view position", "content_type": 10, "codename": "view_position"}}, {"model": "auth.permission", "pk": 41, "fields": {"name": "Can add Asset Type", "content_type": 11, "codename": "add_assettype"}}, {"model": "auth.permission", "pk": 42, "fields": {"name": "Can change Asset Type", "content_type": 11, "codename": "change_assettype"}}, {"model": "auth.permission", "pk": 43, "fields": {"name": "Can delete Asset Type", "content_type": 11, "codename": "delete_assettype"}}, {"model": "auth.permission", "pk": 44, "fields": {"name": "Can view Asset Type", "content_type": 11, "codename": "view_assettype"}}, {"model": "auth.permission", "pk": 45, "fields": {"name": "Can add Owner Company", "content_type": 12, "codename": "add_ownercompany"}}, {"model": "auth.permission", "pk": 46, "fields": {"name": "Can change Owner Company", "content_type": 12, "codename": "change_ownercompany"}}, {"model": "auth.permission", "pk": 47, "fields": {"name": "Can delete Owner Company", "content_type": 12, "codename": "delete_ownercompany"}}, {"model": "auth.permission", "pk": 48, "fields": {"name": "Can view Owner Company", "content_type": 12, "codename": "view_ownercompany"}}, {"model": "auth.permission", "pk": 49, "fields": {"name": "Can add Asset History", "content_type": 13, "codename": "add_assethistory"}}, {"model": "auth.permission", "pk": 50, "fields": {"name": "Can change Asset History", "content_type": 13, "codename": "change_assethistory"}}, {"model": "auth.permission", "pk": 51, "fields": {"name": "Can delete Asset History", "content_type": 13, "codename": "delete_assethistory"}}, {"model": "auth.permission", "pk": 52, "fields": {"name": "Can view Asset History", "content_type": 13, "codename": "view_assethistory"}}, {"model": "auth.permission", "pk": 53, "fields": {"name": "Can add Notification", "content_type": 14, "codename": "add_notification"}}, {"model": "auth.permission", "pk": 54, "fields": {"name": "Can change Notification", "content_type": 14, "codename": "change_notification"}}, {"model": "auth.permission", "pk": 55, "fields": {"name": "Can delete Notification", "content_type": 14, "codename": "delete_notification"}}, {"model": "auth.permission", "pk": 56, "fields": {"name": "Can view Notification", "content_type": 14, "codename": "view_notification"}}, {"model": "auth.permission", "pk": 57, "fields": {"name": "Can add Workflow Request", "content_type": 15, "codename": "add_workflowrequest"}}, {"model": "auth.permission", "pk": 58, "fields": {"name": "Can change Workflow Request", "content_type": 15, "codename": "change_workflowrequest"}}, {"model": "auth.permission", "pk": 59, "fields": {"name": "Can delete Workflow Request", "content_type": 15, "codename": "delete_workflowrequest"}}, {"model": "auth.permission", "pk": 60, "fields": {"name": "Can view Workflow Request", "content_type": 15, "codename": "view_workflowrequest"}}, {"model": "auth.permission", "pk": 61, "fields": {"name": "Can add User Profile", "content_type": 16, "codename": "add_userprofile"}}, {"model": "auth.permission", "pk": 62, "fields": {"name": "Can change User Profile", "content_type": 16, "codename": "change_userprofile"}}, {"model": "auth.permission", "pk": 63, "fields": {"name": "Can delete User Profile", "content_type": 16, "codename": "delete_userprofile"}}, {"model": "auth.permission", "pk": 64, "fields": {"name": "Can view User Profile", "content_type": 16, "codename": "view_userprofile"}}, {"model": "auth.permission", "pk": 65, "fields": {"name": "Can add Company", "content_type": 17, "codename": "add_company"}}, {"model": "auth.permission", "pk": 66, "fields": {"name": "Can change Company", "content_type": 17, "codename": "change_company"}}, {"model": "auth.permission", "pk": 67, "fields": {"name": "Can delete Company", "content_type": 17, "codename": "delete_company"}}, {"model": "auth.permission", "pk": 68, "fields": {"name": "Can view Company", "content_type": 17, "codename": "view_company"}}, {"model": "auth.permission", "pk": 69, "fields": {"name": "Can add Device History", "content_type": 18, "codename": "add_devicehistory"}}, {"model": "auth.permission", "pk": 70, "fields": {"name": "Can change Device History", "content_type": 18, "codename": "change_devicehistory"}}, {"model": "auth.permission", "pk": 71, "fields": {"name": "Can delete Device History", "content_type": 18, "codename": "delete_devicehistory"}}, {"model": "auth.permission", "pk": 72, "fields": {"name": "Can view Device History", "content_type": 18, "codename": "view_devicehistory"}}, {"model": "auth.permission", "pk": 73, "fields": {"name": "Can add Notification Category", "content_type": 19, "codename": "add_notificationcategory"}}, {"model": "auth.permission", "pk": 74, "fields": {"name": "Can change Notification Category", "content_type": 19, "codename": "change_notificationcategory"}}, {"model": "auth.permission", "pk": 75, "fields": {"name": "Can delete Notification Category", "content_type": 19, "codename": "delete_notificationcategory"}}, {"model": "auth.permission", "pk": 76, "fields": {"name": "Can view Notification Category", "content_type": 19, "codename": "view_notificationcategory"}}, {"model": "auth.group", "pk": 1, "fields": {"name": "Admin", "permissions": [1, 2, 3, 4, 9, 10, 11, 12, 5, 6, 7, 8, 13, 14, 15, 16, 17, 18, 19, 20, 49, 50, 51, 52, 41, 42, 43, 44, 65, 66, 67, 68, 33, 34, 35, 36, 69, 70, 71, 72, 25, 26, 27, 28, 29, 30, 31, 32, 53, 54, 55, 56, 73, 74, 75, 76, 45, 46, 47, 48, 37, 38, 39, 40, 61, 62, 63, 64, 57, 58, 59, 60, 21, 22, 23, 24]}}, {"model": "auth.group", "pk": 2, "fields": {"name": "IT Support", "permissions": [49, 50, 51, 52, 41, 42, 43, 44, 33, 34, 35, 36, 25, 26, 27, 28, 29, 30, 31, 32, 53, 54, 55, 56, 37, 38, 39, 40]}}, {"model": "auth.group", "pk": 3, "fields": {"name": "Technician", "permissions": [49, 52, 30, 32]}}, {"model": "auth.group", "pk": 4, "fields": {"name": "System Administrator", "permissions": [1, 2, 3, 4, 9, 10, 11, 12, 5, 6, 7, 8, 13, 14, 15, 16, 17, 18, 19, 20, 49, 50, 51, 52, 41, 42, 43, 44, 65, 66, 67, 68, 33, 34, 35, 36, 69, 70, 71, 72, 25, 26, 27, 28, 29, 30, 31, 32, 53, 54, 55, 56, 73, 74, 75, 76, 45, 46, 47, 48, 37, 38, 39, 40, 61, 62, 63, 64, 57, 58, 59, 60, 21, 22, 23, 24]}}, {"model": "auth.group", "pk": 5, "fields": {"name": "System Admin", "permissions": [49, 50, 52, 41, 42, 44, 33, 34, 36, 25, 26, 28, 29, 30, 32, 53, 54, 56, 37, 38, 40]}}, {"model": "auth.group", "pk": 6, "fields": {"name": "Help Desk", "permissions": [49, 50, 52, 28, 32, 53, 56]}}, {"model": "auth.user", "pk": 1, "fields": {"password": "pbkdf2_sha256$870000$99V7Rg2A8dMfqWEAgFAiYp$YYHJz8jzTwFANqecWPU18SilliPNfKq3PI5Emhwi4u4=", "last_login": "2025-06-01T09:50:06.718Z", "is_superuser": true, "username": "admin", "first_name": "", "last_name": "", "email": "", "is_staff": true, "is_active": true, "date_joined": "2025-05-20T05:37:27.573Z", "groups": [1], "user_permissions": []}}, {"model": "auth.user", "pk": 2, "fields": {"password": "pbkdf2_sha256$1000000$QyVY96kBJi0n1YByPUZkqI$f/S5i28VAQmdqojBXGLAU+FEzSaNWk41mzpX4Xa92pc=", "last_login": "2025-06-04T05:48:54.386Z", "is_superuser": true, "username": "ragab-adel", "first_name": "", "last_name": "", "email": "", "is_staff": true, "is_active": true, "date_joined": "2025-05-25T11:21:12.026Z", "groups": [1], "user_permissions": []}}, {"model": "auth.user", "pk": 3, "fields": {"password": "pbkdf2_sha256$870000$eGi5dvkEOocsA0LtzhJR09$bxP9XvJ+pqdhKE141pyGXbGUO85ruVNyX1IPOo+h5+w=", "last_login": null, "is_superuser": false, "username": "it_support", "first_name": "IT", "last_name": "Support", "email": "it.support@example.com", "is_staff": true, "is_active": true, "date_joined": "2025-05-26T10:21:14.196Z", "groups": [2], "user_permissions": []}}, {"model": "auth.user", "pk": 4, "fields": {"password": "pbkdf2_sha256$870000$MQXABtDaC2ecVcSTbJ8eM4$Y7NqJMzkle1lNDCYYydGZ9aLdGFm3S8zcnMr0gfuy04=", "last_login": null, "is_superuser": false, "username": "technician", "first_name": "System", "last_name": "Technician", "email": "technician@example.com", "is_staff": true, "is_active": true, "date_joined": "2025-05-26T10:21:14.566Z", "groups": [3], "user_permissions": []}}, {"model": "auth.user", "pk": 5, "fields": {"password": "pbkdf2_sha256$870000$3VBa7PF8zOXtYN1EmDZXm0$ePXLhlQ0I8Nm0Fr6lTwLrs6bm5OskL5XBdCSiewpNtU=", "last_login": "2025-05-27T05:56:12.645Z", "is_superuser": false, "username": "sys_administrator", "first_name": "System", "last_name": "Administrator", "email": "sys.administrator@example.com", "is_staff": true, "is_active": true, "date_joined": "2025-05-26T10:21:14.884Z", "groups": [4], "user_permissions": []}}, {"model": "auth.user", "pk": 6, "fields": {"password": "pbkdf2_sha256$870000$fnVKAlXwE4aE9yVIHQ5Dpm$SdjKL2KoKukbSnvGDA4lZoIDmkd9SqKSOln7+KMIKe8=", "last_login": "2025-05-26T11:21:04.460Z", "is_superuser": false, "username": "sys_admin", "first_name": "System", "last_name": "Admin", "email": "sys.admin@example.com", "is_staff": true, "is_active": true, "date_joined": "2025-05-26T10:21:15.198Z", "groups": [5], "user_permissions": []}}, {"model": "auth.user", "pk": 7, "fields": {"password": "pbkdf2_sha256$870000$liWulG9EaL3h4D8pAchK3h$0UEsLmpawov1GEzfk2kIad63sjeoslKQuSlY3ZRSRLI=", "last_login": "2025-05-26T15:26:26.179Z", "is_superuser": false, "username": "helpdesk", "first_name": "Help", "last_name": "Desk", "email": "helpdesk@example.com", "is_staff": true, "is_active": true, "date_joined": "2025-05-26T10:21:15.513Z", "groups": [6], "user_permissions": []}}, {"model": "auth.user", "pk": 8, "fields": {"password": "pbkdf2_sha256$870000$gjoAr0aNXBQ5lXSWp5l6vx$rMgQV2UrClgnjpjuUdQQV4jvGAuGH5yAavH7ZEjFiaw=", "last_login": null, "is_superuser": true, "username": "sysadmin", "first_name": "System", "last_name": "Administrator", "email": "sysadmin@company.com", "is_staff": true, "is_active": true, "date_joined": "2025-05-26T10:53:12.832Z", "groups": [4], "user_permissions": []}}, {"model": "auth.user", "pk": 9, "fields": {"password": "pbkdf2_sha256$870000$iQfHKHUY6rRufnqWZ6CtXO$yZzqCPl4OGbU15CkIu4NpJxNfC6XJKCRMHLyNhRgpg0=", "last_login": null, "is_superuser": false, "username": "sysops", "first_name": "System", "last_name": "Operations", "email": "sysops@company.com", "is_staff": true, "is_active": true, "date_joined": "2025-05-26T10:54:06.374Z", "groups": [5], "user_permissions": []}}, {"model": "contenttypes.contenttype", "pk": 1, "fields": {"app_label": "admin", "model": "logentry"}}, {"model": "contenttypes.contenttype", "pk": 2, "fields": {"app_label": "auth", "model": "permission"}}, {"model": "contenttypes.contenttype", "pk": 3, "fields": {"app_label": "auth", "model": "group"}}, {"model": "contenttypes.contenttype", "pk": 4, "fields": {"app_label": "auth", "model": "user"}}, {"model": "contenttypes.contenttype", "pk": 5, "fields": {"app_label": "contenttypes", "model": "contenttype"}}, {"model": "contenttypes.contenttype", "pk": 6, "fields": {"app_label": "sessions", "model": "session"}}, {"model": "contenttypes.contenttype", "pk": 7, "fields": {"app_label": "inventory", "model": "employee"}}, {"model": "contenttypes.contenttype", "pk": 8, "fields": {"app_label": "inventory", "model": "itasset"}}, {"model": "contenttypes.contenttype", "pk": 9, "fields": {"app_label": "inventory", "model": "department"}}, {"model": "contenttypes.contenttype", "pk": 10, "fields": {"app_label": "inventory", "model": "position"}}, {"model": "contenttypes.contenttype", "pk": 11, "fields": {"app_label": "inventory", "model": "assettype"}}, {"model": "contenttypes.contenttype", "pk": 12, "fields": {"app_label": "inventory", "model": "ownercompany"}}, {"model": "contenttypes.contenttype", "pk": 13, "fields": {"app_label": "inventory", "model": "assethistory"}}, {"model": "contenttypes.contenttype", "pk": 14, "fields": {"app_label": "inventory", "model": "notification"}}, {"model": "contenttypes.contenttype", "pk": 15, "fields": {"app_label": "inventory", "model": "workflowrequest"}}, {"model": "contenttypes.contenttype", "pk": 16, "fields": {"app_label": "inventory", "model": "userprofile"}}, {"model": "contenttypes.contenttype", "pk": 17, "fields": {"app_label": "inventory", "model": "company"}}, {"model": "contenttypes.contenttype", "pk": 18, "fields": {"app_label": "inventory", "model": "devicehistory"}}, {"model": "contenttypes.contenttype", "pk": 19, "fields": {"app_label": "inventory", "model": "notificationcategory"}}, {"model": "sessions.session", "pk": "94qe0o0lqu9zt1q8bsmpktts23zfr0vo", "fields": {"session_data": ".eJxVjEEOwiAURO_C2hCgUMCl-56B_M8HqRpISrsy3t026UJ3k3lv5s0CbGsJW09LmIldmWKX3w4hPlM9AD2g3huPra7LjPxQ-Ek7nxql1-10_w4K9LKvkaQaQBjnyAiUSTuU5PUQnctCYxREXmXrQIMhTAg47snqMavobZLs8wXreThb:1uKF7n:0GgGseW6HZLaSaA6PoZektB-gYWmhR79pft5vnX2ri4", "expire_date": "2025-06-11T11:39:11.357Z"}}, {"model": "sessions.session", "pk": "audph8xqw7lkfdr4tnozvg9rric9gkly", "fields": {"session_data": ".eJxVjMEKwyAQRP_FcxGVxbg99t5vENdda9oSISan0H9vAjm0zG3em9lUTOtS49pljiOrq7Lq8ttRyi-ZDsDPND2azm1a5pH0oeiTdn1vLO_b6f4d1NTrvhZr9rBj8DYDobV28DKwQXSOkHIBExwXx0gIAchxMBg8mAwlsajPF8IcN2w:1uI473:pU9bbKcNAn-MbpzZEyE0JIngTjIP8RaXDjtE46x7nMQ", "expire_date": "2025-06-05T11:29:25.517Z"}}, {"model": "sessions.session", "pk": "fn2y3h2mw07l6i83t6b8qdmz562udyma", "fields": {"session_data": ".eJxVjEEOwiAURO_C2hCgUMCl-56B_M8HqRpISrsy3t026UJ3k3lv5s0CbGsJW09LmIldmWKX3w4hPlM9AD2g3huPra7LjPxQ-Ek7nxql1-10_w4K9LKvkaQaQBjnyAiUSTuU5PUQnctCYxREXmXrQIMhTAg47snqMavobZLs8wXreThb:1uKF5l:VbipTBwR1s7nvvgxnmXiSKlUuBKH8gT_QMuGgW1P3mM", "expire_date": "2025-06-11T11:37:05.660Z"}}, {"model": "sessions.session", "pk": "lequmxk7jth54r8ge9wxb2zlg696mbfq", "fields": {"session_data": ".eJxVjMEKwyAQRP_FcxGVxbg99t5vENdda9oSISan0H9vAjm0zG3em9lUTOtS49pljiOrq7Lq8ttRyi-ZDsDPND2azm1a5pH0oeiTdn1vLO_b6f4d1NTrvhZr9rBj8DYDobV28DKwQXSOkHIBExwXx0gIAchxMBg8mAwlsajPF8IcN2w:1uLfKQ:-314SmvqAE3-A3oIAYfR4O-XUZzn4BMUt6CAS-e8oQc", "expire_date": "2025-06-15T09:50:06.720Z"}}, {"model": "sessions.session", "pk": "teqobtd5mk8nuql7pjvw5ph79ellkatj", "fields": {"session_data": ".eJxVjMEKwyAQRP_FcxGVxbg99t5vENdda9oSISan0H9vAjm0zG3em9lUTOtS49pljiOrq7Lq8ttRyi-ZDsDPND2azm1a5pH0oeiTdn1vLO_b6f4d1NTrvhZr9rBj8DYDobV28DKwQXSOkHIBExwXx0gIAchxMBg8mAwlsajPF8IcN2w:1uLLFT:6wUiGUSuEn9vP9aMFd2k5C8QnxHzIllMLBgMWftp4kY", "expire_date": "2025-06-14T12:23:39.524Z"}}, {"model": "sessions.session", "pk": "vnazcbl5fil01wl3o98tvknojd9ybc37", "fields": {"session_data": ".eJxVjDsOwjAQBe_iGln4x9qU9JzB2vWucQAlUpxUiLtDpBTQvpl5L5VxXVpeu8x5YHVWVh1-N8LykHEDfMfxNukyjcs8kN4UvdOurxPL87K7fwcNe_vWJjKQRzkVSw4YrAkuVgzx6CQVqJFiCR7YRCvOJ3AWbQVv2AklNKTeH9wQN60:1uMgze:Io59bAz2BwwJzfKj5BFQVxG9K_td5gPD1hoCaDNIyk8", "expire_date": "2025-06-18T05:48:54.390Z"}}, {"model": "sessions.session", "pk": "z9tl7qhyiabpl4m77wjdzl08hkf1amps", "fields": {"session_data": ".eJxVjMEKwyAQRP_FcxGVxbg99t5vENdda9oSISan0H9vAjm0zG3em9lUTOtS49pljiOrq7Lq8ttRyi-ZDsDPND2azm1a5pH0oeiTdn1vLO_b6f4d1NTrvhZr9rBj8DYDobV28DKwQXSOkHIBExwXx0gIAchxMBg8mAwlsajPF8IcN2w:1uLOVI:uu_Y7oU1h9yu6DPPpFRUt34O5_aLWxc4jmSb8aIsErE", "expire_date": "2025-06-14T15:52:12.236Z"}}, {"model": "inventory.department", "pk": 1, "fields": {"name": "warehouse", "description": "Department of Warehouse", "created_at": "2025-05-20T05:35:13.191Z", "updated_at": "2025-05-20T05:35:13.191Z"}}, {"model": "inventory.department", "pk": 3, "fields": {"name": "procurement", "description": "Department of Procurement", "created_at": "2025-05-20T05:35:13.194Z", "updated_at": "2025-05-20T05:35:13.194Z"}}, {"model": "inventory.department", "pk": 4, "fields": {"name": "quality", "description": "Department of Quality", "created_at": "2025-05-20T05:35:13.195Z", "updated_at": "2025-05-20T05:35:13.195Z"}}, {"model": "inventory.department", "pk": 5, "fields": {"name": "finance", "description": "Department of Finance", "created_at": "2025-05-20T05:35:13.196Z", "updated_at": "2025-05-20T05:35:13.196Z"}}, {"model": "inventory.department", "pk": 6, "fields": {"name": "production", "description": "Department of Production", "created_at": "2025-05-20T05:35:13.198Z", "updated_at": "2025-05-20T05:35:13.198Z"}}, {"model": "inventory.department", "pk": 7, "fields": {"name": "maintenance", "description": "Department of Maintenance", "created_at": "2025-05-20T05:35:13.200Z", "updated_at": "2025-05-20T05:35:13.200Z"}}, {"model": "inventory.department", "pk": 8, "fields": {"name": "osh", "description": "Department of Occupational Safety and Health", "created_at": "2025-05-20T05:35:13.200Z", "updated_at": "2025-05-20T05:35:13.200Z"}}, {"model": "inventory.department", "pk": 9, "fields": {"name": "it", "description": "Department of IT", "created_at": "2025-05-20T05:35:13.201Z", "updated_at": "2025-05-20T05:35:13.201Z"}}, {"model": "inventory.department", "pk": 10, "fields": {"name": "HR", "description": "", "created_at": "2025-05-20T05:50:04.822Z", "updated_at": "2025-05-20T05:50:04.822Z"}}, {"model": "inventory.department", "pk": 11, "fields": {"name": "CTP Management", "description": "", "created_at": "2025-05-20T06:04:04.695Z", "updated_at": "2025-05-25T09:55:33.738Z"}}, {"model": "inventory.position", "pk": 1, "fields": {"name": "Quality Supervisor", "department": 4, "description": "", "created_at": "2025-05-20T05:44:23.686Z", "updated_at": "2025-05-20T05:44:23.686Z"}}, {"model": "inventory.position", "pk": 2, "fields": {"name": "Accountant", "department": 5, "description": "", "created_at": "2025-05-20T05:44:23.707Z", "updated_at": "2025-05-20T05:44:23.707Z"}}, {"model": "inventory.position", "pk": 3, "fields": {"name": "Stores Controller", "department": 1, "description": "", "created_at": "2025-05-20T05:44:23.713Z", "updated_at": "2025-05-20T05:44:23.713Z"}}, {"model": "inventory.position", "pk": 5, "fields": {"name": "Planning and Follow-up Technician", "department": 7, "description": "", "created_at": "2025-05-20T05:44:23.725Z", "updated_at": "2025-05-20T05:44:23.725Z"}}, {"model": "inventory.position", "pk": 6, "fields": {"name": "Occupational Health & Safety Manager", "department": 8, "description": "", "created_at": "2025-05-20T05:44:23.732Z", "updated_at": "2025-05-20T05:44:23.732Z"}}, {"model": "inventory.position", "pk": 7, "fields": {"name": "Accounts Manager", "department": 5, "description": "", "created_at": "2025-05-20T05:44:23.737Z", "updated_at": "2025-05-20T05:44:23.737Z"}}, {"model": "inventory.position", "pk": 8, "fields": {"name": "Quality Specialist", "department": 4, "description": "", "created_at": "2025-05-20T05:44:23.745Z", "updated_at": "2025-05-20T05:44:23.745Z"}}, {"model": "inventory.position", "pk": 9, "fields": {"name": "Production Data Entry Clerk", "department": 6, "description": "", "created_at": "2025-05-20T05:44:23.755Z", "updated_at": "2025-05-20T05:44:23.755Z"}}, {"model": "inventory.position", "pk": 10, "fields": {"name": "purchases Department", "department": 3, "description": "", "created_at": "2025-05-20T05:50:04.806Z", "updated_at": "2025-05-20T05:50:04.806Z"}}, {"model": "inventory.position", "pk": 11, "fields": {"name": "IT", "department": 9, "description": "", "created_at": "2025-05-20T05:50:04.818Z", "updated_at": "2025-05-20T05:50:04.818Z"}}, {"model": "inventory.position", "pk": 12, "fields": {"name": "HR", "department": 10, "description": "", "created_at": "2025-05-20T05:50:04.824Z", "updated_at": "2025-05-20T05:50:04.824Z"}}, {"model": "inventory.position", "pk": 13, "fields": {"name": "Maintenance", "department": 7, "description": "", "created_at": "2025-05-20T05:50:04.830Z", "updated_at": "2025-05-20T05:50:04.830Z"}}, {"model": "inventory.position", "pk": 14, "fields": {"name": "Assembly", "department": 6, "description": "", "created_at": "2025-05-20T05:50:04.844Z", "updated_at": "2025-05-20T05:50:04.844Z"}}, {"model": "inventory.position", "pk": 15, "fields": {"name": "Financial", "department": 5, "description": "", "created_at": "2025-05-20T05:50:04.853Z", "updated_at": "2025-05-20T05:50:04.853Z"}}, {"model": "inventory.position", "pk": 16, "fields": {"name": "SECURTY", "department": 10, "description": "", "created_at": "2025-05-20T05:50:04.868Z", "updated_at": "2025-05-20T05:50:04.868Z"}}, {"model": "inventory.position", "pk": 17, "fields": {"name": "Quality Control", "department": 4, "description": "", "created_at": "2025-05-20T05:50:04.871Z", "updated_at": "2025-05-20T05:50:04.871Z"}}, {"model": "inventory.position", "pk": 18, "fields": {"name": "Store Department", "department": 1, "description": "", "created_at": "2025-05-20T05:50:04.889Z", "updated_at": "2025-05-20T05:50:04.889Z"}}, {"model": "inventory.position", "pk": 19, "fields": {"name": "production", "department": 6, "description": "", "created_at": "2025-05-20T05:50:04.902Z", "updated_at": "2025-05-20T05:50:04.902Z"}}, {"model": "inventory.position", "pk": 20, "fields": {"name": "Chairman of the Board of Directors", "department": 11, "description": "", "created_at": "2025-05-20T06:04:04.698Z", "updated_at": "2025-05-20T06:04:04.698Z"}}, {"model": "inventory.position", "pk": 21, "fields": {"name": "Vice Chairman of the Board of Directors", "department": 11, "description": "", "created_at": "2025-05-20T06:04:04.704Z", "updated_at": "2025-05-20T06:04:04.704Z"}}, {"model": "inventory.position", "pk": 22, "fields": {"name": "procurement", "department": 3, "description": "", "created_at": "2025-05-20T06:47:54.465Z", "updated_at": "2025-05-20T06:47:54.465Z"}}, {"model": "inventory.position", "pk": 113, "fields": {"name": "Assembly (Production)", "department": 6, "description": "", "created_at": "2025-05-25T09:02:45.706Z", "updated_at": "2025-05-25T09:02:45.706Z"}}, {"model": "inventory.position", "pk": 114, "fields": {"name": "Stores Controller (Warehouse)", "department": 1, "description": "", "created_at": "2025-05-25T09:02:45.708Z", "updated_at": "2025-05-25T09:02:45.708Z"}}, {"model": "inventory.position", "pk": 115, "fields": {"name": "HR (HR)", "department": 10, "description": "", "created_at": "2025-05-25T09:02:45.710Z", "updated_at": "2025-05-25T09:02:45.710Z"}}, {"model": "inventory.position", "pk": 116, "fields": {"name": "purchases Department (Procurement)", "department": 3, "description": "", "created_at": "2025-05-25T09:02:45.711Z", "updated_at": "2025-05-25T09:02:45.711Z"}}, {"model": "inventory.position", "pk": 117, "fields": {"name": "Financial (Finance)", "department": 5, "description": "", "created_at": "2025-05-25T09:02:45.713Z", "updated_at": "2025-05-25T09:02:45.713Z"}}, {"model": "inventory.position", "pk": 118, "fields": {"name": "Production Data Entry Clerk (Production)", "department": 6, "description": "", "created_at": "2025-05-25T09:02:45.714Z", "updated_at": "2025-05-25T09:02:45.714Z"}}, {"model": "inventory.position", "pk": 119, "fields": {"name": "Accountant (Finance)", "department": 5, "description": "", "created_at": "2025-05-25T09:02:45.716Z", "updated_at": "2025-05-25T09:02:45.716Z"}}, {"model": "inventory.position", "pk": 120, "fields": {"name": "Planning and Follow-up Technician (Maintenance)", "department": 7, "description": "", "created_at": "2025-05-25T09:02:45.719Z", "updated_at": "2025-05-25T09:02:45.719Z"}}, {"model": "inventory.position", "pk": 121, "fields": {"name": "SECURTY (HR)", "department": 10, "description": "", "created_at": "2025-05-25T09:02:45.721Z", "updated_at": "2025-05-25T09:02:45.721Z"}}, {"model": "inventory.position", "pk": 122, "fields": {"name": "Maintenance (Maintenance)", "department": 7, "description": "", "created_at": "2025-05-25T09:02:45.723Z", "updated_at": "2025-05-25T09:02:45.723Z"}}, {"model": "inventory.position", "pk": 123, "fields": {"name": "Quality Control (Quality)", "department": 4, "description": "", "created_at": "2025-05-25T09:02:45.724Z", "updated_at": "2025-05-25T09:02:45.724Z"}}, {"model": "inventory.position", "pk": 124, "fields": {"name": "Occupational Health & Safety Manager (Occupational Safety and Health)", "department": 8, "description": "", "created_at": "2025-05-25T09:02:45.726Z", "updated_at": "2025-05-25T09:02:45.726Z"}}, {"model": "inventory.position", "pk": 125, "fields": {"name": "Accounts Manager (Finance)", "department": 5, "description": "", "created_at": "2025-05-25T09:02:45.728Z", "updated_at": "2025-05-25T09:02:45.728Z"}}, {"model": "inventory.position", "pk": 126, "fields": {"name": "procurement (Procurement)", "department": 3, "description": "", "created_at": "2025-05-25T09:02:45.730Z", "updated_at": "2025-05-25T09:02:45.730Z"}}, {"model": "inventory.position", "pk": 127, "fields": {"name": "Quality Supervisor (Quality)", "department": 4, "description": "", "created_at": "2025-05-25T09:02:45.731Z", "updated_at": "2025-05-25T09:02:45.731Z"}}, {"model": "inventory.position", "pk": 128, "fields": {"name": "Personnel Specialist (HR)", "department": 10, "description": "", "created_at": "2025-05-25T09:02:45.732Z", "updated_at": "2025-05-25T09:02:45.732Z"}}, {"model": "inventory.position", "pk": 129, "fields": {"name": "Quality Specialist (Quality)", "department": 4, "description": "", "created_at": "2025-05-25T09:02:45.736Z", "updated_at": "2025-05-25T09:02:45.736Z"}}, {"model": "inventory.position", "pk": 130, "fields": {"name": "IT (IT)", "department": 9, "description": "", "created_at": "2025-05-25T09:02:45.737Z", "updated_at": "2025-05-25T09:02:45.737Z"}}, {"model": "inventory.position", "pk": 131, "fields": {"name": "Chairman of the Board of Directors (CTP Management)", "department": 11, "description": "", "created_at": "2025-05-25T09:02:45.739Z", "updated_at": "2025-05-25T09:02:45.739Z"}}, {"model": "inventory.position", "pk": 132, "fields": {"name": "Vice Chairman of the Board of Directors (CTP Management)", "department": 11, "description": "", "created_at": "2025-05-25T09:02:45.740Z", "updated_at": "2025-05-25T09:02:45.740Z"}}, {"model": "inventory.position", "pk": 133, "fields": {"name": "Store Department (Warehouse)", "department": 1, "description": "", "created_at": "2025-05-25T09:02:45.742Z", "updated_at": "2025-05-25T09:02:45.742Z"}}, {"model": "inventory.position", "pk": 134, "fields": {"name": "production (Production)", "department": 6, "description": "", "created_at": "2025-05-25T09:02:45.743Z", "updated_at": "2025-05-25T09:02:45.743Z"}}, {"model": "inventory.position", "pk": 135, "fields": {"name": "System Administrator", "department": 9, "description": "", "created_at": "2025-05-26T10:19:10.855Z", "updated_at": "2025-05-26T10:19:10.856Z"}}, {"model": "inventory.position", "pk": 136, "fields": {"name": "IT Support Specialist", "department": 9, "description": "", "created_at": "2025-05-26T10:21:14.563Z", "updated_at": "2025-05-26T10:21:14.563Z"}}, {"model": "inventory.position", "pk": 137, "fields": {"name": "IT Technician", "department": 9, "description": "", "created_at": "2025-05-26T10:21:14.881Z", "updated_at": "2025-05-26T10:21:14.881Z"}}, {"model": "inventory.position", "pk": 138, "fields": {"name": "System Admin", "department": 9, "description": "", "created_at": "2025-05-26T10:21:15.511Z", "updated_at": "2025-05-26T10:21:15.511Z"}}, {"model": "inventory.position", "pk": 139, "fields": {"name": "Help Desk Support", "department": 9, "description": "", "created_at": "2025-05-26T10:21:15.851Z", "updated_at": "2025-05-26T10:21:15.851Z"}}, {"model": "inventory.position", "pk": 140, "fields": {"name": "Enterprise System Administrator", "department": 9, "description": "Enterprise role for Enterprise System Administrator", "created_at": "2025-05-26T10:53:36.705Z", "updated_at": "2025-05-26T10:53:36.705Z"}}, {"model": "inventory.position", "pk": 141, "fields": {"name": "System Operations Manager", "department": 9, "description": "Enterprise role for System Operations Manager", "created_at": "2025-05-26T10:54:06.713Z", "updated_at": "2025-05-26T10:54:06.713Z"}}, {"model": "inventory.ownercompany", "pk": 1, "fields": {"code": "AMAN", "name": "Aman", "created_at": "2025-05-20T05:35:14.385Z", "updated_at": "2025-05-20T05:35:14.385Z"}}, {"model": "inventory.ownercompany", "pk": 2, "fields": {"code": "CTP", "name": "CTP", "created_at": "2025-05-20T05:35:14.387Z", "updated_at": "2025-05-20T05:35:14.387Z"}}, {"model": "inventory.ownercompany", "pk": 3, "fields": {"code": "MISR_ASSIST", "name": "Misr Assist", "created_at": "2025-05-20T05:35:14.391Z", "updated_at": "2025-05-20T05:35:14.391Z"}}, {"model": "inventory.ownercompany", "pk": 4, "fields": {"code": "ACD", "name": "ACD", "created_at": "2025-05-20T05:39:47.950Z", "updated_at": "2025-05-20T05:39:47.950Z"}}, {"model": "inventory.ownercompany", "pk": 5, "fields": {"code": "CORP", "name": "Corporate Headquarters", "created_at": "2025-05-26T10:53:12.822Z", "updated_at": "2025-05-26T10:53:12.822Z"}}, {"model": "inventory.employee", "pk": 107, "fields": {"user": null, "employee_id": "171700018", "national_id": "28504211401935", "first_name": "Mohamed", "last_name": "Mokhtar Abdelhamid El-Sayed", "email": "Mohamed.Mokhtar@CTP-eg.com", "phone_number": "", "department": 4, "position": 127, "hire_date": "2023-01-01", "company": 4, "is_active": true, "created_at": "2025-05-20T06:04:04.636Z", "updated_at": "2025-05-25T09:02:45.768Z"}}, {"model": "inventory.employee", "pk": 108, "fields": {"user": null, "employee_id": "171700059", "national_id": "29508220101358", "first_name": "Bishoy", "last_name": "Essam Wilson Fahim", "email": "Bishoy.Essam@CTP-eg.com", "phone_number": "", "department": 5, "position": 119, "hire_date": "2023-01-02", "company": 4, "is_active": true, "created_at": "2025-05-20T06:04:04.647Z", "updated_at": "2025-05-25T09:02:45.754Z"}}, {"model": "inventory.employee", "pk": 109, "fields": {"user": null, "employee_id": "171700004", "national_id": "29305131400513", "first_name": "Ahmed", "last_name": "Mohamed Attia Mohamed", "email": "Ahmed.Mohamed@CTP-eg.com", "phone_number": "", "department": 1, "position": 114, "hire_date": "2023-01-03", "company": 4, "is_active": true, "created_at": "2025-05-20T06:04:04.652Z", "updated_at": "2025-05-25T09:02:45.747Z"}}, {"model": "inventory.employee", "pk": 110, "fields": {"user": null, "employee_id": "171700039", "national_id": "29906071401217", "first_name": "Mohamed", "last_name": "Refai Abdelhamid Refai", "email": "Mohamed.Refai@CTP-eg.com", "phone_number": "", "department": 10, "position": 128, "hire_date": "2023-01-04", "company": 4, "is_active": true, "created_at": "2025-05-20T06:04:04.659Z", "updated_at": "2025-05-25T09:02:45.769Z"}}, {"model": "inventory.employee", "pk": 111, "fields": {"user": null, "employee_id": "171700077", "national_id": "29509101604411", "first_name": "Ibrahim", "last_name": "Ibrahim Zaki El-Naqeeb", "email": "Ibrahim.Ibrahim@CTP-eg.com", "phone_number": "", "department": 7, "position": 120, "hire_date": "2023-01-05", "company": 4, "is_active": true, "created_at": "2025-05-20T06:04:04.665Z", "updated_at": "2025-05-25T09:02:45.759Z"}}, {"model": "inventory.employee", "pk": 112, "fields": {"user": null, "employee_id": "171700102", "national_id": "27601011600871", "first_name": "Khaled", "last_name": "Anwar Zaki Ali El-Khalawany", "email": "Khaled.Anwar@CTP-eg.com", "phone_number": "", "department": 8, "position": 124, "hire_date": "2023-01-06", "company": 4, "is_active": true, "created_at": "2025-05-20T06:04:04.669Z", "updated_at": "2025-05-25T09:02:45.763Z"}}, {"model": "inventory.employee", "pk": 113, "fields": {"user": null, "employee_id": "171700088", "national_id": "27510080101791", "first_name": "Magid", "last_name": "Makram Wahba Doss", "email": "Magid.Makram@CTP-eg.com", "phone_number": "", "department": 5, "position": 125, "hire_date": "2023-01-07", "company": 2, "is_active": false, "created_at": "2025-05-20T06:04:04.676Z", "updated_at": "2025-05-25T09:02:45.764Z"}}, {"model": "inventory.employee", "pk": 114, "fields": {"user": null, "employee_id": "171700097", "national_id": "29803150100792", "first_name": "Omar", "last_name": "Ayman Mohamed Nasr El-Din", "email": "Omar.Ayman@CTP-eg.com", "phone_number": "", "department": 4, "position": 129, "hire_date": "2023-01-08", "company": 2, "is_active": true, "created_at": "2025-05-20T06:04:04.681Z", "updated_at": "2025-05-25T09:02:45.774Z"}}, {"model": "inventory.employee", "pk": 115, "fields": {"user": null, "employee_id": "171700075", "national_id": "29401251402594", "first_name": "Mina", "last_name": "George Saad Rizk", "email": "Mina.George@CTP-eg.com", "phone_number": "", "department": 5, "position": 119, "hire_date": "2023-01-09", "company": 2, "is_active": true, "created_at": "2025-05-20T06:04:04.687Z", "updated_at": "2025-05-25T09:02:45.767Z"}}, {"model": "inventory.employee", "pk": 116, "fields": {"user": null, "employee_id": "171700087", "national_id": "30104011407506", "first_name": "Al-Amira", "last_name": "Safia Gamal Abdelhamid", "email": "Al-Amira.Safia@CTP-eg.com", "phone_number": "", "department": 6, "position": 118, "hire_date": "2023-01-10", "company": 4, "is_active": true, "created_at": "2025-05-20T06:04:04.693Z", "updated_at": "2025-05-25T09:02:45.751Z"}}, {"model": "inventory.employee", "pk": 117, "fields": {"user": null, "employee_id": "1", "national_id": "10000000000001", "first_name": "Samih", "last_name": "Bashdi", "email": "Samih.Bashdi@ctp-eg.com", "phone_number": "", "department": 11, "position": 131, "hire_date": "2022-01-11", "company": 4, "is_active": true, "created_at": "2025-05-20T06:04:04.701Z", "updated_at": "2025-05-25T09:02:45.776Z"}}, {"model": "inventory.employee", "pk": 118, "fields": {"user": null, "employee_id": "2", "national_id": "20000000000002", "first_name": "Sherine", "last_name": "Ali Mahmoud", "email": "Sherine.Ali@CTP-eg.com", "phone_number": "", "department": 11, "position": 132, "hire_date": "2022-01-12", "company": 4, "is_active": true, "created_at": "2025-05-20T06:04:04.707Z", "updated_at": "2025-05-25T09:02:45.778Z"}}, {"model": "inventory.employee", "pk": 119, "fields": {"user": null, "employee_id": "161700077", "national_id": "29201011417854", "first_name": "Ahmed", "last_name": "Reda Mohamed Ahmed", "email": "Ahmed.Reda@CTP-eg.com", "phone_number": "", "department": 3, "position": 116, "hire_date": "2022-01-11", "company": 2, "is_active": true, "created_at": "2025-05-20T06:04:04.712Z", "updated_at": "2025-05-25T09:02:45.749Z"}}, {"model": "inventory.employee", "pk": 121, "fields": {"user": null, "employee_id": "161700255", "national_id": "29609011411294", "first_name": "Ragab", "last_name": "Adel Ragab Ali", "email": "Ragab.Adel@CTP-eg.com", "phone_number": "", "department": 9, "position": 130, "hire_date": "2022-01-13", "company": 2, "is_active": true, "created_at": "2025-05-20T06:04:04.723Z", "updated_at": "2025-05-25T09:02:45.775Z"}}, {"model": "inventory.employee", "pk": 122, "fields": {"user": null, "employee_id": "161700023", "national_id": "29501251401916", "first_name": "Mohammed", "last_name": "Ahmed Saeed Ibrahim", "email": "Mohammed.Ahmed@CTP-eg.com", "phone_number": "", "department": 10, "position": 115, "hire_date": "2022-01-14", "company": 2, "is_active": true, "created_at": "2025-05-20T06:04:04.729Z", "updated_at": "2025-05-25T09:02:45.772Z"}}, {"model": "inventory.employee", "pk": 123, "fields": {"user": null, "employee_id": "161700199", "national_id": "28304131700916", "first_name": "Islam", "last_name": "Mohamed Abdel-Haseeb Mansour", "email": "Islam.Mohamed@CTP-eg.com", "phone_number": "", "department": 7, "position": 122, "hire_date": "2022-01-15", "company": 2, "is_active": true, "created_at": "2025-05-20T06:04:04.735Z", "updated_at": "2025-05-25T09:02:45.761Z"}}, {"model": "inventory.employee", "pk": 124, "fields": {"user": null, "employee_id": "161700049", "national_id": "29308011611854", "first_name": "Ahmed", "last_name": "Naguib Ibrahim Zaki", "email": "Ahmed.Naguib@CTP-eg.com", "phone_number": "", "department": 10, "position": 115, "hire_date": "2022-01-17", "company": 2, "is_active": true, "created_at": "2025-05-20T06:04:04.740Z", "updated_at": "2025-05-25T09:02:45.748Z"}}, {"model": "inventory.employee", "pk": 125, "fields": {"user": null, "employee_id": "161700020", "national_id": "29512201400872", "first_name": "Abdelhafiz", "last_name": "Abdelhady Abdelhady", "email": "Abdelhafiz.Abdelhady@CTP-eg.com", "phone_number": "", "department": 6, "position": 113, "hire_date": "2022-01-18", "company": 2, "is_active": true, "created_at": "2025-05-20T06:04:04.746Z", "updated_at": "2025-06-03T08:47:07.743Z"}}, {"model": "inventory.employee", "pk": 126, "fields": {"user": null, "employee_id": "161700080", "national_id": "29907011401834", "first_name": "Muhammad", "last_name": "Ibrahim Salim Abdel Aal", "email": "Muhammad.Ibrahim@CTP-eg.com", "phone_number": "", "department": 3, "position": 116, "hire_date": "2022-01-19", "company": 2, "is_active": true, "created_at": "2025-05-20T06:04:04.751Z", "updated_at": "2025-05-25T09:02:45.773Z"}}, {"model": "inventory.employee", "pk": 127, "fields": {"user": null, "employee_id": "161700264", "national_id": "30011041301577", "first_name": "Ahmed", "last_name": "Waleed Mohamed Mohamed", "email": "Ahmed.Waleed@CTP-eg.com", "phone_number": "", "department": 5, "position": 117, "hire_date": "2022-01-20", "company": 2, "is_active": true, "created_at": "2025-05-20T06:04:04.755Z", "updated_at": "2025-05-25T09:02:45.750Z"}}, {"model": "inventory.employee", "pk": 128, "fields": {"user": null, "employee_id": "161700266", "national_id": "27605011703136", "first_name": "Emad ", "last_name": "El-Sayed Mohamed El-Sayed", "email": "Emad.El-Sayed@CTP-eg.com", "phone_number": "", "department": 5, "position": 117, "hire_date": "2022-01-21", "company": 2, "is_active": true, "created_at": "2025-05-20T06:04:04.761Z", "updated_at": "2025-05-25T09:02:45.756Z"}}, {"model": "inventory.employee", "pk": 129, "fields": {"user": null, "employee_id": "161700030", "national_id": "29908141402995", "first_name": "Hamdy", "last_name": "Mohamed Mohamed Ahmed Mansour", "email": "Hamdy.Mohamed@CTP-eg.com", "phone_number": "", "department": 6, "position": 113, "hire_date": "2022-01-23", "company": 2, "is_active": true, "created_at": "2025-05-20T06:04:04.766Z", "updated_at": "2025-05-25T09:02:45.758Z"}}, {"model": "inventory.employee", "pk": 130, "fields": {"user": null, "employee_id": "161700092", "national_id": "27406301300679", "first_name": "Ibrahim", "last_name": "Mahmoud Abou Shousha Ibrahim", "email": "Ibrahim.Mahmoud@CTP-eg.com", "phone_number": "", "department": 10, "position": 121, "hire_date": "2022-01-24", "company": 2, "is_active": true, "created_at": "2025-05-20T06:04:04.771Z", "updated_at": "2025-05-25T09:02:45.760Z"}}, {"model": "inventory.employee", "pk": 131, "fields": {"user": null, "employee_id": "161700028", "national_id": "28112061402193", "first_name": "Ismail ", "last_name": "Mabrouk Abdel-Ghani Hassan", "email": "Ismail.Mabrouk@CTP-eg.com", "phone_number": "", "department": 4, "position": 123, "hire_date": "2022-01-25", "company": 2, "is_active": true, "created_at": "2025-05-20T06:04:04.776Z", "updated_at": "2025-05-25T09:02:45.762Z"}}, {"model": "inventory.employee", "pk": 132, "fields": {"user": null, "employee_id": "161700202", "national_id": "30011102104753", "first_name": "Mohamed ", "last_name": "Sayed Ahmed", "email": "Mohamed.Sayed@CTP-eg.com", "phone_number": "", "department": 4, "position": 123, "hire_date": "2022-01-26", "company": 2, "is_active": true, "created_at": "2025-05-20T06:04:04.780Z", "updated_at": "2025-05-25T09:02:45.770Z"}}, {"model": "inventory.employee", "pk": 133, "fields": {"user": null, "employee_id": "161700203", "national_id": "29901031301501", "first_name": "Aya", "last_name": "Mohamed Mahmoud Abdel-Fattah", "email": "Aya.Mohamed@CTP-eg.com", "phone_number": "", "department": 10, "position": 115, "hire_date": "2022-01-27", "company": 2, "is_active": true, "created_at": "2025-05-20T06:04:04.784Z", "updated_at": "2025-05-25T09:02:45.753Z"}}, {"model": "inventory.employee", "pk": 134, "fields": {"user": null, "employee_id": "161700048", "national_id": "27404181500196", "first_name": "Walid", "last_name": "Al-Sayed Muhammad", "email": "Walid.Al-Sayed@CTP-eg.com", "phone_number": "", "department": 7, "position": 122, "hire_date": "2022-01-28", "company": 2, "is_active": true, "created_at": "2025-05-20T06:04:04.787Z", "updated_at": "2025-05-25T09:02:45.780Z"}}, {"model": "inventory.employee", "pk": 135, "fields": {"user": null, "employee_id": "161700046", "national_id": "30102041402506", "first_name": "Souad", "last_name": "Fathy Saad Ibrahim El-Sayed", "email": "Souad.Fathy@CTP-eg.com", "phone_number": "", "department": 1, "position": 133, "hire_date": "2022-01-29", "company": 2, "is_active": true, "created_at": "2025-05-20T06:04:04.792Z", "updated_at": "2025-05-25T09:02:45.779Z"}}, {"model": "inventory.employee", "pk": 136, "fields": {"user": null, "employee_id": "161700257", "national_id": "30201061400826", "first_name": "Shaimaa ", "last_name": "Mohamed El-Moghazy Hassanein", "email": "Shaimaa.Mohamed@CTP-eg.com", "phone_number": "", "department": 7, "position": 122, "hire_date": "2022-01-30", "company": 2, "is_active": true, "created_at": "2025-05-20T06:04:04.796Z", "updated_at": "2025-05-25T09:02:45.777Z"}}, {"model": "inventory.employee", "pk": 137, "fields": {"user": null, "employee_id": "161700027", "national_id": "27110151401416", "first_name": "Yasser ", "last_name": "Farouk Hamed", "email": "Yasser.Farouk@CTP-eg.com", "phone_number": "", "department": 6, "position": 134, "hire_date": "2022-01-31", "company": 2, "is_active": true, "created_at": "2025-05-20T06:04:04.800Z", "updated_at": "2025-05-25T09:02:45.782Z"}}, {"model": "inventory.employee", "pk": 138, "fields": {"user": null, "employee_id": "161700083", "national_id": "29905011313312", "first_name": "Yasser ", "last_name": " Al-Yasser El Sayed Abdelmageed", "email": "Yasser.Al-Yasser@CTP-eg.com", "phone_number": "", "department": 1, "position": 133, "hire_date": "2022-02-01", "company": 2, "is_active": true, "created_at": "2025-05-20T06:04:04.804Z", "updated_at": "2025-05-25T09:02:45.781Z"}}, {"model": "inventory.employee", "pk": 139, "fields": {"user": null, "employee_id": "161700184", "national_id": "30107181400629", "first_name": "Farah", "last_name": "Hafez El-Sayed Ibrahim", "email": "Farah.Hafez@ctp-eg.com", "phone_number": "", "department": 5, "position": 117, "hire_date": "2022-02-02", "company": 2, "is_active": true, "created_at": "2025-05-20T06:47:54.461Z", "updated_at": "2025-05-25T09:02:45.757Z"}}, {"model": "inventory.employee", "pk": 140, "fields": {"user": null, "employee_id": "161700189", "national_id": "30108211400285", "first_name": "Manahil", "last_name": "Ali Ali Hilal", "email": "Manahil.Ali@ctp-eg.com", "phone_number": "", "department": 3, "position": 126, "hire_date": "2022-02-03", "company": 2, "is_active": true, "created_at": "2025-05-20T06:47:54.468Z", "updated_at": "2025-05-25T09:02:45.765Z"}}, {"model": "inventory.employee", "pk": 142, "fields": {"user": 3, "employee_id": "ITS001", "national_id": "ITS001000", "first_name": "IT", "last_name": "Support", "email": "it.support@example.com", "phone_number": null, "department": 9, "position": 136, "hire_date": "2024-01-01", "company": 2, "is_active": true, "created_at": "2025-05-26T10:21:14.565Z", "updated_at": "2025-05-26T10:21:14.565Z"}}, {"model": "inventory.employee", "pk": 143, "fields": {"user": 4, "employee_id": "TEC001", "national_id": "TEC001000", "first_name": "System", "last_name": "Technician", "email": "technician@example.com", "phone_number": null, "department": 9, "position": 137, "hire_date": "2024-01-01", "company": 2, "is_active": true, "created_at": "2025-05-26T10:21:14.882Z", "updated_at": "2025-05-26T10:21:14.882Z"}}, {"model": "inventory.employee", "pk": 144, "fields": {"user": 5, "employee_id": "SAD001", "national_id": "SAD001000", "first_name": "System", "last_name": "Administrator", "email": "sys.administrator@example.com", "phone_number": null, "department": 9, "position": 135, "hire_date": "2024-01-01", "company": 2, "is_active": true, "created_at": "2025-05-26T10:21:15.197Z", "updated_at": "2025-05-26T10:21:15.197Z"}}, {"model": "inventory.employee", "pk": 145, "fields": {"user": 6, "employee_id": "SAM001", "national_id": "SAM001000", "first_name": "System", "last_name": "Admin", "email": "sys.admin@example.com", "phone_number": null, "department": 9, "position": 138, "hire_date": "2024-01-01", "company": 2, "is_active": true, "created_at": "2025-05-26T10:21:15.512Z", "updated_at": "2025-05-26T10:21:15.512Z"}}, {"model": "inventory.employee", "pk": 146, "fields": {"user": 7, "employee_id": "HDP001", "national_id": "HDP001000", "first_name": "Help", "last_name": "Desk", "email": "helpdesk@example.com", "phone_number": null, "department": 9, "position": 139, "hire_date": "2024-01-01", "company": 2, "is_active": true, "created_at": "2025-05-26T10:21:15.853Z", "updated_at": "2025-05-26T10:21:15.853Z"}}, {"model": "inventory.assettype", "pk": 1, "fields": {"name": "laptop", "display_name": "Laptop", "created_at": "2025-05-20T05:35:14.364Z", "updated_at": "2025-05-20T05:35:14.364Z"}}, {"model": "inventory.assettype", "pk": 2, "fields": {"name": "desktop", "display_name": "Desktop", "created_at": "2025-05-20T05:35:14.367Z", "updated_at": "2025-05-20T05:35:14.367Z"}}, {"model": "inventory.assettype", "pk": 3, "fields": {"name": "monitor", "display_name": "Monitor", "created_at": "2025-05-20T05:35:14.369Z", "updated_at": "2025-05-20T05:35:14.369Z"}}, {"model": "inventory.assettype", "pk": 4, "fields": {"name": "phone", "display_name": "Phone", "created_at": "2025-05-20T05:35:14.372Z", "updated_at": "2025-05-20T05:35:14.372Z"}}, {"model": "inventory.assettype", "pk": 5, "fields": {"name": "tablet", "display_name": "Tablet", "created_at": "2025-05-20T05:35:14.374Z", "updated_at": "2025-05-20T05:35:14.374Z"}}, {"model": "inventory.assettype", "pk": 6, "fields": {"name": "printer", "display_name": "Printer", "created_at": "2025-05-20T05:35:14.376Z", "updated_at": "2025-05-20T05:35:14.376Z"}}, {"model": "inventory.assettype", "pk": 7, "fields": {"name": "ups", "display_name": "UPS Device", "created_at": "2025-05-20T05:35:14.378Z", "updated_at": "2025-05-20T05:35:14.378Z"}}, {"model": "inventory.assettype", "pk": 9, "fields": {"name": "firewall", "display_name": "firewall", "created_at": "2025-05-20T08:59:21.692Z", "updated_at": "2025-05-20T08:59:21.692Z"}}, {"model": "inventory.assettype", "pk": 10, "fields": {"name": "switch", "display_name": "switch", "created_at": "2025-05-20T08:59:46.371Z", "updated_at": "2025-05-20T08:59:46.371Z"}}, {"model": "inventory.assettype", "pk": 11, "fields": {"name": "dvr", "display_name": "dvr", "created_at": "2025-05-20T09:00:08.460Z", "updated_at": "2025-05-20T09:00:08.460Z"}}, {"model": "inventory.assettype", "pk": 12, "fields": {"name": "camera security", "display_name": "camera security", "created_at": "2025-05-20T09:00:39.405Z", "updated_at": "2025-05-20T09:00:39.405Z"}}, {"model": "inventory.assettype", "pk": 13, "fields": {"name": "access point", "display_name": "access point", "created_at": "2025-05-20T09:04:56.000Z", "updated_at": "2025-05-20T09:04:56.000Z"}}, {"model": "inventory.assettype", "pk": 15, "fields": {"name": "backpage laptop", "display_name": "backpage laptop", "created_at": "2025-05-20T09:11:07.544Z", "updated_at": "2025-05-20T09:11:07.544Z"}}, {"model": "inventory.assettype", "pk": 16, "fields": {"name": "Physical Servers", "display_name": "Physical Servers", "created_at": "2025-05-20T09:14:31.749Z", "updated_at": "2025-05-20T09:14:31.749Z"}}, {"model": "inventory.assettype", "pk": 17, "fields": {"name": "Routers", "display_name": "Routers", "created_at": "2025-05-20T09:14:56.926Z", "updated_at": "2025-05-20T09:14:56.926Z"}}, {"model": "inventory.assettype", "pk": 18, "fields": {"name": "Modems", "display_name": "Modems", "created_at": "2025-05-20T09:15:18.948Z", "updated_at": "2025-05-20T09:15:18.948Z"}}, {"model": "inventory.assettype", "pk": 19, "fields": {"name": "Network Cables", "display_name": "Network Cables", "created_at": "2025-05-20T09:15:41.397Z", "updated_at": "2025-05-20T09:15:41.397Z"}}, {"model": "inventory.assettype", "pk": 20, "fields": {"name": "Patch Panels", "display_name": "Patch Panels", "created_at": "2025-05-20T09:15:59.556Z", "updated_at": "2025-05-20T09:15:59.556Z"}}, {"model": "inventory.assettype", "pk": 21, "fields": {"name": "Racks", "display_name": "Racks", "created_at": "2025-05-20T09:16:17.859Z", "updated_at": "2025-05-20T09:16:17.859Z"}}, {"model": "inventory.assettype", "pk": 22, "fields": {"name": "IP Phones", "display_name": "IP Phones", "created_at": "2025-05-20T09:17:19.235Z", "updated_at": "2025-05-20T09:17:19.235Z"}}, {"model": "inventory.assettype", "pk": 23, "fields": {"name": "Time Attendance", "display_name": "Time Attendance", "created_at": "2025-05-20T09:17:49.986Z", "updated_at": "2025-05-20T09:17:49.986Z"}}, {"model": "inventory.assettype", "pk": 24, "fields": {"name": "Keyboards", "display_name": "Keyboards", "created_at": "2025-05-20T09:18:34.366Z", "updated_at": "2025-05-20T09:18:34.366Z"}}, {"model": "inventory.assettype", "pk": 25, "fields": {"name": "Mouse", "display_name": "Mouse", "created_at": "2025-05-20T09:19:25.179Z", "updated_at": "2025-05-20T09:19:25.179Z"}}, {"model": "inventory.assettype", "pk": 26, "fields": {"name": "HDMI cable", "display_name": "HDMI cable", "created_at": "2025-05-22T06:40:26.887Z", "updated_at": "2025-05-22T06:40:26.887Z"}}, {"model": "inventory.assettype", "pk": 27, "fields": {"name": "vga cable", "display_name": "VGA cable", "created_at": "2025-05-22T06:41:24.895Z", "updated_at": "2025-05-22T06:41:24.895Z"}}, {"model": "inventory.assettype", "pk": 28, "fields": {"name": "power cable", "display_name": "POWER cable", "created_at": "2025-05-22T06:42:07.436Z", "updated_at": "2025-05-22T06:42:07.436Z"}}, {"model": "inventory.assettype", "pk": 29, "fields": {"name": "printer cable usb", "display_name": "printer cable USB", "created_at": "2025-05-22T06:43:03.516Z", "updated_at": "2025-05-22T06:43:03.516Z"}}, {"model": "inventory.assettype", "pk": 30, "fields": {"name": "cartridge toner printer", "display_name": "CATRIDGE TONER printer", "created_at": "2025-05-22T06:44:40.524Z", "updated_at": "2025-05-22T06:44:40.524Z"}}, {"model": "inventory.assettype", "pk": 31, "fields": {"name": "nvr", "display_name": "NVR", "created_at": "2025-05-22T12:13:11.456Z", "updated_at": "2025-05-22T12:13:11.456Z"}}, {"model": "inventory.itasset", "pk": 104, "fields": {"name": "CTP-Quality-lap-02", "asset_type": 1, "serial_number": "4PVPDS3", "model": "Latitude 5530", "manufacturer": "Dell", "owner": 4, "purchase_date": "2024-01-01", "warranty_expiry": "2027-01-01", "status": "assigned", "assigned_to": 107, "notes": "", "mac_address_wifi": "C6:18:15:18:D5:3B", "mac_address_ethernet": "C4:CB:E1:3E:A7:EA", "ip_address": "192.168.1.119", "delivery_letter_code": "ACD-001", "receipt_date": "2024-01-20", "processor": null, "ram_size": null, "hdd1_capacity": null, "hdd2_capacity": null, "operating_system": null, "os_version": null, "screen_size": null, "resolution": null, "refresh_rate": null, "panel_type": null, "vesa_mount": false, "built_in_speakers": false, "printer_type": null, "connection_type": null, "printer_department": null, "printer_responsible": null, "paper_size_support": null, "duplex_printing": false, "toner_cartridge_model": null, "ups_capacity": null, "ups_battery_count": null, "ups_battery_life": null, "ups_battery_replacement_date": null, "ups_manufacturer": null}}, {"model": "inventory.itasset", "pk": 105, "fields": {"name": "ACD-ACC-lap-01", "asset_type": 1, "serial_number": "1N3YHX3", "model": "Latitude 5540", "manufacturer": "Dell", "owner": 4, "purchase_date": "2024-01-02", "warranty_expiry": "2025-04-27", "status": "assigned", "assigned_to": 133, "notes": "", "mac_address_wifi": "04:E8:B9:9F:C4:5F", "mac_address_ethernet": "00:00:00:00:00:00", "ip_address": "192.168.1.120", "delivery_letter_code": "ACD-002", "receipt_date": "2025-05-22", "processor": "13th Gen Intel(R) Core(TM) i5-1335U", "ram_size": "8GB ddr4", "hdd1_capacity": "512GB NVMe2", "hdd2_capacity": null, "operating_system": "Windows 10", "os_version": "21H2", "screen_size": null, "resolution": null, "refresh_rate": null, "panel_type": null, "vesa_mount": false, "built_in_speakers": false, "printer_type": null, "connection_type": null, "printer_department": null, "printer_responsible": null, "paper_size_support": null, "duplex_printing": false, "toner_cartridge_model": null, "ups_capacity": null, "ups_battery_count": null, "ups_battery_life": null, "ups_battery_replacement_date": null, "ups_manufacturer": null}}, {"model": "inventory.itasset", "pk": 106, "fields": {"name": "ACD-MANGER-01", "asset_type": 1, "serial_number": "5TPVML3", "model": "Latitude 5530", "manufacturer": "Dell", "owner": 4, "purchase_date": "2024-01-03", "warranty_expiry": "2025-05-21", "status": "assigned", "assigned_to": 117, "notes": "", "mac_address_wifi": "00:00:00:00:00:00", "mac_address_ethernet": "00:00:00:00:00:00", "ip_address": "192.168.1.119", "delivery_letter_code": "ACD-003", "receipt_date": "2024-01-22", "processor": "12th Gen Intel(R) Core(TM) i5-1235U", "ram_size": "8GB ddr4", "hdd1_capacity": "512GB NVMe2", "hdd2_capacity": null, "operating_system": "Windows 10", "os_version": "21H2", "screen_size": null, "resolution": null, "refresh_rate": null, "panel_type": null, "vesa_mount": false, "built_in_speakers": false, "printer_type": null, "connection_type": null, "printer_department": null, "printer_responsible": null, "paper_size_support": null, "duplex_printing": false, "toner_cartridge_model": null, "ups_capacity": null, "ups_battery_count": null, "ups_battery_life": null, "ups_battery_replacement_date": null, "ups_manufacturer": null}}, {"model": "inventory.itasset", "pk": 107, "fields": {"name": "ACD-MANGER-02", "asset_type": 1, "serial_number": "5RPVML3", "model": "Latitude 5530", "manufacturer": "Dell", "owner": 4, "purchase_date": "2024-01-04", "warranty_expiry": "2027-01-04", "status": "assigned", "assigned_to": 118, "notes": "", "mac_address_wifi": "00:BE:43:7A:F2:3A", "mac_address_ethernet": "8C:F8:C5:A5:01:D6", "ip_address": "192.168.1.119", "delivery_letter_code": "ACD-004", "receipt_date": "2024-01-23", "processor": "13th Gen Intel(R) Core(TM) i5-1335U", "ram_size": "8GB ddr4", "hdd1_capacity": "512GB NVMe2", "hdd2_capacity": null, "operating_system": "Windows 10", "os_version": "21H2", "screen_size": null, "resolution": null, "refresh_rate": null, "panel_type": null, "vesa_mount": false, "built_in_speakers": false, "printer_type": null, "connection_type": null, "printer_department": null, "printer_responsible": null, "paper_size_support": null, "duplex_printing": false, "toner_cartridge_model": null, "ups_capacity": null, "ups_battery_count": null, "ups_battery_life": null, "ups_battery_replacement_date": null, "ups_manufacturer": null}}, {"model": "inventory.itasset", "pk": 108, "fields": {"name": "CTP-WH-Laptop", "asset_type": 1, "serial_number": "4L3YHX3", "model": "Latitude 5540", "manufacturer": "Dell", "owner": 4, "purchase_date": "2024-01-05", "warranty_expiry": "2027-01-05", "status": "assigned", "assigned_to": 109, "notes": "", "mac_address_wifi": "04:E8:B9:9F:B1:81", "mac_address_ethernet": "4C:D7:17:51:57:32", "ip_address": "192.168.1.119", "delivery_letter_code": "ACD-005", "receipt_date": "2024-01-24", "processor": "13th Gen Intel(R) Core(TM) i5-1335U", "ram_size": "8GB ddr4", "hdd1_capacity": "512GB NVMe2", "hdd2_capacity": null, "operating_system": "Windows 10", "os_version": "21H2", "screen_size": null, "resolution": null, "refresh_rate": null, "panel_type": null, "vesa_mount": false, "built_in_speakers": false, "printer_type": null, "connection_type": null, "printer_department": null, "printer_responsible": null, "paper_size_support": null, "duplex_printing": false, "toner_cartridge_model": null, "ups_capacity": null, "ups_battery_count": null, "ups_battery_life": null, "ups_battery_replacement_date": null, "ups_manufacturer": null}}, {"model": "inventory.itasset", "pk": 109, "fields": {"name": "ACD-HR-lap-01", "asset_type": 1, "serial_number": "6K4YHX3", "model": "Latitude 5540", "manufacturer": "Dell", "owner": 4, "purchase_date": "2024-01-06", "warranty_expiry": "2027-01-06", "status": "assigned", "assigned_to": 110, "notes": "", "mac_address_wifi": "74:13:EA:0E:FD:DF", "mac_address_ethernet": "4C:D7:17:5A:8B:20", "ip_address": "192.168.1.119", "delivery_letter_code": "ACD-006", "receipt_date": "2024-01-25", "processor": "13th Gen Intel(R) Core(TM) i5-1335U", "ram_size": "8GB ddr4", "hdd1_capacity": "512GB NVMe2", "hdd2_capacity": null, "operating_system": "Windows 10", "os_version": "21H2", "screen_size": null, "resolution": null, "refresh_rate": null, "panel_type": null, "vesa_mount": false, "built_in_speakers": false, "printer_type": null, "connection_type": null, "printer_department": null, "printer_responsible": null, "paper_size_support": null, "duplex_printing": false, "toner_cartridge_model": null, "ups_capacity": null, "ups_battery_count": null, "ups_battery_life": null, "ups_battery_replacement_date": null, "ups_manufacturer": null}}, {"model": "inventory.itasset", "pk": 110, "fields": {"name": "ACD-MTN-lap-02", "asset_type": 1, "serial_number": "4R3YHX3", "model": "Latitude 5540", "manufacturer": "Dell", "owner": 4, "purchase_date": "2024-01-07", "warranty_expiry": "2027-01-07", "status": "assigned", "assigned_to": 111, "notes": "", "mac_address_wifi": "04:E8:B9:CA:25:8D", "mac_address_ethernet": "4C:D7:17:5A:8E:BA", "ip_address": "192.168.1.119", "delivery_letter_code": "ACD-007", "receipt_date": "2024-01-26", "processor": "13th Gen Intel(R) Core(TM) i5-1335U", "ram_size": "8GB ddr4", "hdd1_capacity": "512GB NVMe2", "hdd2_capacity": null, "operating_system": "Windows 10", "os_version": "21H2", "screen_size": null, "resolution": null, "refresh_rate": null, "panel_type": null, "vesa_mount": false, "built_in_speakers": false, "printer_type": null, "connection_type": null, "printer_department": null, "printer_responsible": null, "paper_size_support": null, "duplex_printing": false, "toner_cartridge_model": null, "ups_capacity": null, "ups_battery_count": null, "ups_battery_life": null, "ups_battery_replacement_date": null, "ups_manufacturer": null}}, {"model": "inventory.itasset", "pk": 111, "fields": {"name": "ACD-PUR-lap-01", "asset_type": 1, "serial_number": "6M4YHX3", "model": "Latitude 5540", "manufacturer": "Dell", "owner": 4, "purchase_date": "2024-01-08", "warranty_expiry": "2027-01-08", "status": "assigned", "assigned_to": 140, "notes": "", "mac_address_wifi": "74:13:EA:0E:FE:2F", "mac_address_ethernet": "4c:d7:17:57:34:ce", "ip_address": "192.168.1.119", "delivery_letter_code": "ACD-008", "receipt_date": "2024-01-27", "processor": "13th Gen Intel(R) Core(TM) i5-1335U", "ram_size": "8GB ddr4", "hdd1_capacity": "512GB NVMe2", "hdd2_capacity": null, "operating_system": "Windows 10", "os_version": "21H2", "screen_size": null, "resolution": null, "refresh_rate": null, "panel_type": null, "vesa_mount": false, "built_in_speakers": false, "printer_type": null, "connection_type": null, "printer_department": null, "printer_responsible": null, "paper_size_support": null, "duplex_printing": false, "toner_cartridge_model": null, "ups_capacity": null, "ups_battery_count": null, "ups_battery_life": null, "ups_battery_replacement_date": null, "ups_manufacturer": null}}, {"model": "inventory.itasset", "pk": 112, "fields": {"name": "ACD-OSH-Lap-01", "asset_type": 1, "serial_number": "GL3YHX3", "model": "Latitude 5540", "manufacturer": "Dell", "owner": 4, "purchase_date": "2024-01-09", "warranty_expiry": "2027-01-09", "status": "assigned", "assigned_to": 112, "notes": "", "mac_address_wifi": "00:00:00:00:00:00", "mac_address_ethernet": "00:00:00:00:00:00", "ip_address": "192.168.1.119", "delivery_letter_code": "ACD-009", "receipt_date": "2024-01-28", "processor": "13th Gen Intel(R) Core(TM) i5-1335U", "ram_size": "8GB ddr4", "hdd1_capacity": "512GB NVMe2", "hdd2_capacity": null, "operating_system": "Windows 10", "os_version": "21H2", "screen_size": null, "resolution": null, "refresh_rate": null, "panel_type": null, "vesa_mount": false, "built_in_speakers": false, "printer_type": null, "connection_type": null, "printer_department": null, "printer_responsible": null, "paper_size_support": null, "duplex_printing": false, "toner_cartridge_model": null, "ups_capacity": null, "ups_battery_count": null, "ups_battery_life": null, "ups_battery_replacement_date": null, "ups_manufacturer": null}}, {"model": "inventory.itasset", "pk": 113, "fields": {"name": "ACD-ACC-PC-07", "asset_type": 2, "serial_number": "B74QYP3", "model": "OptiPlex 3090", "manufacturer": "Dell", "owner": 4, "purchase_date": "2024-01-10", "warranty_expiry": "2025-05-25", "status": "assigned", "assigned_to": 129, "notes": "", "mac_address_wifi": "00:00:00:00:00:00", "mac_address_ethernet": "00:00:00:00:00:00", "ip_address": "192.168.20.68", "delivery_letter_code": "ACD-010", "receipt_date": "2024-01-29", "processor": null, "ram_size": null, "hdd1_capacity": null, "hdd2_capacity": null, "operating_system": null, "os_version": null, "screen_size": null, "resolution": null, "refresh_rate": null, "panel_type": null, "vesa_mount": false, "built_in_speakers": false, "printer_type": null, "connection_type": null, "printer_department": null, "printer_responsible": null, "paper_size_support": null, "duplex_printing": false, "toner_cartridge_model": null, "ups_capacity": null, "ups_battery_count": null, "ups_battery_life": null, "ups_battery_replacement_date": null, "ups_manufacturer": null}}, {"model": "inventory.itasset", "pk": 114, "fields": {"name": "ACD-PDC-PC-01", "asset_type": 2, "serial_number": "9VP6CR3", "model": "OptiPlex 3090", "manufacturer": "Dell", "owner": 4, "purchase_date": "2024-01-11", "warranty_expiry": "2027-01-11", "status": "assigned", "assigned_to": 116, "notes": "", "mac_address_wifi": "00:00:00:00:00:00", "mac_address_ethernet": "00:00:00:00:00:00", "ip_address": "", "delivery_letter_code": "ACD-011", "receipt_date": "2024-01-30", "processor": null, "ram_size": null, "hdd1_capacity": null, "hdd2_capacity": null, "operating_system": null, "os_version": null, "screen_size": null, "resolution": null, "refresh_rate": null, "panel_type": null, "vesa_mount": false, "built_in_speakers": false, "printer_type": null, "connection_type": null, "printer_department": null, "printer_responsible": null, "paper_size_support": null, "duplex_printing": false, "toner_cartridge_model": null, "ups_capacity": null, "ups_battery_count": null, "ups_battery_life": null, "ups_battery_replacement_date": null, "ups_manufacturer": null}}, {"model": "inventory.itasset", "pk": 115, "fields": {"name": "Server-CTP-ACD", "asset_type": 2, "serial_number": "2S3QYP3", "model": "OptiPlex 3090", "manufacturer": "Dell", "owner": 4, "purchase_date": "2024-01-11", "warranty_expiry": "2027-01-11", "status": "available", "assigned_to": null, "notes": "", "mac_address_wifi": "00:00:00:00:00:00", "mac_address_ethernet": "00:00:00:00:00:00", "ip_address": "", "delivery_letter_code": "ACD-012", "receipt_date": "2024-01-30", "processor": null, "ram_size": null, "hdd1_capacity": null, "hdd2_capacity": null, "operating_system": null, "os_version": null, "screen_size": null, "resolution": null, "refresh_rate": null, "panel_type": null, "vesa_mount": false, "built_in_speakers": false, "printer_type": null, "connection_type": null, "printer_department": null, "printer_responsible": null, "paper_size_support": null, "duplex_printing": false, "toner_cartridge_model": null, "ups_capacity": null, "ups_battery_count": null, "ups_battery_life": null, "ups_battery_replacement_date": null, "ups_manufacturer": null}}, {"model": "inventory.itasset", "pk": 116, "fields": {"name": "CTP-PUR-lap-02", "asset_type": 1, "serial_number": "HNXCBS3", "model": "Latitude 5530", "manufacturer": "Dell", "owner": 2, "purchase_date": "2024-01-12", "warranty_expiry": "2027-01-12", "status": "assigned", "assigned_to": 119, "notes": "", "mac_address_wifi": "28:6B:35:65:B6:98", "mac_address_ethernet": "C4:CB:E1:01:3D:9E", "ip_address": "192.168.1.119", "delivery_letter_code": "CTP-001", "receipt_date": "2024-01-31", "processor": "12th Gen Intel(R) Core(TM) i5-1235U", "ram_size": "8GB ddr4", "hdd1_capacity": "512GB NVMe2", "hdd2_capacity": null, "operating_system": "Windows 10", "os_version": "21H2", "screen_size": null, "resolution": null, "refresh_rate": null, "panel_type": null, "vesa_mount": false, "built_in_speakers": false, "printer_type": null, "connection_type": null, "printer_department": null, "printer_responsible": null, "paper_size_support": null, "duplex_printing": false, "toner_cartridge_model": null, "ups_capacity": null, "ups_battery_count": null, "ups_battery_life": null, "ups_battery_replacement_date": null, "ups_manufacturer": null}}, {"model": "inventory.itasset", "pk": 117, "fields": {"name": "ACD-ACC-lap-03", "asset_type": 1, "serial_number": "2S3YHX3", "model": "Latitude 5540", "manufacturer": "Dell", "owner": 2, "purchase_date": "2024-01-13", "warranty_expiry": "2025-05-22", "status": "assigned", "assigned_to": 125, "notes": "", "mac_address_wifi": "04:E8:B9:CA:0C:B0", "mac_address_ethernet": "4C:D7:17:54:2F:06", "ip_address": "192.168.1.119", "delivery_letter_code": "CTP-002", "receipt_date": "2024-02-01", "processor": "13th Gen Intel(R) Core(TM) i5-1335U", "ram_size": "8GB ddr4", "hdd1_capacity": "512GB NVMe2", "hdd2_capacity": null, "operating_system": "Windows 10", "os_version": "21H2", "screen_size": null, "resolution": null, "refresh_rate": null, "panel_type": null, "vesa_mount": false, "built_in_speakers": false, "printer_type": null, "connection_type": null, "printer_department": null, "printer_responsible": null, "paper_size_support": null, "duplex_printing": false, "toner_cartridge_model": null, "ups_capacity": null, "ups_battery_count": null, "ups_battery_life": null, "ups_battery_replacement_date": null, "ups_manufacturer": null}}, {"model": "inventory.itasset", "pk": 118, "fields": {"name": "CTP-IT-LAP-01", "asset_type": 1, "serial_number": "4M3YHX3", "model": "Latitude 5540", "manufacturer": "Dell", "owner": 2, "purchase_date": "2024-01-14", "warranty_expiry": "2027-01-14", "status": "assigned", "assigned_to": 121, "notes": "", "mac_address_wifi": "04:E8:B9:9F:C3:C4", "mac_address_ethernet": "00:00:00:00:00:00", "ip_address": "192.168.1.119", "delivery_letter_code": "CTP-003", "receipt_date": "2024-02-02", "processor": "13th Gen Intel(R) Core(TM) i5-1335U", "ram_size": "8GB ddr4", "hdd1_capacity": "512GB NVMe2", "hdd2_capacity": null, "operating_system": "Windows 10", "os_version": "21H2", "screen_size": null, "resolution": null, "refresh_rate": null, "panel_type": null, "vesa_mount": false, "built_in_speakers": false, "printer_type": null, "connection_type": null, "printer_department": null, "printer_responsible": null, "paper_size_support": null, "duplex_printing": false, "toner_cartridge_model": null, "ups_capacity": null, "ups_battery_count": null, "ups_battery_life": null, "ups_battery_replacement_date": null, "ups_manufacturer": null}}, {"model": "inventory.itasset", "pk": 119, "fields": {"name": "CTP-HR-lap-02", "asset_type": 1, "serial_number": "7R3YHX3", "model": "Latitude 5540", "manufacturer": "Dell", "owner": 2, "purchase_date": "2024-01-15", "warranty_expiry": "2025-05-26", "status": "maintenance", "assigned_to": 122, "notes": "", "mac_address_wifi": "04:E8:B9:9F:C4:AF", "mac_address_ethernet": "4C:D7:17:57:32:BA", "ip_address": "192.168.1.119", "delivery_letter_code": "CTP-004", "receipt_date": "2024-02-03", "processor": "13th Gen Intel(R) Core(TM) i5-1335U", "ram_size": "8GB ddr4", "hdd1_capacity": "512GB NVMe2", "hdd2_capacity": null, "operating_system": "Windows 10", "os_version": "21H2", "screen_size": null, "resolution": null, "refresh_rate": null, "panel_type": null, "vesa_mount": false, "built_in_speakers": false, "printer_type": null, "connection_type": null, "printer_department": null, "printer_responsible": null, "paper_size_support": null, "duplex_printing": false, "toner_cartridge_model": null, "ups_capacity": null, "ups_battery_count": null, "ups_battery_life": null, "ups_battery_replacement_date": null, "ups_manufacturer": null}}, {"model": "inventory.itasset", "pk": 120, "fields": {"name": "CTP-MTN-lap-02", "asset_type": 1, "serial_number": "FT3YHX3", "model": "Latitude 5540", "manufacturer": "Dell", "owner": 2, "purchase_date": "2024-01-16", "warranty_expiry": "2027-01-16", "status": "assigned", "assigned_to": 123, "notes": "", "mac_address_wifi": "04:E8:B9:CA:0D:0F", "mac_address_ethernet": "00:00:00:00:00:00", "ip_address": "192.168.1.119", "delivery_letter_code": "CTP-005", "receipt_date": "2024-02-04", "processor": "13th Gen Intel(R) Core(TM) i5-1335U", "ram_size": "8GB ddr4", "hdd1_capacity": "512GB NVMe2", "hdd2_capacity": null, "operating_system": "Windows 10", "os_version": "21H2", "screen_size": null, "resolution": null, "refresh_rate": null, "panel_type": null, "vesa_mount": false, "built_in_speakers": false, "printer_type": null, "connection_type": null, "printer_department": null, "printer_responsible": null, "paper_size_support": null, "duplex_printing": false, "toner_cartridge_model": null, "ups_capacity": null, "ups_battery_count": null, "ups_battery_life": null, "ups_battery_replacement_date": null, "ups_manufacturer": null}}, {"model": "inventory.itasset", "pk": 121, "fields": {"name": "CTP-Quality-lap-01", "asset_type": 1, "serial_number": "2P1KCS3", "model": "Latitude 5530", "manufacturer": "Dell", "owner": 2, "purchase_date": "2024-01-17", "warranty_expiry": "2027-01-17", "status": "assigned", "assigned_to": 114, "notes": "", "mac_address_wifi": "00:00:00:00:00:00", "mac_address_ethernet": "00:00:00:00:00:00", "ip_address": "192.168.1.119", "delivery_letter_code": "CTP-006", "receipt_date": "2024-02-05", "processor": "12th Gen Intel(R) Core(TM) i5-1235U", "ram_size": "8GB ddr4", "hdd1_capacity": "512GB NVMe2", "hdd2_capacity": null, "operating_system": "Windows 10", "os_version": "21H2", "screen_size": null, "resolution": null, "refresh_rate": null, "panel_type": null, "vesa_mount": false, "built_in_speakers": false, "printer_type": null, "connection_type": null, "printer_department": null, "printer_responsible": null, "paper_size_support": null, "duplex_printing": false, "toner_cartridge_model": null, "ups_capacity": null, "ups_battery_count": null, "ups_battery_life": null, "ups_battery_replacement_date": null, "ups_manufacturer": null}}, {"model": "inventory.itasset", "pk": 122, "fields": {"name": "CTP-HR-lap-01", "asset_type": 1, "serial_number": "7RVPDS3", "model": "Latitude 5530", "manufacturer": "Dell", "owner": 2, "purchase_date": "2024-01-18", "warranty_expiry": "2027-01-18", "status": "assigned", "assigned_to": 124, "notes": "", "mac_address_wifi": "D4:D8:53:E6:1D:79", "mac_address_ethernet": "C4:CB:E1:40:AE:08", "ip_address": "192.168.1.119", "delivery_letter_code": "CTP-007", "receipt_date": "2024-02-06", "processor": "12th Gen Intel(R) Core(TM) i5-1235U", "ram_size": "8GB ddr4", "hdd1_capacity": "512GB NVMe2", "hdd2_capacity": null, "operating_system": "Windows 10", "os_version": "21H2", "screen_size": null, "resolution": null, "refresh_rate": null, "panel_type": null, "vesa_mount": false, "built_in_speakers": false, "printer_type": null, "connection_type": null, "printer_department": null, "printer_responsible": null, "paper_size_support": null, "duplex_printing": false, "toner_cartridge_model": null, "ups_capacity": null, "ups_battery_count": null, "ups_battery_life": null, "ups_battery_replacement_date": null, "ups_manufacturer": null}}, {"model": "inventory.itasset", "pk": 123, "fields": {"name": "CTP-PDC-lap-02", "asset_type": 1, "serial_number": "3SVPDS3", "model": "Latitude 5530", "manufacturer": "Dell", "owner": 2, "purchase_date": "2024-01-19", "warranty_expiry": "2027-01-19", "status": "assigned", "assigned_to": 109, "notes": "", "mac_address_wifi": "D4:D8:53:E6:1D:56", "mac_address_ethernet": "C4:CB:E1:35:00:85", "ip_address": "", "delivery_letter_code": "CTP-008", "receipt_date": "2024-02-07", "processor": null, "ram_size": null, "hdd1_capacity": null, "hdd2_capacity": null, "operating_system": null, "os_version": null, "screen_size": null, "resolution": null, "refresh_rate": null, "panel_type": null, "vesa_mount": false, "built_in_speakers": false, "printer_type": null, "connection_type": null, "printer_department": null, "printer_responsible": null, "paper_size_support": null, "duplex_printing": false, "toner_cartridge_model": null, "ups_capacity": null, "ups_battery_count": null, "ups_battery_life": null, "ups_battery_replacement_date": null, "ups_manufacturer": null}}, {"model": "inventory.itasset", "pk": 124, "fields": {"name": "CTP-PUR-lap-01", "asset_type": 1, "serial_number": "DMXCBS3", "model": "Latitude 5530", "manufacturer": "Dell", "owner": 2, "purchase_date": "2024-01-20", "warranty_expiry": "2027-01-20", "status": "assigned", "assigned_to": 126, "notes": "", "mac_address_wifi": "28:6B:5:65:CC:6E", "mac_address_ethernet": "C4:CB:E1:01:35:62", "ip_address": "192.168.1.119", "delivery_letter_code": "CTP-009", "receipt_date": "2024-02-08", "processor": "12th Gen Intel(R) Core(TM) i5-1235U", "ram_size": "8GB ddr4", "hdd1_capacity": "512GB NVMe2", "hdd2_capacity": null, "operating_system": "Windows 10", "os_version": "21H2", "screen_size": null, "resolution": null, "refresh_rate": null, "panel_type": null, "vesa_mount": false, "built_in_speakers": false, "printer_type": null, "connection_type": null, "printer_department": null, "printer_responsible": null, "paper_size_support": null, "duplex_printing": false, "toner_cartridge_model": null, "ups_capacity": null, "ups_battery_count": null, "ups_battery_life": null, "ups_battery_replacement_date": null, "ups_manufacturer": null}}, {"model": "inventory.itasset", "pk": 125, "fields": {"name": "CTP-ACC-lap-02", "asset_type": 1, "serial_number": "7NXCBS3", "model": "Latitude 5530", "manufacturer": "Dell", "owner": 2, "purchase_date": "2024-01-21", "warranty_expiry": "2027-01-21", "status": "assigned", "assigned_to": 127, "notes": "", "mac_address_wifi": "00:00:00:00:00:00", "mac_address_ethernet": "00:00:00:00:00:00", "ip_address": "192.168.1.119", "delivery_letter_code": "CTP-010", "receipt_date": "2024-02-09", "processor": "12th Gen Intel(R) Core(TM) i5-1235U", "ram_size": "8GB ddr4", "hdd1_capacity": "512GB NVMe2", "hdd2_capacity": null, "operating_system": "Windows 10", "os_version": "21H2", "screen_size": null, "resolution": null, "refresh_rate": null, "panel_type": null, "vesa_mount": false, "built_in_speakers": false, "printer_type": null, "connection_type": null, "printer_department": null, "printer_responsible": null, "paper_size_support": null, "duplex_printing": false, "toner_cartridge_model": null, "ups_capacity": null, "ups_battery_count": null, "ups_battery_life": null, "ups_battery_replacement_date": null, "ups_manufacturer": null}}, {"model": "inventory.itasset", "pk": 126, "fields": {"name": "CTP-ACC-lap-01", "asset_type": 1, "serial_number": "4R1KCS3", "model": "Latitude 5530", "manufacturer": "Dell", "owner": 2, "purchase_date": "2024-01-22", "warranty_expiry": "2027-01-22", "status": "assigned", "assigned_to": 128, "notes": "", "mac_address_wifi": "F4:C8:8A:FE:44:58", "mac_address_ethernet": "C4:CB:E1:36:B3:0D", "ip_address": "192.168.1.119", "delivery_letter_code": "CTP-011", "receipt_date": "2024-02-10", "processor": "12th Gen Intel(R) Core(TM) i5-1235U", "ram_size": "8GB ddr4", "hdd1_capacity": "512GB NVMe2", "hdd2_capacity": null, "operating_system": "Windows 10", "os_version": "21H2", "screen_size": null, "resolution": null, "refresh_rate": null, "panel_type": null, "vesa_mount": false, "built_in_speakers": false, "printer_type": null, "connection_type": null, "printer_department": null, "printer_responsible": null, "paper_size_support": null, "duplex_printing": false, "toner_cartridge_model": null, "ups_capacity": null, "ups_battery_count": null, "ups_battery_life": null, "ups_battery_replacement_date": null, "ups_manufacturer": null}}, {"model": "inventory.itasset", "pk": 127, "fields": {"name": "CTP-ACC-lap-03", "asset_type": 1, "serial_number": "2N3YHX3", "model": "Latitude 5540", "manufacturer": "Dell", "owner": 2, "purchase_date": "2024-01-23", "warranty_expiry": "2027-01-23", "status": "assigned", "assigned_to": 115, "notes": "", "mac_address_wifi": "04:E8:B9:9F:C4:7D", "mac_address_ethernet": "4C:D7:17:56:B1:3E", "ip_address": "192.168.1.119", "delivery_letter_code": "CTP-012", "receipt_date": "2024-02-11", "processor": "13th Gen Intel(R) Core(TM) i5-1335U", "ram_size": "8GB ddr4", "hdd1_capacity": "512GB NVMe2", "hdd2_capacity": null, "operating_system": "Windows 10", "os_version": "21H2", "screen_size": null, "resolution": null, "refresh_rate": null, "panel_type": null, "vesa_mount": false, "built_in_speakers": false, "printer_type": null, "connection_type": null, "printer_department": null, "printer_responsible": null, "paper_size_support": null, "duplex_printing": false, "toner_cartridge_model": null, "ups_capacity": null, "ups_battery_count": null, "ups_battery_life": null, "ups_battery_replacement_date": null, "ups_manufacturer": null}}, {"model": "inventory.itasset", "pk": 128, "fields": {"name": "CTP-PDC-lap-01", "asset_type": 1, "serial_number": "JM3YHX3", "model": "Latitude 5540", "manufacturer": "Dell", "owner": 2, "purchase_date": "2024-01-24", "warranty_expiry": "2027-01-24", "status": "assigned", "assigned_to": 129, "notes": "", "mac_address_wifi": "04:E8:B9:9F:C4:6E", "mac_address_ethernet": "4C:D7:17:56:AD:72", "ip_address": "192.168.1.119", "delivery_letter_code": "CTP-013", "receipt_date": "2024-02-12", "processor": "13th Gen Intel(R) Core(TM) i5-1335U", "ram_size": "8GB ddr4", "hdd1_capacity": "512GB NVMe2", "hdd2_capacity": null, "operating_system": "Windows 10", "os_version": "21H2", "screen_size": null, "resolution": null, "refresh_rate": null, "panel_type": null, "vesa_mount": false, "built_in_speakers": false, "printer_type": null, "connection_type": null, "printer_department": null, "printer_responsible": null, "paper_size_support": null, "duplex_printing": false, "toner_cartridge_model": null, "ups_capacity": null, "ups_battery_count": null, "ups_battery_life": null, "ups_battery_replacement_date": null, "ups_manufacturer": null}}, {"model": "inventory.itasset", "pk": 129, "fields": {"name": "Canon MF3010", "asset_type": 6, "serial_number": "YNK25219", "model": "MF3010", "manufacturer": "Canon", "owner": 2, "purchase_date": "2024-01-25", "warranty_expiry": "2025-05-29", "status": "assigned", "assigned_to": 125, "notes": "", "mac_address_wifi": "00:00:00:00:00:00", "mac_address_ethernet": "00:00:00:00:00:00", "ip_address": "", "delivery_letter_code": "CTP-014", "receipt_date": "2024-02-13", "processor": null, "ram_size": null, "hdd1_capacity": null, "hdd2_capacity": null, "operating_system": null, "os_version": null, "screen_size": null, "resolution": null, "refresh_rate": null, "panel_type": null, "vesa_mount": false, "built_in_speakers": false, "printer_type": null, "connection_type": null, "printer_department": null, "printer_responsible": null, "paper_size_support": null, "duplex_printing": false, "toner_cartridge_model": null, "ups_capacity": null, "ups_battery_count": null, "ups_battery_life": null, "ups_battery_replacement_date": null, "ups_manufacturer": null}}, {"model": "inventory.itasset", "pk": 130, "fields": {"name": "Canon MF3010", "asset_type": 6, "serial_number": "YNk40521", "model": "MF3010", "manufacturer": "Canon", "owner": 2, "purchase_date": "2024-01-26", "warranty_expiry": "2027-01-26", "status": "assigned", "assigned_to": 122, "notes": "", "mac_address_wifi": "00:00:00:00:00:01", "mac_address_ethernet": "00:00:00:00:00:01", "ip_address": "", "delivery_letter_code": "CTP-015", "receipt_date": "2024-02-14", "processor": null, "ram_size": null, "hdd1_capacity": null, "hdd2_capacity": null, "operating_system": null, "os_version": null, "screen_size": null, "resolution": null, "refresh_rate": null, "panel_type": null, "vesa_mount": false, "built_in_speakers": false, "printer_type": null, "connection_type": null, "printer_department": null, "printer_responsible": null, "paper_size_support": null, "duplex_printing": false, "toner_cartridge_model": null, "ups_capacity": null, "ups_battery_count": null, "ups_battery_life": null, "ups_battery_replacement_date": null, "ups_manufacturer": null}}, {"model": "inventory.itasset", "pk": 131, "fields": {"name": "Canon mf453dw", "asset_type": 6, "serial_number": "3ZJ3663", "model": "mf453dw", "manufacturer": "Canon", "owner": 2, "purchase_date": "2023-09-27", "warranty_expiry": "2027-01-27", "status": "assigned", "assigned_to": 124, "notes": "", "mac_address_wifi": "80:A5:89:FE:C5:16", "mac_address_ethernet": "00:00:00:00:00:02", "ip_address": "192.168.20.101", "delivery_letter_code": "CTP-016", "receipt_date": "2024-02-15", "processor": null, "ram_size": null, "hdd1_capacity": null, "hdd2_capacity": null, "operating_system": null, "os_version": null, "screen_size": null, "resolution": null, "refresh_rate": null, "panel_type": null, "vesa_mount": false, "built_in_speakers": false, "printer_type": null, "connection_type": null, "printer_department": null, "printer_responsible": null, "paper_size_support": null, "duplex_printing": false, "toner_cartridge_model": null, "ups_capacity": null, "ups_battery_count": null, "ups_battery_life": null, "ups_battery_replacement_date": null, "ups_manufacturer": null}}, {"model": "inventory.itasset", "pk": 132, "fields": {"name": "Canon mf453dw", "asset_type": 6, "serial_number": "3ZJ13658", "model": "mf453dw", "manufacturer": "Canon", "owner": 2, "purchase_date": "2024-01-28", "warranty_expiry": "2025-05-22", "status": "assigned", "assigned_to": 139, "notes": "", "mac_address_wifi": "80:A5:89:FA:B2:A8", "mac_address_ethernet": "00:00:00:00:00:03", "ip_address": "192.168.20.103", "delivery_letter_code": "CTP-017", "receipt_date": "2024-02-16", "processor": null, "ram_size": null, "hdd1_capacity": null, "hdd2_capacity": null, "operating_system": null, "os_version": null, "screen_size": null, "resolution": null, "refresh_rate": null, "panel_type": null, "vesa_mount": false, "built_in_speakers": false, "printer_type": null, "connection_type": null, "printer_department": null, "printer_responsible": null, "paper_size_support": null, "duplex_printing": false, "toner_cartridge_model": null, "ups_capacity": null, "ups_battery_count": null, "ups_battery_life": null, "ups_battery_replacement_date": null, "ups_manufacturer": null}}, {"model": "inventory.itasset", "pk": 133, "fields": {"name": "Canon mf453dw", "asset_type": 6, "serial_number": "3ZJ15587", "model": "mf453dw", "manufacturer": "Canon", "owner": 2, "purchase_date": "2024-01-29", "warranty_expiry": "2027-01-29", "status": "assigned", "assigned_to": 126, "notes": "", "mac_address_wifi": "00:00:00:00:00:04", "mac_address_ethernet": "00:00:00:00:00:04", "ip_address": "", "delivery_letter_code": "CTP-018", "receipt_date": "2024-02-17", "processor": null, "ram_size": null, "hdd1_capacity": null, "hdd2_capacity": null, "operating_system": null, "os_version": null, "screen_size": null, "resolution": null, "refresh_rate": null, "panel_type": null, "vesa_mount": false, "built_in_speakers": false, "printer_type": null, "connection_type": null, "printer_department": null, "printer_responsible": null, "paper_size_support": null, "duplex_printing": false, "toner_cartridge_model": null, "ups_capacity": null, "ups_battery_count": null, "ups_battery_life": null, "ups_battery_replacement_date": null, "ups_manufacturer": null}}, {"model": "inventory.itasset", "pk": 134, "fields": {"name": "Canon mf453dw", "asset_type": 6, "serial_number": "3Z17018", "model": "mf453dw", "manufacturer": "Canon", "owner": 2, "purchase_date": "2024-01-30", "warranty_expiry": "2027-01-30", "status": "assigned", "assigned_to": 121, "notes": "", "mac_address_wifi": "00:00:00:00:00:05", "mac_address_ethernet": "00:00:00:00:00:05", "ip_address": "", "delivery_letter_code": "CTP-019", "receipt_date": "2024-02-18", "processor": null, "ram_size": null, "hdd1_capacity": null, "hdd2_capacity": null, "operating_system": null, "os_version": null, "screen_size": null, "resolution": null, "refresh_rate": null, "panel_type": null, "vesa_mount": false, "built_in_speakers": false, "printer_type": null, "connection_type": null, "printer_department": null, "printer_responsible": null, "paper_size_support": null, "duplex_printing": false, "toner_cartridge_model": null, "ups_capacity": null, "ups_battery_count": null, "ups_battery_life": null, "ups_battery_replacement_date": null, "ups_manufacturer": null}}, {"model": "inventory.itasset", "pk": 135, "fields": {"name": "Canon mf453dw", "asset_type": 6, "serial_number": "3ZJ23511", "model": "mf453dw", "manufacturer": "Canon", "owner": 2, "purchase_date": "2024-01-31", "warranty_expiry": "2027-01-31", "status": "available", "assigned_to": null, "notes": "", "mac_address_wifi": "00:00:00:00:00:06", "mac_address_ethernet": "00:00:00:00:00:06", "ip_address": "", "delivery_letter_code": "CTP-020", "receipt_date": "2024-02-19", "processor": null, "ram_size": null, "hdd1_capacity": null, "hdd2_capacity": null, "operating_system": null, "os_version": null, "screen_size": null, "resolution": null, "refresh_rate": null, "panel_type": null, "vesa_mount": false, "built_in_speakers": false, "printer_type": null, "connection_type": null, "printer_department": null, "printer_responsible": null, "paper_size_support": null, "duplex_printing": false, "toner_cartridge_model": null, "ups_capacity": null, "ups_battery_count": null, "ups_battery_life": null, "ups_battery_replacement_date": null, "ups_manufacturer": null}}, {"model": "inventory.itasset", "pk": 136, "fields": {"name": "CTP-HR-PC-03", "asset_type": 2, "serial_number": "MXL83229BP", "model": "HP ProDesk 400 G4 SFF", "manufacturer": "Hp", "owner": 3, "purchase_date": "2024-01-27", "warranty_expiry": "2027-01-31", "status": "assigned", "assigned_to": 133, "notes": "", "mac_address_wifi": "00:00:00:00:00:07", "mac_address_ethernet": "10:E7:C6:B2:9E:2A", "ip_address": "", "delivery_letter_code": "EGYA-01", "receipt_date": "2024-02-20", "processor": null, "ram_size": null, "hdd1_capacity": null, "hdd2_capacity": null, "operating_system": null, "os_version": null, "screen_size": null, "resolution": null, "refresh_rate": null, "panel_type": null, "vesa_mount": false, "built_in_speakers": false, "printer_type": null, "connection_type": null, "printer_department": null, "printer_responsible": null, "paper_size_support": null, "duplex_printing": false, "toner_cartridge_model": null, "ups_capacity": null, "ups_battery_count": null, "ups_battery_life": null, "ups_battery_replacement_date": null, "ups_manufacturer": null}}, {"model": "inventory.itasset", "pk": 137, "fields": {"name": "CTP-PROD-03", "asset_type": 2, "serial_number": "MXL8291TWH", "model": "HP ProDesk 400 G4 SFF", "manufacturer": "Hp", "owner": 3, "purchase_date": "2024-01-28", "warranty_expiry": "2027-01-31", "status": "assigned", "assigned_to": 134, "notes": "", "mac_address_wifi": "00:00:00:00:00:08", "mac_address_ethernet": "10:E7:C6:B0:24:E6", "ip_address": "", "delivery_letter_code": "EGYA-02", "receipt_date": "2024-02-21", "processor": null, "ram_size": null, "hdd1_capacity": null, "hdd2_capacity": null, "operating_system": null, "os_version": null, "screen_size": null, "resolution": null, "refresh_rate": null, "panel_type": null, "vesa_mount": false, "built_in_speakers": false, "printer_type": null, "connection_type": null, "printer_department": null, "printer_responsible": null, "paper_size_support": null, "duplex_printing": false, "toner_cartridge_model": null, "ups_capacity": null, "ups_battery_count": null, "ups_battery_life": null, "ups_battery_replacement_date": null, "ups_manufacturer": null}}, {"model": "inventory.itasset", "pk": 138, "fields": {"name": "CTP-WH-PC-01", "asset_type": 2, "serial_number": "MXL82913MH", "model": "HP ProDesk 400 G4 SFF", "manufacturer": "Hp", "owner": 3, "purchase_date": "2024-01-29", "warranty_expiry": "2027-01-31", "status": "assigned", "assigned_to": 135, "notes": "", "mac_address_wifi": "0C:C6:55:63:1E:F4", "mac_address_ethernet": "10:E7:C6:B0:32:14", "ip_address": "", "delivery_letter_code": "EGYA-03", "receipt_date": "2024-02-22", "processor": null, "ram_size": null, "hdd1_capacity": null, "hdd2_capacity": null, "operating_system": null, "os_version": null, "screen_size": null, "resolution": null, "refresh_rate": null, "panel_type": null, "vesa_mount": false, "built_in_speakers": false, "printer_type": null, "connection_type": null, "printer_department": null, "printer_responsible": null, "paper_size_support": null, "duplex_printing": false, "toner_cartridge_model": null, "ups_capacity": null, "ups_battery_count": null, "ups_battery_life": null, "ups_battery_replacement_date": null, "ups_manufacturer": null}}, {"model": "inventory.itasset", "pk": 139, "fields": {"name": "CTP-WH-PC-02", "asset_type": 2, "serial_number": "MXL8231LJR", "model": "HP ProDesk 400 G4 SFF", "manufacturer": "Hp", "owner": 3, "purchase_date": "2024-01-30", "warranty_expiry": "2027-01-31", "status": "assigned", "assigned_to": 136, "notes": "", "mac_address_wifi": "00:00:00:00:00:00", "mac_address_ethernet": "00:00:00:00:00:00", "ip_address": "", "delivery_letter_code": "EGYA-04", "receipt_date": "2024-02-23", "processor": null, "ram_size": null, "hdd1_capacity": null, "hdd2_capacity": null, "operating_system": null, "os_version": null, "screen_size": null, "resolution": null, "refresh_rate": null, "panel_type": null, "vesa_mount": false, "built_in_speakers": false, "printer_type": null, "connection_type": null, "printer_department": null, "printer_responsible": null, "paper_size_support": null, "duplex_printing": false, "toner_cartridge_model": null, "ups_capacity": null, "ups_battery_count": null, "ups_battery_life": null, "ups_battery_replacement_date": null, "ups_manufacturer": null}}, {"model": "inventory.itasset", "pk": 140, "fields": {"name": "CTP-PROD-04", "asset_type": 2, "serial_number": "MXL8371P58", "model": "HP ProDesk 400 G4 SFF", "manufacturer": "Hp", "owner": 3, "purchase_date": "2024-01-31", "warranty_expiry": "2027-01-31", "status": "available", "assigned_to": null, "notes": "", "mac_address_wifi": "00:07:26:8F:37:E3", "mac_address_ethernet": "10:E7:C6:B7:F7:A0", "ip_address": "", "delivery_letter_code": "EGYA-05", "receipt_date": "2024-02-24", "processor": "12th Gen Intel(R) Core(TM) i5-1235U", "ram_size": "16GB ddr4", "hdd1_capacity": "500GB HDD", "hdd2_capacity": null, "operating_system": "Windows 10", "os_version": "21H2", "screen_size": null, "resolution": null, "refresh_rate": null, "panel_type": null, "vesa_mount": false, "built_in_speakers": false, "printer_type": null, "connection_type": null, "printer_department": null, "printer_responsible": null, "paper_size_support": null, "duplex_printing": false, "toner_cartridge_model": null, "ups_capacity": null, "ups_battery_count": null, "ups_battery_life": null, "ups_battery_replacement_date": null, "ups_manufacturer": null}}, {"model": "inventory.itasset", "pk": 141, "fields": {"name": "CTP-WH-PC-02", "asset_type": 2, "serial_number": "MXL8302M7F", "model": "HP ProDesk 400 G4 SFF", "manufacturer": "Hp", "owner": 3, "purchase_date": "2024-02-01", "warranty_expiry": "2027-01-31", "status": "assigned", "assigned_to": null, "notes": "", "mac_address_wifi": "E0:1C:FC:AE:3F:87", "mac_address_ethernet": "10:E7:C6:AE:AF:35", "ip_address": "", "delivery_letter_code": "EGYA-06", "receipt_date": "2024-02-25", "processor": null, "ram_size": "8g dd3", "hdd1_capacity": null, "hdd2_capacity": null, "operating_system": null, "os_version": null, "screen_size": null, "resolution": null, "refresh_rate": null, "panel_type": null, "vesa_mount": false, "built_in_speakers": false, "printer_type": null, "connection_type": null, "printer_department": null, "printer_responsible": null, "paper_size_support": null, "duplex_printing": false, "toner_cartridge_model": null, "ups_capacity": null, "ups_battery_count": null, "ups_battery_life": null, "ups_battery_replacement_date": null, "ups_manufacturer": null}}, {"model": "inventory.itasset", "pk": 142, "fields": {"name": "CTP-WH-PC-03", "asset_type": 2, "serial_number": "MXL8302MD5", "model": "HP ProDesk 400 G4 SFF", "manufacturer": "Hp", "owner": 3, "purchase_date": "2024-02-02", "warranty_expiry": "2027-01-31", "status": "available", "assigned_to": null, "notes": "", "mac_address_wifi": "00:00:00:00:00:00", "mac_address_ethernet": "00:00:00:00:00:00", "ip_address": "", "delivery_letter_code": "EGYA-07", "receipt_date": "2024-02-26", "processor": null, "ram_size": null, "hdd1_capacity": null, "hdd2_capacity": null, "operating_system": null, "os_version": null, "screen_size": null, "resolution": null, "refresh_rate": null, "panel_type": null, "vesa_mount": false, "built_in_speakers": false, "printer_type": null, "connection_type": null, "printer_department": null, "printer_responsible": null, "paper_size_support": null, "duplex_printing": false, "toner_cartridge_model": null, "ups_capacity": null, "ups_battery_count": null, "ups_battery_life": null, "ups_battery_replacement_date": null, "ups_manufacturer": null}}, {"model": "inventory.itasset", "pk": 143, "fields": {"name": "CTP-WH-PC-04", "asset_type": 2, "serial_number": "MXL8331FNT", "model": "HP ProDesk 400 G4 SFF", "manufacturer": "Hp", "owner": 3, "purchase_date": "2024-02-03", "warranty_expiry": "2027-01-31", "status": "available", "assigned_to": null, "notes": "", "mac_address_wifi": "00:00:00:00:00:00", "mac_address_ethernet": "00:00:00:00:00:00", "ip_address": "", "delivery_letter_code": "EGYA-08", "receipt_date": "2024-02-27", "processor": null, "ram_size": null, "hdd1_capacity": null, "hdd2_capacity": null, "operating_system": null, "os_version": null, "screen_size": null, "resolution": null, "refresh_rate": null, "panel_type": null, "vesa_mount": false, "built_in_speakers": false, "printer_type": null, "connection_type": null, "printer_department": null, "printer_responsible": null, "paper_size_support": null, "duplex_printing": false, "toner_cartridge_model": null, "ups_capacity": null, "ups_battery_count": null, "ups_battery_life": null, "ups_battery_replacement_date": null, "ups_manufacturer": null}}, {"model": "inventory.itasset", "pk": 144, "fields": {"name": "CTP-WH-PC-05", "asset_type": 2, "serial_number": "MXL83428CT", "model": "HP ProDesk 400 G4 SFF", "manufacturer": "Hp", "owner": 3, "purchase_date": "2024-02-04", "warranty_expiry": "2027-01-31", "status": "assigned", "assigned_to": null, "notes": "", "mac_address_wifi": "00:00:00:00:00:00", "mac_address_ethernet": "00:00:00:00:00:00", "ip_address": "", "delivery_letter_code": "EGYA-09", "receipt_date": "2024-02-28", "processor": null, "ram_size": null, "hdd1_capacity": null, "hdd2_capacity": null, "operating_system": null, "os_version": null, "screen_size": null, "resolution": null, "refresh_rate": null, "panel_type": null, "vesa_mount": false, "built_in_speakers": false, "printer_type": null, "connection_type": null, "printer_department": null, "printer_responsible": null, "paper_size_support": null, "duplex_printing": false, "toner_cartridge_model": null, "ups_capacity": null, "ups_battery_count": null, "ups_battery_life": null, "ups_battery_replacement_date": null, "ups_manufacturer": null}}, {"model": "inventory.itasset", "pk": 145, "fields": {"name": "CTP-WH-PC-06", "asset_type": 2, "serial_number": "MXL8221PB8", "model": "HP ProDesk 400 G4 SFF", "manufacturer": "Hp", "owner": 3, "purchase_date": "2024-02-05", "warranty_expiry": "2027-01-31", "status": "available", "assigned_to": null, "notes": "", "mac_address_wifi": "00:00:00:00:00:00", "mac_address_ethernet": "00:00:00:00:00:00", "ip_address": "", "delivery_letter_code": "EGYA-10", "receipt_date": "2024-02-29", "processor": null, "ram_size": null, "hdd1_capacity": null, "hdd2_capacity": null, "operating_system": null, "os_version": null, "screen_size": null, "resolution": null, "refresh_rate": null, "panel_type": null, "vesa_mount": false, "built_in_speakers": false, "printer_type": null, "connection_type": null, "printer_department": null, "printer_responsible": null, "paper_size_support": null, "duplex_printing": false, "toner_cartridge_model": null, "ups_capacity": null, "ups_battery_count": null, "ups_battery_life": null, "ups_battery_replacement_date": null, "ups_manufacturer": null}}, {"model": "inventory.itasset", "pk": 146, "fields": {"name": "CTP-WH-PC-07", "asset_type": 2, "serial_number": "MXL8302M5M", "model": "HP ProDesk 400 G4 SFF", "manufacturer": "Hp", "owner": 3, "purchase_date": "2024-02-06", "warranty_expiry": "2027-01-31", "status": "available", "assigned_to": null, "notes": "", "mac_address_wifi": "00:00:00:00:00:00", "mac_address_ethernet": "00:00:00:00:00:00", "ip_address": "", "delivery_letter_code": "EGYA-11", "receipt_date": "2024-03-01", "processor": null, "ram_size": null, "hdd1_capacity": null, "hdd2_capacity": null, "operating_system": null, "os_version": null, "screen_size": null, "resolution": null, "refresh_rate": null, "panel_type": null, "vesa_mount": false, "built_in_speakers": false, "printer_type": null, "connection_type": null, "printer_department": null, "printer_responsible": null, "paper_size_support": null, "duplex_printing": false, "toner_cartridge_model": null, "ups_capacity": null, "ups_battery_count": null, "ups_battery_life": null, "ups_battery_replacement_date": null, "ups_manufacturer": null}}, {"model": "inventory.itasset", "pk": 147, "fields": {"name": "CTP-WH-PC-08", "asset_type": 2, "serial_number": "MXL836203K", "model": "HP ProDesk 400 G4 SFF", "manufacturer": "Hp", "owner": 3, "purchase_date": "2024-02-07", "warranty_expiry": "2027-01-31", "status": "available", "assigned_to": null, "notes": "", "mac_address_wifi": "00:00:00:00:00:00", "mac_address_ethernet": "00:00:00:00:00:00", "ip_address": "", "delivery_letter_code": "EGYA-12", "receipt_date": "2024-03-02", "processor": null, "ram_size": null, "hdd1_capacity": null, "hdd2_capacity": null, "operating_system": null, "os_version": null, "screen_size": null, "resolution": null, "refresh_rate": null, "panel_type": null, "vesa_mount": false, "built_in_speakers": false, "printer_type": null, "connection_type": null, "printer_department": null, "printer_responsible": null, "paper_size_support": null, "duplex_printing": false, "toner_cartridge_model": null, "ups_capacity": null, "ups_battery_count": null, "ups_battery_life": null, "ups_battery_replacement_date": null, "ups_manufacturer": null}}, {"model": "inventory.itasset", "pk": 148, "fields": {"name": "CTP-WH-PC-09", "asset_type": 2, "serial_number": "MXL8301WLY", "model": "HP ProDesk 400 G4 SFF", "manufacturer": "Hp", "owner": 3, "purchase_date": "2024-02-08", "warranty_expiry": "2027-01-31", "status": "available", "assigned_to": null, "notes": "", "mac_address_wifi": "00:00:00:00:00:00", "mac_address_ethernet": "00:00:00:00:00:00", "ip_address": "", "delivery_letter_code": "EGYA-13", "receipt_date": "2024-03-03", "processor": null, "ram_size": null, "hdd1_capacity": null, "hdd2_capacity": null, "operating_system": null, "os_version": null, "screen_size": null, "resolution": null, "refresh_rate": null, "panel_type": null, "vesa_mount": false, "built_in_speakers": false, "printer_type": null, "connection_type": null, "printer_department": null, "printer_responsible": null, "paper_size_support": null, "duplex_printing": false, "toner_cartridge_model": null, "ups_capacity": null, "ups_battery_count": null, "ups_battery_life": null, "ups_battery_replacement_date": null, "ups_manufacturer": null}}, {"model": "inventory.itasset", "pk": 149, "fields": {"name": "CTP-WH-PC-10", "asset_type": 2, "serial_number": "MXL8310TZ7", "model": "HP ProDesk 400 G4 SFF", "manufacturer": "Hp", "owner": 3, "purchase_date": "2024-02-09", "warranty_expiry": "2027-01-31", "status": "available", "assigned_to": null, "notes": "", "mac_address_wifi": "00:00:00:00:00:00", "mac_address_ethernet": "00:00:00:00:00:00", "ip_address": "", "delivery_letter_code": "EGYA-14", "receipt_date": "2024-03-04", "processor": null, "ram_size": null, "hdd1_capacity": null, "hdd2_capacity": null, "operating_system": null, "os_version": null, "screen_size": null, "resolution": null, "refresh_rate": null, "panel_type": null, "vesa_mount": false, "built_in_speakers": false, "printer_type": null, "connection_type": null, "printer_department": null, "printer_responsible": null, "paper_size_support": null, "duplex_printing": false, "toner_cartridge_model": null, "ups_capacity": null, "ups_battery_count": null, "ups_battery_life": null, "ups_battery_replacement_date": null, "ups_manufacturer": null}}, {"model": "inventory.itasset", "pk": 150, "fields": {"name": "CTP-WH-PC-11", "asset_type": 2, "serial_number": "MXL8302MC4", "model": "HP ProDesk 400 G4 SFF", "manufacturer": "Hp", "owner": 3, "purchase_date": "2024-02-10", "warranty_expiry": "2027-01-31", "status": "available", "assigned_to": null, "notes": "", "mac_address_wifi": "00:00:00:00:00:00", "mac_address_ethernet": "00:00:00:00:00:00", "ip_address": "", "delivery_letter_code": "EGYA-15", "receipt_date": "2024-03-05", "processor": null, "ram_size": null, "hdd1_capacity": null, "hdd2_capacity": null, "operating_system": null, "os_version": null, "screen_size": null, "resolution": null, "refresh_rate": null, "panel_type": null, "vesa_mount": false, "built_in_speakers": false, "printer_type": null, "connection_type": null, "printer_department": null, "printer_responsible": null, "paper_size_support": null, "duplex_printing": false, "toner_cartridge_model": null, "ups_capacity": null, "ups_battery_count": null, "ups_battery_life": null, "ups_battery_replacement_date": null, "ups_manufacturer": null}}, {"model": "inventory.itasset", "pk": 151, "fields": {"name": "CTP-WH-PC-12", "asset_type": 2, "serial_number": "MXL8310TV", "model": "HP ProDesk 400 G4 SFF", "manufacturer": "Hp", "owner": 3, "purchase_date": "2024-02-11", "warranty_expiry": "2027-01-31", "status": "available", "assigned_to": null, "notes": "", "mac_address_wifi": "00:00:00:00:00:00", "mac_address_ethernet": "00:00:00:00:00:00", "ip_address": "", "delivery_letter_code": "EGYA-16", "receipt_date": "2024-03-06", "processor": null, "ram_size": null, "hdd1_capacity": null, "hdd2_capacity": null, "operating_system": null, "os_version": null, "screen_size": null, "resolution": null, "refresh_rate": null, "panel_type": null, "vesa_mount": false, "built_in_speakers": false, "printer_type": null, "connection_type": null, "printer_department": null, "printer_responsible": null, "paper_size_support": null, "duplex_printing": false, "toner_cartridge_model": null, "ups_capacity": null, "ups_battery_count": null, "ups_battery_life": null, "ups_battery_replacement_date": null, "ups_manufacturer": null}}, {"model": "inventory.itasset", "pk": 152, "fields": {"name": "CTP-WH-PC-13", "asset_type": 2, "serial_number": "MXL82921H7", "model": "HP ProDesk 400 G4 SFF", "manufacturer": "Hp", "owner": 3, "purchase_date": "2024-02-12", "warranty_expiry": "2027-01-31", "status": "available", "assigned_to": null, "notes": "", "mac_address_wifi": "00:00:00:00:00:00", "mac_address_ethernet": "00:00:00:00:00:00", "ip_address": "", "delivery_letter_code": "EGYA-17", "receipt_date": "2024-03-07", "processor": null, "ram_size": null, "hdd1_capacity": null, "hdd2_capacity": null, "operating_system": null, "os_version": null, "screen_size": null, "resolution": null, "refresh_rate": null, "panel_type": null, "vesa_mount": false, "built_in_speakers": false, "printer_type": null, "connection_type": null, "printer_department": null, "printer_responsible": null, "paper_size_support": null, "duplex_printing": false, "toner_cartridge_model": null, "ups_capacity": null, "ups_battery_count": null, "ups_battery_life": null, "ups_battery_replacement_date": null, "ups_manufacturer": null}}, {"model": "inventory.itasset", "pk": 153, "fields": {"name": "CTP-WH-PC-14", "asset_type": 2, "serial_number": "2UA7481M2D", "model": "HP ProDesk 400 G4 SFF", "manufacturer": "Hp", "owner": 3, "purchase_date": "2024-02-13", "warranty_expiry": "2027-01-31", "status": "available", "assigned_to": null, "notes": "", "mac_address_wifi": "00:00:00:00:00:00", "mac_address_ethernet": "00:00:00:00:00:00", "ip_address": "", "delivery_letter_code": "EGYA-18", "receipt_date": "2024-03-08", "processor": null, "ram_size": null, "hdd1_capacity": null, "hdd2_capacity": null, "operating_system": null, "os_version": null, "screen_size": null, "resolution": null, "refresh_rate": null, "panel_type": null, "vesa_mount": false, "built_in_speakers": false, "printer_type": null, "connection_type": null, "printer_department": null, "printer_responsible": null, "paper_size_support": null, "duplex_printing": false, "toner_cartridge_model": null, "ups_capacity": null, "ups_battery_count": null, "ups_battery_life": null, "ups_battery_replacement_date": null, "ups_manufacturer": null}}, {"model": "inventory.itasset", "pk": 154, "fields": {"name": "CTP-WH-PC-15", "asset_type": 2, "serial_number": "AUD6110GK4", "model": "HP ProDesk 400 G4 SFF", "manufacturer": "Hp", "owner": 3, "purchase_date": "2024-02-14", "warranty_expiry": "2027-01-31", "status": "available", "assigned_to": null, "notes": "", "mac_address_wifi": "00:00:00:00:00:00", "mac_address_ethernet": "00:00:00:00:00:00", "ip_address": "", "delivery_letter_code": "EGYA-19", "receipt_date": "2024-03-09", "processor": null, "ram_size": null, "hdd1_capacity": null, "hdd2_capacity": null, "operating_system": null, "os_version": null, "screen_size": null, "resolution": null, "refresh_rate": null, "panel_type": null, "vesa_mount": false, "built_in_speakers": false, "printer_type": null, "connection_type": null, "printer_department": null, "printer_responsible": null, "paper_size_support": null, "duplex_printing": false, "toner_cartridge_model": null, "ups_capacity": null, "ups_battery_count": null, "ups_battery_life": null, "ups_battery_replacement_date": null, "ups_manufacturer": null}}, {"model": "inventory.itasset", "pk": 155, "fields": {"name": "CTP-WH-PC-16", "asset_type": 2, "serial_number": "2UA6342NXJ", "model": "HP ProDesk 400 G4 SFF", "manufacturer": "Hp", "owner": 3, "purchase_date": "2024-02-15", "warranty_expiry": "2027-01-31", "status": "available", "assigned_to": null, "notes": "", "mac_address_wifi": "00:00:00:00:00:00", "mac_address_ethernet": "00:00:00:00:00:00", "ip_address": "", "delivery_letter_code": "EGYA-20", "receipt_date": "2024-03-10", "processor": null, "ram_size": null, "hdd1_capacity": null, "hdd2_capacity": null, "operating_system": null, "os_version": null, "screen_size": null, "resolution": null, "refresh_rate": null, "panel_type": null, "vesa_mount": false, "built_in_speakers": false, "printer_type": null, "connection_type": null, "printer_department": null, "printer_responsible": null, "paper_size_support": null, "duplex_printing": false, "toner_cartridge_model": null, "ups_capacity": null, "ups_battery_count": null, "ups_battery_life": null, "ups_battery_replacement_date": null, "ups_manufacturer": null}}, {"model": "inventory.itasset", "pk": 156, "fields": {"name": "backpage laptop", "asset_type": 15, "serial_number": "EGY-001", "model": "EGY", "manufacturer": "EGY", "owner": 2, "purchase_date": "2025-03-01", "warranty_expiry": null, "status": "assigned", "assigned_to": 121, "notes": "", "mac_address_wifi": "", "mac_address_ethernet": "", "ip_address": "", "delivery_letter_code": "", "receipt_date": null, "processor": null, "ram_size": null, "hdd1_capacity": null, "hdd2_capacity": null, "operating_system": null, "os_version": null, "screen_size": null, "resolution": null, "refresh_rate": null, "panel_type": null, "vesa_mount": false, "built_in_speakers": false, "printer_type": null, "connection_type": null, "printer_department": null, "printer_responsible": null, "paper_size_support": null, "duplex_printing": false, "toner_cartridge_model": null, "ups_capacity": null, "ups_battery_count": null, "ups_battery_life": null, "ups_battery_replacement_date": null, "ups_manufacturer": null}}, {"model": "inventory.itasset", "pk": 160, "fields": {"name": "TONER", "asset_type": 30, "serial_number": "Toner-057-0001", "model": "cartidge 057-Canon", "manufacturer": "Canon", "owner": 2, "purchase_date": "2025-01-01", "warranty_expiry": null, "status": "assigned", "assigned_to": 119, "notes": "", "mac_address_wifi": "", "mac_address_ethernet": "", "ip_address": "", "delivery_letter_code": "", "receipt_date": "2025-05-26", "processor": null, "ram_size": null, "hdd1_capacity": null, "hdd2_capacity": null, "operating_system": null, "os_version": null, "screen_size": null, "resolution": null, "refresh_rate": null, "panel_type": null, "vesa_mount": false, "built_in_speakers": false, "printer_type": null, "connection_type": null, "printer_department": null, "printer_responsible": null, "paper_size_support": null, "duplex_printing": false, "toner_cartridge_model": null, "ups_capacity": null, "ups_battery_count": null, "ups_battery_life": null, "ups_battery_replacement_date": null, "ups_manufacturer": null}}, {"model": "inventory.itasset", "pk": 161, "fields": {"name": "TONER", "asset_type": 30, "serial_number": "Toner-057-0002", "model": "cartidge 057-Canon", "manufacturer": "Canon", "owner": 2, "purchase_date": "2025-05-22", "warranty_expiry": null, "status": "available", "assigned_to": null, "notes": "", "mac_address_wifi": "", "mac_address_ethernet": "", "ip_address": "", "delivery_letter_code": "", "receipt_date": null, "processor": null, "ram_size": null, "hdd1_capacity": null, "hdd2_capacity": null, "operating_system": null, "os_version": null, "screen_size": null, "resolution": null, "refresh_rate": null, "panel_type": null, "vesa_mount": false, "built_in_speakers": false, "printer_type": null, "connection_type": null, "printer_department": null, "printer_responsible": null, "paper_size_support": null, "duplex_printing": false, "toner_cartridge_model": null, "ups_capacity": null, "ups_battery_count": null, "ups_battery_life": null, "ups_battery_replacement_date": null, "ups_manufacturer": null}}, {"model": "inventory.itasset", "pk": 162, "fields": {"name": "TONER", "asset_type": 30, "serial_number": "Toner-057-0003", "model": "cartidge 057-Canon", "manufacturer": "Canon", "owner": 2, "purchase_date": "2025-05-22", "warranty_expiry": null, "status": "available", "assigned_to": null, "notes": "", "mac_address_wifi": "", "mac_address_ethernet": "", "ip_address": "", "delivery_letter_code": "", "receipt_date": null, "processor": null, "ram_size": null, "hdd1_capacity": null, "hdd2_capacity": null, "operating_system": null, "os_version": null, "screen_size": null, "resolution": null, "refresh_rate": null, "panel_type": null, "vesa_mount": false, "built_in_speakers": false, "printer_type": null, "connection_type": null, "printer_department": null, "printer_responsible": null, "paper_size_support": null, "duplex_printing": false, "toner_cartridge_model": null, "ups_capacity": null, "ups_battery_count": null, "ups_battery_life": null, "ups_battery_replacement_date": null, "ups_manufacturer": null}}, {"model": "inventory.itasset", "pk": 163, "fields": {"name": "TONER", "asset_type": 30, "serial_number": "Toner-057-0004", "model": "cartidge 057-Canon", "manufacturer": "Canon", "owner": 2, "purchase_date": "2025-05-22", "warranty_expiry": null, "status": "available", "assigned_to": null, "notes": "", "mac_address_wifi": "", "mac_address_ethernet": "", "ip_address": "", "delivery_letter_code": "", "receipt_date": null, "processor": null, "ram_size": null, "hdd1_capacity": null, "hdd2_capacity": null, "operating_system": null, "os_version": null, "screen_size": null, "resolution": null, "refresh_rate": null, "panel_type": null, "vesa_mount": false, "built_in_speakers": false, "printer_type": null, "connection_type": null, "printer_department": null, "printer_responsible": null, "paper_size_support": null, "duplex_printing": false, "toner_cartridge_model": null, "ups_capacity": null, "ups_battery_count": null, "ups_battery_life": null, "ups_battery_replacement_date": null, "ups_manufacturer": null}}, {"model": "inventory.itasset", "pk": 164, "fields": {"name": "TONER", "asset_type": 30, "serial_number": "Toner-057-0005", "model": "cartidge 057-Canon", "manufacturer": "Canon", "owner": 2, "purchase_date": "2025-05-22", "warranty_expiry": null, "status": "available", "assigned_to": null, "notes": "", "mac_address_wifi": "", "mac_address_ethernet": "", "ip_address": "", "delivery_letter_code": "", "receipt_date": null, "processor": null, "ram_size": null, "hdd1_capacity": null, "hdd2_capacity": null, "operating_system": null, "os_version": null, "screen_size": null, "resolution": null, "refresh_rate": null, "panel_type": null, "vesa_mount": false, "built_in_speakers": false, "printer_type": null, "connection_type": null, "printer_department": null, "printer_responsible": null, "paper_size_support": null, "duplex_printing": false, "toner_cartridge_model": null, "ups_capacity": null, "ups_battery_count": null, "ups_battery_life": null, "ups_battery_replacement_date": null, "ups_manufacturer": null}}, {"model": "inventory.itasset", "pk": 165, "fields": {"name": "TONER", "asset_type": 30, "serial_number": "Toner-057-0006", "model": "cartidge 057-Canon", "manufacturer": "Canon", "owner": 2, "purchase_date": "2025-05-22", "warranty_expiry": null, "status": "available", "assigned_to": null, "notes": "", "mac_address_wifi": "", "mac_address_ethernet": "", "ip_address": "", "delivery_letter_code": "", "receipt_date": null, "processor": null, "ram_size": null, "hdd1_capacity": null, "hdd2_capacity": null, "operating_system": null, "os_version": null, "screen_size": null, "resolution": null, "refresh_rate": null, "panel_type": null, "vesa_mount": false, "built_in_speakers": false, "printer_type": null, "connection_type": null, "printer_department": null, "printer_responsible": null, "paper_size_support": null, "duplex_printing": false, "toner_cartridge_model": null, "ups_capacity": null, "ups_battery_count": null, "ups_battery_life": null, "ups_battery_replacement_date": null, "ups_manufacturer": null}}, {"model": "inventory.itasset", "pk": 166, "fields": {"name": "TONER", "asset_type": 30, "serial_number": "Toner-057-0007", "model": "cartidge 057-Canon", "manufacturer": "Canon", "owner": 2, "purchase_date": "2025-05-22", "warranty_expiry": null, "status": "available", "assigned_to": null, "notes": "", "mac_address_wifi": "", "mac_address_ethernet": "", "ip_address": "", "delivery_letter_code": "", "receipt_date": null, "processor": null, "ram_size": null, "hdd1_capacity": null, "hdd2_capacity": null, "operating_system": null, "os_version": null, "screen_size": null, "resolution": null, "refresh_rate": null, "panel_type": null, "vesa_mount": false, "built_in_speakers": false, "printer_type": null, "connection_type": null, "printer_department": null, "printer_responsible": null, "paper_size_support": null, "duplex_printing": false, "toner_cartridge_model": null, "ups_capacity": null, "ups_battery_count": null, "ups_battery_life": null, "ups_battery_replacement_date": null, "ups_manufacturer": null}}, {"model": "inventory.itasset", "pk": 167, "fields": {"name": "TONER", "asset_type": 30, "serial_number": "Toner-057-0008", "model": "cartidge 057-Canon", "manufacturer": "Canon", "owner": 2, "purchase_date": "2025-05-22", "warranty_expiry": null, "status": "available", "assigned_to": null, "notes": "", "mac_address_wifi": "", "mac_address_ethernet": "", "ip_address": "", "delivery_letter_code": "", "receipt_date": null, "processor": null, "ram_size": null, "hdd1_capacity": null, "hdd2_capacity": null, "operating_system": null, "os_version": null, "screen_size": null, "resolution": null, "refresh_rate": null, "panel_type": null, "vesa_mount": false, "built_in_speakers": false, "printer_type": null, "connection_type": null, "printer_department": null, "printer_responsible": null, "paper_size_support": null, "duplex_printing": false, "toner_cartridge_model": null, "ups_capacity": null, "ups_battery_count": null, "ups_battery_life": null, "ups_battery_replacement_date": null, "ups_manufacturer": null}}, {"model": "inventory.itasset", "pk": 168, "fields": {"name": "TONER", "asset_type": 30, "serial_number": "Toner-057-0009", "model": "cartidge 057-Canon", "manufacturer": "Canon", "owner": 2, "purchase_date": "2025-05-22", "warranty_expiry": null, "status": "available", "assigned_to": null, "notes": "", "mac_address_wifi": "", "mac_address_ethernet": "", "ip_address": "", "delivery_letter_code": "", "receipt_date": null, "processor": null, "ram_size": null, "hdd1_capacity": null, "hdd2_capacity": null, "operating_system": null, "os_version": null, "screen_size": null, "resolution": null, "refresh_rate": null, "panel_type": null, "vesa_mount": false, "built_in_speakers": false, "printer_type": null, "connection_type": null, "printer_department": null, "printer_responsible": null, "paper_size_support": null, "duplex_printing": false, "toner_cartridge_model": null, "ups_capacity": null, "ups_battery_count": null, "ups_battery_life": null, "ups_battery_replacement_date": null, "ups_manufacturer": null}}, {"model": "inventory.itasset", "pk": 169, "fields": {"name": "TONER", "asset_type": 30, "serial_number": "Toner-057-0010", "model": "cartidge 057-Canon", "manufacturer": "Canon", "owner": 2, "purchase_date": "2025-05-22", "warranty_expiry": null, "status": "available", "assigned_to": null, "notes": "", "mac_address_wifi": "", "mac_address_ethernet": "", "ip_address": "", "delivery_letter_code": "", "receipt_date": null, "processor": null, "ram_size": null, "hdd1_capacity": null, "hdd2_capacity": null, "operating_system": null, "os_version": null, "screen_size": null, "resolution": null, "refresh_rate": null, "panel_type": null, "vesa_mount": false, "built_in_speakers": false, "printer_type": null, "connection_type": null, "printer_department": null, "printer_responsible": null, "paper_size_support": null, "duplex_printing": false, "toner_cartridge_model": null, "ups_capacity": null, "ups_battery_count": null, "ups_battery_life": null, "ups_battery_replacement_date": null, "ups_manufacturer": null}}, {"model": "inventory.itasset", "pk": 170, "fields": {"name": "Finance-Printer", "asset_type": 6, "serial_number": "3ZJ13663", "model": "Canon MF-453dw", "manufacturer": "Canon", "owner": 2, "purchase_date": "2024-12-01", "warranty_expiry": null, "status": "assigned", "assigned_to": 108, "notes": "", "mac_address_wifi": "80:A5:89:FA:B2:A8", "mac_address_ethernet": "", "ip_address": "192.168.20.103", "delivery_letter_code": "CTP-0021", "receipt_date": "2024-08-01", "processor": null, "ram_size": null, "hdd1_capacity": null, "hdd2_capacity": null, "operating_system": null, "os_version": null, "screen_size": null, "resolution": null, "refresh_rate": null, "panel_type": null, "vesa_mount": false, "built_in_speakers": false, "printer_type": null, "connection_type": null, "printer_department": null, "printer_responsible": null, "paper_size_support": null, "duplex_printing": false, "toner_cartridge_model": null, "ups_capacity": null, "ups_battery_count": null, "ups_battery_life": null, "ups_battery_replacement_date": null, "ups_manufacturer": null}}, {"model": "inventory.itasset", "pk": 171, "fields": {"name": "ZKT-HR", "asset_type": 23, "serial_number": "AEH22201560048", "model": "ZKTeco A6", "manufacturer": "Zk", "owner": 4, "purchase_date": "2024-07-01", "warranty_expiry": null, "status": "assigned", "assigned_to": 110, "notes": "", "mac_address_wifi": "", "mac_address_ethernet": "", "ip_address": "", "delivery_letter_code": "ACD-0012", "receipt_date": null, "processor": null, "ram_size": null, "hdd1_capacity": null, "hdd2_capacity": null, "operating_system": null, "os_version": null, "screen_size": null, "resolution": null, "refresh_rate": null, "panel_type": null, "vesa_mount": false, "built_in_speakers": false, "printer_type": null, "connection_type": null, "printer_department": null, "printer_responsible": null, "paper_size_support": null, "duplex_printing": false, "toner_cartridge_model": null, "ups_capacity": null, "ups_battery_count": null, "ups_battery_life": null, "ups_battery_replacement_date": null, "ups_manufacturer": null}}, {"model": "inventory.itasset", "pk": 172, "fields": {"name": "ZKT-HR", "asset_type": 23, "serial_number": "AEH2221560001", "model": "ZKTeco A6", "manufacturer": "ZK", "owner": 2, "purchase_date": "2024-07-01", "warranty_expiry": null, "status": "assigned", "assigned_to": 122, "notes": "", "mac_address_wifi": "", "mac_address_ethernet": "", "ip_address": "", "delivery_letter_code": "ACD-0012", "receipt_date": null, "processor": null, "ram_size": null, "hdd1_capacity": null, "hdd2_capacity": null, "operating_system": null, "os_version": null, "screen_size": null, "resolution": null, "refresh_rate": null, "panel_type": null, "vesa_mount": false, "built_in_speakers": false, "printer_type": null, "connection_type": null, "printer_department": null, "printer_responsible": null, "paper_size_support": null, "duplex_printing": false, "toner_cartridge_model": null, "ups_capacity": null, "ups_battery_count": null, "ups_battery_life": null, "ups_battery_replacement_date": null, "ups_manufacturer": null}}, {"model": "inventory.itasset", "pk": 173, "fields": {"name": "Switch Cisco 24", "asset_type": 10, "serial_number": "FOC2641YH96", "model": "Cisco CBS350-24P-4G", "manufacturer": "Cisco", "owner": 2, "purchase_date": "2024-09-01", "warranty_expiry": null, "status": "retired", "assigned_to": null, "notes": "", "mac_address_wifi": "", "mac_address_ethernet": "", "ip_address": "", "delivery_letter_code": "CTP-0022", "receipt_date": "2024-08-01", "processor": null, "ram_size": null, "hdd1_capacity": null, "hdd2_capacity": null, "operating_system": null, "os_version": null, "screen_size": null, "resolution": null, "refresh_rate": null, "panel_type": null, "vesa_mount": false, "built_in_speakers": false, "printer_type": null, "connection_type": null, "printer_department": null, "printer_responsible": null, "paper_size_support": null, "duplex_printing": false, "toner_cartridge_model": null, "ups_capacity": null, "ups_battery_count": null, "ups_battery_life": null, "ups_battery_replacement_date": null, "ups_manufacturer": null}}, {"model": "inventory.itasset", "pk": 174, "fields": {"name": "aruba switch", "asset_type": 10, "serial_number": "CN06KPG1QC", "model": "Cisco CBS350-24P-4G", "manufacturer": "Cisco", "owner": 1, "purchase_date": "2024-09-01", "warranty_expiry": null, "status": "assigned", "assigned_to": null, "notes": "", "mac_address_wifi": "", "mac_address_ethernet": "B8:D4:E7:EC:0E:86", "ip_address": "192.168.20.10", "delivery_letter_code": "Aman-001", "receipt_date": "2024-08-01", "processor": null, "ram_size": null, "hdd1_capacity": null, "hdd2_capacity": null, "operating_system": null, "os_version": null, "screen_size": null, "resolution": null, "refresh_rate": null, "panel_type": null, "vesa_mount": false, "built_in_speakers": false, "printer_type": null, "connection_type": null, "printer_department": null, "printer_responsible": null, "paper_size_support": null, "duplex_printing": false, "toner_cartridge_model": null, "ups_capacity": null, "ups_battery_count": null, "ups_battery_life": null, "ups_battery_replacement_date": null, "ups_manufacturer": null}}, {"model": "inventory.itasset", "pk": 175, "fields": {"name": "CTP-FW - 22 -port", "asset_type": 9, "serial_number": "FG100FTK23009738", "model": "FortiGate 100F", "manufacturer": "FortiGate", "owner": 2, "purchase_date": "2024-05-01", "warranty_expiry": "2028-01-01", "status": "assigned", "assigned_to": null, "notes": "", "mac_address_wifi": "", "mac_address_ethernet": "84:39:8F:AB:64:6B", "ip_address": "192.168.20.1", "delivery_letter_code": "CTP-0022", "receipt_date": null, "processor": null, "ram_size": null, "hdd1_capacity": null, "hdd2_capacity": null, "operating_system": null, "os_version": null, "screen_size": null, "resolution": null, "refresh_rate": null, "panel_type": null, "vesa_mount": false, "built_in_speakers": false, "printer_type": null, "connection_type": null, "printer_department": null, "printer_responsible": null, "paper_size_support": null, "duplex_printing": false, "toner_cartridge_model": null, "ups_capacity": null, "ups_battery_count": null, "ups_battery_life": null, "ups_battery_replacement_date": null, "ups_manufacturer": null}}, {"model": "inventory.itasset", "pk": 176, "fields": {"name": "UPS-CTP", "asset_type": 7, "serial_number": "9S2213A00842", "model": "APC", "manufacturer": "Schneider Electric", "owner": 2, "purchase_date": "2024-12-01", "warranty_expiry": "2028-05-01", "status": "assigned", "assigned_to": null, "notes": "", "mac_address_wifi": "", "mac_address_ethernet": "", "ip_address": "", "delivery_letter_code": "CTP-0023", "receipt_date": null, "processor": null, "ram_size": null, "hdd1_capacity": null, "hdd2_capacity": null, "operating_system": null, "os_version": null, "screen_size": null, "resolution": null, "refresh_rate": null, "panel_type": null, "vesa_mount": false, "built_in_speakers": false, "printer_type": null, "connection_type": null, "printer_department": null, "printer_responsible": null, "paper_size_support": null, "duplex_printing": false, "toner_cartridge_model": null, "ups_capacity": null, "ups_battery_count": null, "ups_battery_life": null, "ups_battery_replacement_date": null, "ups_manufacturer": null}}, {"model": "inventory.itasset", "pk": 177, "fields": {"name": "Canon MF3010", "asset_type": 6, "serial_number": "YMA10724", "model": "Canon MF3010", "manufacturer": "Canon", "owner": 3, "purchase_date": "2023-09-01", "warranty_expiry": "2025-06-02", "status": "assigned", "assigned_to": null, "notes": "", "mac_address_wifi": "80:A5:89:FE:C5:16", "mac_address_ethernet": "", "ip_address": "192.168.20.101", "delivery_letter_code": "EGY-21", "receipt_date": null, "processor": null, "ram_size": null, "hdd1_capacity": null, "hdd2_capacity": null, "operating_system": null, "os_version": null, "screen_size": null, "resolution": null, "refresh_rate": null, "panel_type": null, "vesa_mount": false, "built_in_speakers": false, "printer_type": null, "connection_type": null, "printer_department": null, "printer_responsible": null, "paper_size_support": null, "duplex_printing": false, "toner_cartridge_model": null, "ups_capacity": null, "ups_battery_count": null, "ups_battery_life": null, "ups_battery_replacement_date": null, "ups_manufacturer": null}}, {"model": "inventory.itasset", "pk": 178, "fields": {"name": "Canon MF3010", "asset_type": 6, "serial_number": "YMA10699", "model": "Canon MF3010", "manufacturer": "Canon", "owner": 3, "purchase_date": "2023-09-01", "warranty_expiry": "2025-06-02", "status": "assigned", "assigned_to": null, "notes": "", "mac_address_wifi": "80:A5:89:FE:C5:16", "mac_address_ethernet": "", "ip_address": "192.168.20.101", "delivery_letter_code": "EGY-22", "receipt_date": null, "processor": null, "ram_size": null, "hdd1_capacity": null, "hdd2_capacity": null, "operating_system": null, "os_version": null, "screen_size": null, "resolution": null, "refresh_rate": null, "panel_type": null, "vesa_mount": false, "built_in_speakers": false, "printer_type": null, "connection_type": null, "printer_department": null, "printer_responsible": null, "paper_size_support": null, "duplex_printing": false, "toner_cartridge_model": null, "ups_capacity": null, "ups_battery_count": null, "ups_battery_life": null, "ups_battery_replacement_date": null, "ups_manufacturer": null}}, {"model": "inventory.itasset", "pk": 179, "fields": {"name": "Canon MF3010", "asset_type": 6, "serial_number": "YMA10224", "model": "Canon MF3010", "manufacturer": "Canon", "owner": 3, "purchase_date": "2023-09-01", "warranty_expiry": "2025-06-02", "status": "assigned", "assigned_to": 109, "notes": "", "mac_address_wifi": "80:A5:89:FE:C5:16", "mac_address_ethernet": "", "ip_address": "192.168.20.101", "delivery_letter_code": "EGY-23", "receipt_date": null, "processor": null, "ram_size": null, "hdd1_capacity": null, "hdd2_capacity": null, "operating_system": null, "os_version": null, "screen_size": null, "resolution": null, "refresh_rate": null, "panel_type": null, "vesa_mount": false, "built_in_speakers": false, "printer_type": null, "connection_type": null, "printer_department": null, "printer_responsible": null, "paper_size_support": null, "duplex_printing": false, "toner_cartridge_model": null, "ups_capacity": null, "ups_battery_count": null, "ups_battery_life": null, "ups_battery_replacement_date": null, "ups_manufacturer": null}}, {"model": "inventory.itasset", "pk": 180, "fields": {"name": "Canon MF3010", "asset_type": 6, "serial_number": "YNY125231", "model": "Canon MF3010", "manufacturer": "Canon", "owner": 4, "purchase_date": "2023-09-01", "warranty_expiry": "2025-06-02", "status": "assigned", "assigned_to": null, "notes": "", "mac_address_wifi": "", "mac_address_ethernet": "", "ip_address": "", "delivery_letter_code": "ACD-012", "receipt_date": null, "processor": null, "ram_size": null, "hdd1_capacity": null, "hdd2_capacity": null, "operating_system": null, "os_version": null, "screen_size": null, "resolution": null, "refresh_rate": null, "panel_type": null, "vesa_mount": false, "built_in_speakers": false, "printer_type": null, "connection_type": null, "printer_department": null, "printer_responsible": null, "paper_size_support": null, "duplex_printing": false, "toner_cartridge_model": null, "ups_capacity": null, "ups_battery_count": null, "ups_battery_life": null, "ups_battery_replacement_date": null, "ups_manufacturer": null}}, {"model": "inventory.itasset", "pk": 181, "fields": {"name": "Egy-Hr-lap-04", "asset_type": 1, "serial_number": "5CG5283WN9", "model": "HP ProBook 650 G1", "manufacturer": "HP", "owner": 3, "purchase_date": "2024-10-01", "warranty_expiry": null, "status": "assigned", "assigned_to": 122, "notes": "", "mac_address_wifi": "", "mac_address_ethernet": "", "ip_address": "", "delivery_letter_code": "EGY-23", "receipt_date": null, "processor": null, "ram_size": null, "hdd1_capacity": null, "hdd2_capacity": null, "operating_system": null, "os_version": null, "screen_size": null, "resolution": null, "refresh_rate": null, "panel_type": null, "vesa_mount": false, "built_in_speakers": false, "printer_type": null, "connection_type": null, "printer_department": null, "printer_responsible": null, "paper_size_support": null, "duplex_printing": false, "toner_cartridge_model": null, "ups_capacity": null, "ups_battery_count": null, "ups_battery_life": null, "ups_battery_replacement_date": null, "ups_manufacturer": null}}, {"model": "inventory.itasset", "pk": 182, "fields": {"name": "Network Video Recorder", "asset_type": 31, "serial_number": "DS-7732NI-K41620201215CCRRF28112717WCVU", "model": "DS-7732NI-K4", "manufacturer": "hikvision", "owner": 3, "purchase_date": "2024-12-01", "warranty_expiry": "2025-05-22", "status": "assigned", "assigned_to": null, "notes": "", "mac_address_wifi": "", "mac_address_ethernet": "", "ip_address": "192.168.1.1", "delivery_letter_code": "EGY-24", "receipt_date": null, "processor": null, "ram_size": null, "hdd1_capacity": null, "hdd2_capacity": null, "operating_system": null, "os_version": null, "screen_size": null, "resolution": null, "refresh_rate": null, "panel_type": null, "vesa_mount": false, "built_in_speakers": false, "printer_type": null, "connection_type": null, "printer_department": null, "printer_responsible": null, "paper_size_support": null, "duplex_printing": false, "toner_cartridge_model": null, "ups_capacity": null, "ups_battery_count": null, "ups_battery_life": null, "ups_battery_replacement_date": null, "ups_manufacturer": null}}, {"model": "inventory.itasset", "pk": 183, "fields": {"name": "cisco", "asset_type": 10, "serial_number": "12222222", "model": "cisco c3kx-nm-1g", "manufacturer": "Cisco", "owner": 3, "purchase_date": "2024-12-01", "warranty_expiry": "2025-05-22", "status": "assigned", "assigned_to": null, "notes": "", "mac_address_wifi": "", "mac_address_ethernet": "", "ip_address": "", "delivery_letter_code": "EGY-25", "receipt_date": null, "processor": null, "ram_size": null, "hdd1_capacity": null, "hdd2_capacity": null, "operating_system": null, "os_version": null, "screen_size": null, "resolution": null, "refresh_rate": null, "panel_type": null, "vesa_mount": false, "built_in_speakers": false, "printer_type": null, "connection_type": null, "printer_department": null, "printer_responsible": null, "paper_size_support": null, "duplex_printing": false, "toner_cartridge_model": null, "ups_capacity": null, "ups_battery_count": null, "ups_battery_life": null, "ups_battery_replacement_date": null, "ups_manufacturer": null}}, {"model": "inventory.itasset", "pk": 184, "fields": {"name": "Cisco-Routers", "asset_type": 17, "serial_number": "FJC9128E2JP", "model": "cisco1921", "manufacturer": "Cisco", "owner": 3, "purchase_date": "2024-12-01", "warranty_expiry": "2025-05-22", "status": "assigned", "assigned_to": null, "notes": "", "mac_address_wifi": "", "mac_address_ethernet": "", "ip_address": "", "delivery_letter_code": "EGY-26", "receipt_date": null, "processor": null, "ram_size": null, "hdd1_capacity": null, "hdd2_capacity": null, "operating_system": null, "os_version": null, "screen_size": null, "resolution": null, "refresh_rate": null, "panel_type": null, "vesa_mount": false, "built_in_speakers": false, "printer_type": null, "connection_type": null, "printer_department": null, "printer_responsible": null, "paper_size_support": null, "duplex_printing": false, "toner_cartridge_model": null, "ups_capacity": null, "ups_battery_count": null, "ups_battery_life": null, "ups_battery_replacement_date": null, "ups_manufacturer": null}}, {"model": "inventory.itasset", "pk": 185, "fields": {"name": "Egy-  -lap-", "asset_type": 1, "serial_number": "5CG426HD21", "model": "HP ProBook 650 G1", "manufacturer": "HP", "owner": 3, "purchase_date": "2024-10-01", "warranty_expiry": null, "status": "assigned", "assigned_to": 113, "notes": "", "mac_address_wifi": "", "mac_address_ethernet": "", "ip_address": "192.168.20.11", "delivery_letter_code": "EGY-26", "receipt_date": null, "processor": null, "ram_size": null, "hdd1_capacity": null, "hdd2_capacity": null, "operating_system": null, "os_version": null, "screen_size": null, "resolution": null, "refresh_rate": null, "panel_type": null, "vesa_mount": false, "built_in_speakers": false, "printer_type": null, "connection_type": null, "printer_department": null, "printer_responsible": null, "paper_size_support": null, "duplex_printing": false, "toner_cartridge_model": null, "ups_capacity": null, "ups_battery_count": null, "ups_battery_life": null, "ups_battery_replacement_date": null, "ups_manufacturer": null}}, {"model": "inventory.itasset", "pk": 186, "fields": {"name": "Egy-  -lap-", "asset_type": 1, "serial_number": "5CG6011FTT", "model": "HP ProBook 650 G1", "manufacturer": "HP", "owner": 3, "purchase_date": "2024-10-01", "warranty_expiry": null, "status": "available", "assigned_to": null, "notes": "", "mac_address_wifi": "", "mac_address_ethernet": "", "ip_address": "", "delivery_letter_code": "EGY-27", "receipt_date": null, "processor": null, "ram_size": null, "hdd1_capacity": null, "hdd2_capacity": null, "operating_system": null, "os_version": null, "screen_size": null, "resolution": null, "refresh_rate": null, "panel_type": null, "vesa_mount": false, "built_in_speakers": false, "printer_type": null, "connection_type": null, "printer_department": null, "printer_responsible": null, "paper_size_support": null, "duplex_printing": false, "toner_cartridge_model": null, "ups_capacity": null, "ups_battery_count": null, "ups_battery_life": null, "ups_battery_replacement_date": null, "ups_manufacturer": null}}, {"model": "inventory.itasset", "pk": 187, "fields": {"name": "UniFi U6", "asset_type": 13, "serial_number": "UniFi-001", "model": "UniFi U6", "manufacturer": "UniFi", "owner": 2, "purchase_date": "2024-06-01", "warranty_expiry": "2025-06-28", "status": "assigned", "assigned_to": null, "notes": "", "mac_address_wifi": "", "mac_address_ethernet": "60:22:32:EA:5C:FD", "ip_address": "192.168.20.7", "delivery_letter_code": "CTP-0024", "receipt_date": "2024-08-01", "processor": null, "ram_size": null, "hdd1_capacity": null, "hdd2_capacity": null, "operating_system": null, "os_version": null, "screen_size": null, "resolution": null, "refresh_rate": null, "panel_type": null, "vesa_mount": false, "built_in_speakers": false, "printer_type": null, "connection_type": null, "printer_department": null, "printer_responsible": null, "paper_size_support": null, "duplex_printing": false, "toner_cartridge_model": null, "ups_capacity": null, "ups_battery_count": null, "ups_battery_life": null, "ups_battery_replacement_date": null, "ups_manufacturer": null}}, {"model": "inventory.itasset", "pk": 188, "fields": {"name": "UniFi U6", "asset_type": 13, "serial_number": "UniFi-002", "model": "UniFi U6", "manufacturer": "UniFi", "owner": 2, "purchase_date": "2024-06-01", "warranty_expiry": "2025-06-28", "status": "assigned", "assigned_to": null, "notes": "", "mac_address_wifi": "", "mac_address_ethernet": "60:22:32:E9:EE:9C", "ip_address": "192.168.20.8", "delivery_letter_code": "CTP-0026", "receipt_date": "2024-08-01", "processor": null, "ram_size": null, "hdd1_capacity": null, "hdd2_capacity": null, "operating_system": null, "os_version": null, "screen_size": null, "resolution": null, "refresh_rate": null, "panel_type": null, "vesa_mount": false, "built_in_speakers": false, "printer_type": null, "connection_type": null, "printer_department": null, "printer_responsible": null, "paper_size_support": null, "duplex_printing": false, "toner_cartridge_model": null, "ups_capacity": null, "ups_battery_count": null, "ups_battery_life": null, "ups_battery_replacement_date": null, "ups_manufacturer": null}}, {"model": "inventory.itasset", "pk": 189, "fields": {"name": "UniFi U6", "asset_type": 13, "serial_number": "UniFi-003", "model": "UniFi U6", "manufacturer": "UniFi", "owner": 2, "purchase_date": "2025-05-27", "warranty_expiry": null, "status": "assigned", "assigned_to": null, "notes": "", "mac_address_wifi": "", "mac_address_ethernet": "60:22:32:EA:58:C5", "ip_address": "192.168.20.9", "delivery_letter_code": "CTP-0025", "receipt_date": null, "processor": null, "ram_size": null, "hdd1_capacity": null, "hdd2_capacity": null, "operating_system": null, "os_version": null, "screen_size": null, "resolution": null, "refresh_rate": null, "panel_type": null, "vesa_mount": false, "built_in_speakers": false, "printer_type": null, "connection_type": null, "printer_department": null, "printer_responsible": null, "paper_size_support": null, "duplex_printing": false, "toner_cartridge_model": null, "ups_capacity": null, "ups_battery_count": null, "ups_battery_life": null, "ups_battery_replacement_date": null, "ups_manufacturer": null}}, {"model": "inventory.assethistory", "pk": 1, "fields": {"asset": 105, "action": "assigned", "employee": 133, "date": "2025-05-25T10:43:21.926Z", "notes": "Asset assigned to Aya Mohamed Mahmoud Abdel-Fattah", "created_by": 1}}, {"model": "inventory.assethistory", "pk": 2, "fields": {"asset": 105, "action": "assigned", "employee": 108, "date": "2025-05-25T10:43:47.194Z", "notes": "Asset assigned to Bishoy Essam Wilson Fahim", "created_by": 1}}, {"model": "inventory.assethistory", "pk": 3, "fields": {"asset": 113, "action": "assigned", "employee": 125, "date": "2025-05-25T12:39:16.251Z", "notes": "Asset assigned to Abdelhafiz Abdelhady Abdelhady", "created_by": 1}}, {"model": "inventory.assethistory", "pk": 4, "fields": {"asset": 105, "action": "assigned", "employee": 133, "date": "2025-05-26T07:35:34.039Z", "notes": "Asset assigned to Aya Mohamed Mahmoud Abdel-Fattah", "created_by": 2}}, {"model": "inventory.assethistory", "pk": 5, "fields": {"asset": 113, "action": "available", "employee": null, "date": "2025-05-26T07:37:56.236Z", "notes": "Asset status changed from assigned to available", "created_by": 2}}, {"model": "inventory.assethistory", "pk": 6, "fields": {"asset": 113, "action": "returned", "employee": 125, "date": "2025-05-26T07:37:56.238Z", "notes": "Asset returned from Abdelhafiz Abdelhady Abdelhady", "created_by": 2}}, {"model": "inventory.assethistory", "pk": 7, "fields": {"asset": 105, "action": "assigned", "employee": 108, "date": "2025-05-26T07:38:15.078Z", "notes": "Asset assigned to Bishoy Essam Wilson Fahim", "created_by": 2}}, {"model": "inventory.assethistory", "pk": 8, "fields": {"asset": 105, "action": "assigned", "employee": 116, "date": "2025-05-26T07:59:04.544Z", "notes": "Asset assigned to Al-Amira Safia Gamal Abdelhamid", "created_by": 2}}, {"model": "inventory.assethistory", "pk": 9, "fields": {"asset": 179, "action": "assigned", "employee": 125, "date": "2025-05-26T08:06:58.575Z", "notes": "Asset assigned to Abdelhafiz Abdelhady Abdelhady", "created_by": 2}}, {"model": "inventory.assethistory", "pk": 10, "fields": {"asset": 179, "action": "assigned", "employee": 109, "date": "2025-05-26T08:10:03.685Z", "notes": "Asset assigned to Ahmed Mohamed Attia Mohamed", "created_by": 2}}, {"model": "inventory.assethistory", "pk": 11, "fields": {"asset": 105, "action": "assigned", "employee": 108, "date": "2025-05-26T08:10:45.942Z", "notes": "Asset assigned to Bishoy Essam Wilson Fahim", "created_by": 2}}, {"model": "inventory.assethistory", "pk": 12, "fields": {"asset": 105, "action": "assigned", "employee": 133, "date": "2025-05-26T08:15:13.332Z", "notes": "Asset assigned to Aya Mohamed Mahmoud Abdel-Fattah", "created_by": 2}}, {"model": "inventory.assethistory", "pk": 13, "fields": {"asset": 129, "action": "assigned", "employee": 125, "date": "2025-05-26T08:19:05.363Z", "notes": "Asset assigned to Abdelhafiz Abdelhady Abdelhady", "created_by": 2}}, {"model": "inventory.assethistory", "pk": 14, "fields": {"asset": 129, "action": "assigned", "employee": null, "date": "2025-05-26T08:43:14.510Z", "notes": "Asset status changed from available to assigned", "created_by": 2}}, {"model": "inventory.assethistory", "pk": 15, "fields": {"asset": 129, "action": "returned", "employee": 125, "date": "2025-05-26T08:43:14.513Z", "notes": "Asset returned from Abdelhafiz Abdelhady Abdelhady", "created_by": 2}}, {"model": "inventory.assethistory", "pk": 16, "fields": {"asset": 129, "action": "available", "employee": null, "date": "2025-05-26T08:43:32.137Z", "notes": "Asset status changed from assigned to available", "created_by": 2}}, {"model": "inventory.assethistory", "pk": 17, "fields": {"asset": 129, "action": "assigned", "employee": 125, "date": "2025-05-26T09:01:53.126Z", "notes": "Asset status changed from available to assigned", "created_by": 2}}, {"model": "inventory.assethistory", "pk": 18, "fields": {"asset": 129, "action": "assigned", "employee": 125, "date": "2025-05-26T09:01:53.128Z", "notes": "Asset assigned to Abdelhafiz Abdelhady Abdelhady", "created_by": 2}}, {"model": "inventory.assethistory", "pk": 19, "fields": {"asset": 117, "action": "assigned", "employee": 125, "date": "2025-05-26T10:25:08.006Z", "notes": "Asset assigned to Abdelhafiz Abdelhady Abdelhady", "created_by": 7}}, {"model": "inventory.assethistory", "pk": 20, "fields": {"asset": 105, "action": "assigned", "employee": 108, "date": "2025-05-26T10:25:59.985Z", "notes": "Asset assigned to Bishoy Essam Wilson Fahim", "created_by": 7}}, {"model": "inventory.assethistory", "pk": 21, "fields": {"asset": 105, "action": "assigned", "employee": 133, "date": "2025-05-26T11:01:12.837Z", "notes": "Asset assigned to Aya Mohamed Mahmoud Abdel-Fattah", "created_by": 2}}, {"model": "inventory.assethistory", "pk": 22, "fields": {"asset": 105, "action": "assigned", "employee": 108, "date": "2025-05-26T11:02:01.449Z", "notes": "Asset assigned to Bishoy Essam Wilson Fahim", "created_by": 2}}, {"model": "inventory.assethistory", "pk": 23, "fields": {"asset": 105, "action": "assigned", "employee": 133, "date": "2025-05-26T11:05:26.120Z", "notes": "Asset assigned to Aya Mohamed Mahmoud Abdel-Fattah", "created_by": 2}}, {"model": "inventory.assethistory", "pk": 24, "fields": {"asset": 105, "action": "assigned", "employee": 108, "date": "2025-05-26T11:20:35.440Z", "notes": "Asset assigned to Bishoy Essam Wilson Fahim", "created_by": 2}}, {"model": "inventory.assethistory", "pk": 25, "fields": {"asset": 187, "action": "received", "employee": null, "date": "2025-05-27T05:59:42.622Z", "notes": "Asset received and added to inventory", "created_by": 5}}, {"model": "inventory.assethistory", "pk": 26, "fields": {"asset": 188, "action": "received", "employee": null, "date": "2025-05-27T06:01:04.612Z", "notes": "Asset received and added to inventory", "created_by": 5}}, {"model": "inventory.assethistory", "pk": 27, "fields": {"asset": 189, "action": "received", "employee": null, "date": "2025-05-27T06:02:23.910Z", "notes": "Asset received and added to inventory", "created_by": 5}}, {"model": "inventory.assethistory", "pk": 28, "fields": {"asset": 160, "action": "assigned", "employee": 119, "date": "2025-05-27T06:05:51.990Z", "notes": "Asset status changed from available to assigned", "created_by": 5}}, {"model": "inventory.assethistory", "pk": 29, "fields": {"asset": 160, "action": "assigned", "employee": 119, "date": "2025-05-27T06:05:51.994Z", "notes": "Asset assigned to Ahmed Reda Mohamed Ahmed", "created_by": 5}}, {"model": "inventory.assethistory", "pk": 30, "fields": {"asset": 113, "action": "assigned", "employee": 125, "date": "2025-05-31T17:05:37.265Z", "notes": "Asset assigned to Abdelhafiz Abdelhady Abdelhady", "created_by": 1}}, {"model": "inventory.assethistory", "pk": 31, "fields": {"asset": 113, "action": "assigned", "employee": 125, "date": "2025-05-31T17:05:52.897Z", "notes": "Asset status changed from available to assigned", "created_by": 1}}, {"model": "inventory.assethistory", "pk": 32, "fields": {"asset": 113, "action": "assigned", "employee": 109, "date": "2025-05-31T17:10:02.718Z", "notes": "Asset assigned to Ahmed Mohamed Attia Mohamed", "created_by": 1}}, {"model": "inventory.assethistory", "pk": 33, "fields": {"asset": 113, "action": "returned", "employee": 109, "date": "2025-05-31T17:11:50.209Z", "notes": "Asset returned from Ahmed Mohamed Attia Mohamed", "created_by": 1}}, {"model": "inventory.assethistory", "pk": 34, "fields": {"asset": 141, "action": "assigned", "employee": 108, "date": "2025-05-31T17:13:07.454Z", "notes": "Asset assigned to Bishoy Essam Wilson Fahim", "created_by": 1}}, {"model": "inventory.assethistory", "pk": 35, "fields": {"asset": 141, "action": "returned", "employee": 108, "date": "2025-05-31T17:13:25.402Z", "notes": "Asset returned from Bishoy Essam Wilson Fahim", "created_by": 1}}, {"model": "inventory.assethistory", "pk": 36, "fields": {"asset": 141, "action": "assigned", "employee": 125, "date": "2025-05-31T17:32:17.054Z", "notes": "Asset assigned to Abdelhafiz Abdelhady Abdelhady", "created_by": 1}}, {"model": "inventory.assethistory", "pk": 37, "fields": {"asset": 141, "action": "available", "employee": null, "date": "2025-05-31T17:32:44.028Z", "notes": "Asset status changed from assigned to available", "created_by": 1}}, {"model": "inventory.assethistory", "pk": 38, "fields": {"asset": 141, "action": "returned", "employee": 125, "date": "2025-05-31T17:32:44.031Z", "notes": "Asset returned from Abdelhafiz Abdelhady Abdelhady", "created_by": 1}}, {"model": "inventory.assethistory", "pk": 39, "fields": {"asset": 141, "action": "assigned", "employee": 108, "date": "2025-05-31T17:36:07.392Z", "notes": "Asset assigned to Bishoy Essam Wilson Fahim", "created_by": 1}}, {"model": "inventory.assethistory", "pk": 40, "fields": {"asset": 141, "action": "returned", "employee": 108, "date": "2025-05-31T17:36:27.686Z", "notes": "Asset returned from Bishoy Essam Wilson Fahim", "created_by": 1}}, {"model": "inventory.assethistory", "pk": 41, "fields": {"asset": 140, "action": "assigned", "employee": 125, "date": "2025-05-31T17:37:16.041Z", "notes": "Asset assigned to Abdelhafiz Abdelhady Abdelhady", "created_by": 1}}, {"model": "inventory.assethistory", "pk": 42, "fields": {"asset": 140, "action": "assigned", "employee": 113, "date": "2025-05-31T17:39:31.811Z", "notes": "Asset assigned to Magid Makram Wahba Doss", "created_by": 1}}, {"model": "inventory.assethistory", "pk": 43, "fields": {"asset": 140, "action": "returned", "employee": 113, "date": "2025-05-31T17:49:34.915Z", "notes": "Asset returned from Magid Makram Wahba Doss", "created_by": 1}}, {"model": "inventory.assethistory", "pk": 44, "fields": {"asset": 185, "action": "assigned", "employee": 113, "date": "2025-05-31T17:49:57.516Z", "notes": "Asset assigned to Magid Makram Wahba Doss", "created_by": 1}}, {"model": "inventory.assethistory", "pk": 45, "fields": {"asset": 113, "action": "assigned", "employee": 146, "date": "2025-05-31T18:12:01.014Z", "notes": "Asset assigned to Help Desk", "created_by": 1}}, {"model": "inventory.assethistory", "pk": 46, "fields": {"asset": 113, "action": "maintenance", "employee": 146, "date": "2025-05-31T18:17:13.023Z", "notes": "Asset sent for maintenance", "created_by": 1}}, {"model": "inventory.assethistory", "pk": 47, "fields": {"asset": 113, "action": "retired", "employee": 125, "date": "2025-05-31T18:17:45.634Z", "notes": "Asset status changed from maintenance to retired", "created_by": 1}}, {"model": "inventory.assethistory", "pk": 48, "fields": {"asset": 113, "action": "available", "employee": 146, "date": "2025-05-31T18:21:32.536Z", "notes": "Asset status changed from retired to available", "created_by": 1}}, {"model": "inventory.assethistory", "pk": 49, "fields": {"asset": 113, "action": "retired", "employee": 146, "date": "2025-05-31T18:21:43.410Z", "notes": "Asset retired from inventory", "created_by": 1}}, {"model": "inventory.assethistory", "pk": 50, "fields": {"asset": 113, "action": "assigned", "employee": 146, "date": "2025-05-31T18:22:42.261Z", "notes": "Asset status changed from retired to assigned", "created_by": 1}}, {"model": "inventory.assethistory", "pk": 51, "fields": {"asset": 113, "action": "unassigned", "employee": 146, "date": "2025-05-31T18:26:06.483Z", "notes": "Device unassigned from Help Desk", "created_by": 1}}, {"model": "inventory.assethistory", "pk": 52, "fields": {"asset": 113, "action": "assigned", "employee": 111, "date": "2025-05-31T18:26:06.486Z", "notes": "Device assigned to Ibrahim Ibrahim Zaki El-Naqeeb", "created_by": 1}}, {"model": "inventory.assethistory", "pk": 53, "fields": {"asset": 113, "action": "unassigned", "employee": 111, "date": "2025-05-31T18:27:08.248Z", "notes": "Device unassigned from Ibrahim Ibrahim Zaki El-Naqeeb", "created_by": 1}}, {"model": "inventory.assethistory", "pk": 54, "fields": {"asset": 113, "action": "assigned", "employee": 129, "date": "2025-05-31T18:27:08.251Z", "notes": "Device assigned to Hamdy Mohamed Mohamed Ahmed Mansour", "created_by": 1}}, {"model": "inventory.assethistory", "pk": 55, "fields": {"asset": 141, "action": "modified", "employee": null, "date": "2025-05-31T18:42:43.127Z", "notes": "Device modified:\nRAM Size: None  8g dd3", "created_by": 1}}, {"model": "inventory.assethistory", "pk": 56, "fields": {"asset": 105, "action": "unassigned", "employee": 108, "date": "2025-06-03T10:17:32.381Z", "notes": "Device unassigned from Bishoy Essam Wilson Fahim", "created_by": 2}}, {"model": "inventory.assethistory", "pk": 57, "fields": {"asset": 105, "action": "assigned", "employee": 133, "date": "2025-06-03T10:17:32.389Z", "notes": "Device assigned to Aya Mohamed Mahmoud Abdel-Fattah", "created_by": 2}}, {"model": "inventory.notificationcategory", "pk": 1, "fields": {"name": "Device Assignment", "icon": "fa-laptop", "color": "primary", "description": "Notifications related to device assignments and returns"}}, {"model": "inventory.notificationcategory", "pk": 2, "fields": {"name": "Maintenance", "icon": "fa-wrench", "color": "warning", "description": "Notifications about device maintenance and repairs"}}, {"model": "inventory.notificationcategory", "pk": 3, "fields": {"name": "Warranty", "icon": "fa-shield-alt", "color": "info", "description": "Notifications about warranty expiration and renewals"}}, {"model": "inventory.notificationcategory", "pk": 4, "fields": {"name": "System", "icon": "fa-cog", "color": "secondary", "description": "System notifications and updates"}}, {"model": "inventory.notificationcategory", "pk": 5, "fields": {"name": "Alert", "icon": "fa-exclamation-triangle", "color": "danger", "description": "Important alerts and critical notifications"}}, {"model": "inventory.notificationcategory", "pk": 6, "fields": {"name": "Device Modification", "icon": "fa-edit", "color": "info", "description": "Notifications about device modifications and updates"}}, {"model": "inventory.notification", "pk": 1, "fields": {"title": "New Device Assigned: ACD-ACC-lap-01", "message": "You have been assigned a new device: ACD-ACC-lap-01 (SN: 1N3YHX3)", "status": "unread", "priority": "medium", "content_type": 8, "object_id": 105, "category": 1, "employee_profile": 108, "action_url": null, "created_at": "2025-05-26T11:20:35.448Z", "read_at": null, "archived_at": null, "expires_at": null}}, {"model": "inventory.notification", "pk": 2, "fields": {"title": "New Device Assigned: TONER", "message": "You have been assigned a new device: TONER (SN: Toner-057-0001)", "status": "unread", "priority": "medium", "content_type": 8, "object_id": 160, "category": 1, "employee_profile": 119, "action_url": null, "created_at": "2025-05-27T06:05:52.001Z", "read_at": null, "archived_at": null, "expires_at": null}}, {"model": "inventory.notification", "pk": 3, "fields": {"title": "Test Notification", "message": "This is a test notification to verify the notification system is working.", "status": "archived", "priority": "high", "content_type": 19, "object_id": 4, "category": 4, "employee_profile": null, "action_url": null, "created_at": "2025-05-31T16:00:57.221Z", "read_at": "2025-05-31T17:25:24.204Z", "archived_at": "2025-05-31T17:51:50.749Z", "expires_at": null}}, {"model": "inventory.notification", "pk": 4, "fields": {"title": "New Device Assigned: ACD-ACC-PC-05", "message": "You have been assigned a new device: ACD-ACC-PC-05 (SN: B74QYP3)", "status": "unread", "priority": "medium", "content_type": 8, "object_id": 113, "category": 1, "employee_profile": 125, "action_url": null, "created_at": "2025-05-31T17:05:37.272Z", "read_at": null, "archived_at": null, "expires_at": null}}, {"model": "inventory.notification", "pk": 5, "fields": {"title": "Device Returned: ACD-ACC-PC-05", "message": "Device has been returned to inventory:\nDevice: ACD-ACC-PC-05\nSerial Number: B74QYP3\nModel: OptiPlex 3090", "status": "unread", "priority": "medium", "content_type": 8, "object_id": 113, "category": 1, "employee_profile": 109, "action_url": "/en/inventory/assets/113/", "created_at": "2025-05-31T17:11:50.213Z", "read_at": null, "archived_at": null, "expires_at": null}}, {"model": "inventory.notification", "pk": 6, "fields": {"title": "Warranty Update: ACD-ACC-PC-05", "message": "Warranty Alert for ACD-ACC-PC-05\nSerial Number: B74QYP3\nDays Remaining: -6\nExpiry Date: 2025-05-25", "status": "read", "priority": "high", "content_type": 8, "object_id": 113, "category": 3, "employee_profile": null, "action_url": "/en/inventory/assets/113/", "created_at": "2025-05-31T17:11:50.216Z", "read_at": "2025-05-31T17:12:41.304Z", "archived_at": null, "expires_at": null}}, {"model": "inventory.notification", "pk": 7, "fields": {"title": "Device Returned: CTP-WH-PC-02", "message": "Device has been returned to inventory:\nDevice: CTP-WH-PC-02\nSerial Number: MXL8302M7F\nModel: HP ProDesk 400 G4 SFF", "status": "unread", "priority": "medium", "content_type": 8, "object_id": 141, "category": 1, "employee_profile": 108, "action_url": "/en/inventory/assets/141/", "created_at": "2025-05-31T17:13:25.403Z", "read_at": null, "archived_at": null, "expires_at": null}}, {"model": "inventory.notification", "pk": 8, "fields": {"title": "Warranty Update: CTP-FW - 22 -port", "message": "Warranty Alert for CTP-FW - 22 -port\nSerial Number: FG100FTK23009738\nDays Remaining: 0\nExpiry Date: 2025-05-31", "status": "read", "priority": "high", "content_type": 8, "object_id": 175, "category": 3, "employee_profile": null, "action_url": "/en/inventory/assets/175/", "created_at": "2025-05-31T17:14:38.742Z", "read_at": "2025-05-31T17:17:42.893Z", "archived_at": null, "expires_at": null}}, {"model": "inventory.notification", "pk": 9, "fields": {"title": "Warranty Update: CTP-FW - 22 -port", "message": "Warranty Alert for CTP-FW - 22 -port\nSerial Number: FG100FTK23009738\nDays Remaining: 945\nExpiry Date: 2028-01-01", "status": "read", "priority": "medium", "content_type": 8, "object_id": 175, "category": 3, "employee_profile": null, "action_url": "/en/inventory/assets/175/", "created_at": "2025-05-31T17:15:08.309Z", "read_at": "2025-05-31T17:17:46.618Z", "archived_at": null, "expires_at": null}}, {"model": "inventory.notification", "pk": 10, "fields": {"title": "New Device Assigned: CTP-WH-PC-02", "message": "You have been assigned a new device:\nDevice: CTP-WH-PC-02\nSerial Number: MXL8302M7F\nModel: HP ProDesk 400 G4 SFF", "status": "unread", "priority": "medium", "content_type": 8, "object_id": 141, "category": 1, "employee_profile": 125, "action_url": "/en/inventory/assets/141/", "created_at": "2025-05-31T17:32:17.056Z", "read_at": null, "archived_at": null, "expires_at": null}}, {"model": "inventory.notification", "pk": 11, "fields": {"title": "Device Returned: CTP-WH-PC-02", "message": "Device has been returned to inventory:\nDevice: CTP-WH-PC-02\nSerial Number: MXL8302M7F\nModel: HP ProDesk 400 G4 SFF", "status": "unread", "priority": "medium", "content_type": 8, "object_id": 141, "category": 1, "employee_profile": 125, "action_url": "/en/inventory/assets/141/", "created_at": "2025-05-31T17:32:44.032Z", "read_at": null, "archived_at": null, "expires_at": null}}, {"model": "inventory.notification", "pk": 12, "fields": {"title": "Device Returned: CTP-WH-PC-02", "message": "Device has been returned to inventory:\nDevice: CTP-WH-PC-02\nSerial Number: MXL8302M7F\nModel: HP ProDesk 400 G4 SFF", "status": "unread", "priority": "medium", "content_type": 8, "object_id": 141, "category": 1, "employee_profile": 108, "action_url": "/en/inventory/assets/141/", "created_at": "2025-05-31T17:36:27.688Z", "read_at": null, "archived_at": null, "expires_at": null}}, {"model": "inventory.notification", "pk": 13, "fields": {"title": "New Device Assigned: CTP-PROD-04", "message": "You have been assigned a new device:\nDevice: CTP-PROD-04\nSerial Number: MXL8371P58\nModel: HP ProDesk 400 G4 SFF", "status": "unread", "priority": "medium", "content_type": 8, "object_id": 140, "category": 1, "employee_profile": 125, "action_url": "/en/inventory/assets/140/", "created_at": "2025-05-31T17:37:16.042Z", "read_at": null, "archived_at": null, "expires_at": null}}, {"model": "inventory.notification", "pk": 14, "fields": {"title": "New Device Assigned: CTP-PROD-04", "message": "You have been assigned a new device:\nDevice: CTP-PROD-04\nSerial Number: MXL8371P58\nModel: HP ProDesk 400 G4 SFF", "status": "unread", "priority": "medium", "content_type": 8, "object_id": 140, "category": 1, "employee_profile": 113, "action_url": "/en/inventory/assets/140/", "created_at": "2025-05-31T17:39:31.814Z", "read_at": null, "archived_at": null, "expires_at": null}}, {"model": "inventory.notification", "pk": 15, "fields": {"title": "Warranty Update: ACD-ACC-lap-01", "message": "Warranty Alert for ACD-ACC-lap-01\nSerial Number: 1N3YHX3\nDays Remaining: -34\nExpiry Date: 2025-04-27", "status": "read", "priority": "high", "content_type": 8, "object_id": 105, "category": 3, "employee_profile": null, "action_url": "/en/inventory/assets/105/", "created_at": "2025-05-31T17:39:59.088Z", "read_at": "2025-05-31T17:41:47.211Z", "archived_at": null, "expires_at": null}}, {"model": "inventory.notification", "pk": 16, "fields": {"title": "Warranty Update: ACD-ACC-PC-05", "message": "Warranty Alert for ACD-ACC-PC-05\nSerial Number: B74QYP3\nDays Remaining: -6\nExpiry Date: 2025-05-25", "status": "read", "priority": "high", "content_type": 8, "object_id": 113, "category": 3, "employee_profile": null, "action_url": "/en/inventory/assets/113/", "created_at": "2025-05-31T17:45:44.090Z", "read_at": "2025-05-31T17:45:57.255Z", "archived_at": null, "expires_at": null}}, {"model": "inventory.notification", "pk": 17, "fields": {"title": "Warranty Update: ACD-ACC-PC-05", "message": "Warranty Alert for ACD-ACC-PC-05\nSerial Number: B74QYP3\nDays Remaining: -6\nExpiry Date: 2025-05-25", "status": "read", "priority": "high", "content_type": 8, "object_id": 113, "category": 3, "employee_profile": null, "action_url": "/en/inventory/assets/113/", "created_at": "2025-05-31T17:46:58.974Z", "read_at": "2025-05-31T17:47:13.767Z", "archived_at": null, "expires_at": null}}, {"model": "inventory.notification", "pk": 18, "fields": {"title": "Device Returned: CTP-PROD-04", "message": "Device has been returned to inventory:\nDevice: CTP-PROD-04\nSerial Number: MXL8371P58\nModel: HP ProDesk 400 G4 SFF", "status": "unread", "priority": "medium", "content_type": 8, "object_id": 140, "category": 1, "employee_profile": 113, "action_url": "/en/inventory/assets/140/", "created_at": "2025-05-31T17:49:34.920Z", "read_at": null, "archived_at": null, "expires_at": null}}, {"model": "inventory.notification", "pk": 19, "fields": {"title": "Warranty Update: ACD-ACC-PC-05", "message": "Warranty Alert for ACD-ACC-PC-05\nSerial Number: B74QYP3\nDays Remaining: -6\nExpiry Date: 2025-05-25", "status": "archived", "priority": "high", "content_type": 8, "object_id": 113, "category": 3, "employee_profile": null, "action_url": "/en/inventory/assets/113/", "created_at": "2025-05-31T17:50:51.606Z", "read_at": "2025-05-31T17:51:00.315Z", "archived_at": "2025-05-31T17:51:32.482Z", "expires_at": null}}, {"model": "inventory.notification", "pk": 20, "fields": {"title": "Warranty Update: ACD-ACC-PC-05", "message": "Warranty Alert for ACD-ACC-PC-05\nSerial Number: B74QYP3\nDays Remaining: -6\nExpiry Date: 2025-05-25", "status": "read", "priority": "high", "content_type": 8, "object_id": 113, "category": 3, "employee_profile": null, "action_url": "/en/inventory/assets/113/", "created_at": "2025-05-31T18:10:50.952Z", "read_at": "2025-05-31T18:14:10.655Z", "archived_at": null, "expires_at": null}}, {"model": "inventory.notification", "pk": 21, "fields": {"title": "New Device Assigned: ACD-ACC-PC-05", "message": "You have been assigned a new device:\nDevice: ACD-ACC-PC-05\nSerial Number: B74QYP3\nModel: OptiPlex 3090", "status": "unread", "priority": "medium", "content_type": 8, "object_id": 113, "category": 1, "employee_profile": 146, "action_url": "/en/inventory/assets/113/", "created_at": "2025-05-31T18:12:01.016Z", "read_at": null, "archived_at": null, "expires_at": null}}, {"model": "inventory.notification", "pk": 22, "fields": {"title": "Warranty Update: ACD-ACC-PC-05", "message": "Warranty Alert for ACD-ACC-PC-05\nSerial Number: B74QYP3\nDays Remaining: -6\nExpiry Date: 2025-05-25", "status": "read", "priority": "high", "content_type": 8, "object_id": 113, "category": 3, "employee_profile": null, "action_url": "/en/inventory/assets/113/", "created_at": "2025-05-31T18:12:01.018Z", "read_at": "2025-05-31T18:14:10.655Z", "archived_at": null, "expires_at": null}}, {"model": "inventory.notification", "pk": 23, "fields": {"title": "Your Device Needs Maintenance: ACD-ACC-PC-05", "message": "Your assigned device has been sent for maintenance:\nDevice: ACD-ACC-PC-05\nSerial Number: B74QYP3\nPrevious Status: assigned\nExpected Duration: To be determined\nNote: A temporary replacement device may be provided if needed.", "status": "unread", "priority": "high", "content_type": 8, "object_id": 113, "category": 2, "employee_profile": 146, "action_url": "/en/inventory/assets/113/", "created_at": "2025-05-31T18:17:13.018Z", "read_at": null, "archived_at": null, "expires_at": null}}, {"model": "inventory.notification", "pk": 24, "fields": {"title": "Device In Maintenance: ACD-ACC-PC-05", "message": "Device requires maintenance:\nDevice: ACD-ACC-PC-05\nSerial Number: B74QYP3\nPrevious Status: assigned\nAssigned To: Help Desk\nAction Required: Schedule maintenance and update status when complete.", "status": "read", "priority": "high", "content_type": 8, "object_id": 113, "category": 2, "employee_profile": null, "action_url": "/en/inventory/assets/113/", "created_at": "2025-05-31T18:17:13.022Z", "read_at": "2025-05-31T18:20:37.869Z", "archived_at": null, "expires_at": null}}, {"model": "inventory.notification", "pk": 25, "fields": {"title": "Your Device Has Been Modified: ACD-ACC-PC-07", "message": "Your assigned device has been modified:\nDevice: ACD-ACC-PC-07\nSerial Number: B74QYP3\nChanges Made:\n Name: ACD-ACC-PC-05  ACD-ACC-PC-07", "status": "unread", "priority": "medium", "content_type": 8, "object_id": 113, "category": 6, "employee_profile": 146, "action_url": "/en/inventory/assets/113/", "created_at": "2025-05-31T18:18:32.878Z", "read_at": null, "archived_at": null, "expires_at": null}}, {"model": "inventory.notification", "pk": 26, "fields": {"title": "Device Modified: ACD-ACC-PC-07", "message": "Device has been modified:\nDevice: ACD-ACC-PC-07\nSerial Number: B74QYP3\nModified by: admin\nChanges Made:\n Name: ACD-ACC-PC-05  ACD-ACC-PC-07", "status": "read", "priority": "medium", "content_type": 8, "object_id": 113, "category": 6, "employee_profile": null, "action_url": "/en/inventory/assets/113/", "created_at": "2025-05-31T18:18:32.881Z", "read_at": "2025-05-31T18:20:36.028Z", "archived_at": null, "expires_at": null}}, {"model": "inventory.notification", "pk": 27, "fields": {"title": "Your Device Has Been Retired: ACD-ACC-PC-07", "message": "Your previously assigned device has been retired:\nDevice: ACD-ACC-PC-07\nSerial Number: B74QYP3\nModel: OptiPlex 3090\nManufacturer: Dell\n\nIf you need a replacement device, please contact IT support.", "status": "unread", "priority": "high", "content_type": 8, "object_id": 113, "category": 4, "employee_profile": 146, "action_url": "/en/inventory/assets/113/", "created_at": "2025-05-31T18:21:43.406Z", "read_at": null, "archived_at": null, "expires_at": null}}, {"model": "inventory.notification", "pk": 28, "fields": {"title": "Device Retired: ACD-ACC-PC-07", "message": "Device has been retired from inventory:\nDevice: ACD-ACC-PC-07\nSerial Number: B74QYP3\nModel: OptiPlex 3090\nPrevious Status: available\nLast Assigned To: Help Desk\nAction Required: Update inventory records and process device disposal if necessary.", "status": "read", "priority": "medium", "content_type": 8, "object_id": 113, "category": 4, "employee_profile": null, "action_url": "/en/inventory/assets/113/", "created_at": "2025-05-31T18:21:43.407Z", "read_at": "2025-05-31T18:27:50.368Z", "archived_at": null, "expires_at": null}}, {"model": "inventory.notification", "pk": 29, "fields": {"title": "New Device Assigned: ACD-ACC-PC-07", "message": "A new device has been assigned to you:\nDevice: ACD-ACC-PC-07\nSerial Number: B74QYP3\nModel: OptiPlex 3090\nManufacturer: Dell\nAsset Type: Desktop\n\nPrevious Owner: Help Desk\n\nPlease verify the device and its accessories.\nContact IT support if you need any assistance setting up your device.", "status": "unread", "priority": "high", "content_type": 8, "object_id": 113, "category": 1, "employee_profile": 111, "action_url": "/en/inventory/assets/113/", "created_at": "2025-05-31T18:26:06.473Z", "read_at": null, "archived_at": null, "expires_at": null}}, {"model": "inventory.notification", "pk": 30, "fields": {"title": "Device Assigned: ACD-ACC-PC-07", "message": "Device has been assigned:\nDevice: ACD-ACC-PC-07\nSerial Number: B74QYP3\nAssigned To: Ibrahim Ibrahim Zaki El-Naqeeb\nDepartment: Maintenance\nPrevious Owner: Help Desk\nAction Required: Schedule device setup and orientation if needed.", "status": "read", "priority": "medium", "content_type": 8, "object_id": 113, "category": 1, "employee_profile": null, "action_url": "/en/inventory/assets/113/", "created_at": "2025-05-31T18:26:06.479Z", "read_at": "2025-05-31T18:27:50.368Z", "archived_at": null, "expires_at": null}}, {"model": "inventory.notification", "pk": 31, "fields": {"title": "New Device Assigned: ACD-ACC-PC-07", "message": "A new device has been assigned to you:\nDevice: ACD-ACC-PC-07\nSerial Number: B74QYP3\nModel: OptiPlex 3090\nManufacturer: Dell\nAsset Type: Desktop\n\nPrevious Owner: Ibrahim Ibrahim Zaki El-Naqeeb\n\nPlease verify the device and its accessories.\nContact IT support if you need any assistance setting up your device.", "status": "unread", "priority": "high", "content_type": 8, "object_id": 113, "category": 1, "employee_profile": 129, "action_url": "/en/inventory/assets/113/", "created_at": "2025-05-31T18:27:08.239Z", "read_at": null, "archived_at": null, "expires_at": null}}, {"model": "inventory.notification", "pk": 32, "fields": {"title": "Device Assigned: ACD-ACC-PC-07", "message": "Device has been assigned:\nDevice: ACD-ACC-PC-07\nSerial Number: B74QYP3\nAssigned To: Hamdy Mohamed Mohamed Ahmed Mansour\nDepartment: Production\nPrevious Owner: Ibrahim Ibrahim Zaki El-Naqeeb\nAction Required: Schedule device setup and orientation if needed.", "status": "read", "priority": "medium", "content_type": 8, "object_id": 113, "category": 1, "employee_profile": null, "action_url": "/en/inventory/assets/113/", "created_at": "2025-05-31T18:27:08.246Z", "read_at": "2025-05-31T18:27:50.368Z", "archived_at": null, "expires_at": null}}, {"model": "inventory.notification", "pk": 33, "fields": {"title": "Device Modified: CTP-WH-PC-02", "message": "Device has been modified:\nDevice: CTP-WH-PC-02\nSerial Number: MXL8302M7F\nModified by: admin\nChanges Made:\n RAM Size: None  8g dd3", "status": "read", "priority": "medium", "content_type": 8, "object_id": 141, "category": 6, "employee_profile": null, "action_url": "/en/inventory/assets/141/", "created_at": "2025-05-31T18:42:43.123Z", "read_at": "2025-06-03T12:32:01.306Z", "archived_at": null, "expires_at": null}}, {"model": "inventory.notification", "pk": 34, "fields": {"title": "New Device Assigned: ACD-ACC-lap-01", "message": "A new device has been assigned to you:\nDevice: ACD-ACC-lap-01\nSerial Number: 1N3YHX3\nModel: Latitude 5540\nManufacturer: Dell\nAsset Type: Laptop\n\nPrevious Owner: Bishoy Essam Wilson Fahim\n\nPlease verify the device and its accessories.\nContact IT support if you need any assistance setting up your device.", "status": "unread", "priority": "high", "content_type": 8, "object_id": 105, "category": 1, "employee_profile": 133, "action_url": "/en/inventory/assets/105/", "created_at": "2025-06-03T10:17:32.356Z", "read_at": null, "archived_at": null, "expires_at": null}}, {"model": "inventory.notification", "pk": 35, "fields": {"title": "Device Assigned: ACD-ACC-lap-01", "message": "Device has been assigned:\nDevice: ACD-ACC-lap-01\nSerial Number: 1N3YHX3\nAssigned To: Aya Mohamed Mahmoud Abdel-Fattah\nDepartment: HR\nPrevious Owner: Bishoy Essam Wilson Fahim\nAction Required: Schedule device setup and orientation if needed.", "status": "read", "priority": "medium", "content_type": 8, "object_id": 105, "category": 1, "employee_profile": null, "action_url": "/en/inventory/assets/105/", "created_at": "2025-06-03T10:17:32.379Z", "read_at": "2025-06-03T12:32:01.306Z", "archived_at": null, "expires_at": null}}]