[
{
  "model": "auth.group",
  "fields": {
    "name": "Admin",
    "permissions": [
      [
        "add_logentry",
        "admin",
        "logentry"
      ],
      [
        "change_logentry",
        "admin",
        "logentry"
      ],
      [
        "delete_logentry",
        "admin",
        "logentry"
      ],
      [
        "view_logentry",
        "admin",
        "logentry"
      ],
      [
        "add_group",
        "auth",
        "group"
      ],
      [
        "change_group",
        "auth",
        "group"
      ],
      [
        "delete_group",
        "auth",
        "group"
      ],
      [
        "view_group",
        "auth",
        "group"
      ],
      [
        "add_permission",
        "auth",
        "permission"
      ],
      [
        "change_permission",
        "auth",
        "permission"
      ],
      [
        "delete_permission",
        "auth",
        "permission"
      ],
      [
        "view_permission",
        "auth",
        "permission"
      ],
      [
        "add_user",
        "auth",
        "user"
      ],
      [
        "change_user",
        "auth",
        "user"
      ],
      [
        "delete_user",
        "auth",
        "user"
      ],
      [
        "view_user",
        "auth",
        "user"
      ],
      [
        "add_contenttype",
        "contenttypes",
        "contenttype"
      ],
      [
        "change_contenttype",
        "contenttypes",
        "contenttype"
      ],
      [
        "delete_contenttype",
        "contenttypes",
        "contenttype"
      ],
      [
        "view_contenttype",
        "contenttypes",
        "contenttype"
      ],
      [
        "add_assethistory",
        "inventory",
        "assethistory"
      ],
      [
        "change_assethistory",
        "inventory",
        "assethistory"
      ],
      [
        "delete_assethistory",
        "inventory",
        "assethistory"
      ],
      [
        "view_assethistory",
        "inventory",
        "assethistory"
      ],
      [
        "add_assettype",
        "inventory",
        "assettype"
      ],
      [
        "change_assettype",
        "inventory",
        "assettype"
      ],
      [
        "delete_assettype",
        "inventory",
        "assettype"
      ],
      [
        "view_assettype",
        "inventory",
        "assettype"
      ],
      [
        "add_company",
        "inventory",
        "company"
      ],
      [
        "change_company",
        "inventory",
        "company"
      ],
      [
        "delete_company",
        "inventory",
        "company"
      ],
      [
        "view_company",
        "inventory",
        "company"
      ],
      [
        "add_department",
        "inventory",
        "department"
      ],
      [
        "change_department",
        "inventory",
        "department"
      ],
      [
        "delete_department",
        "inventory",
        "department"
      ],
      [
        "view_department",
        "inventory",
        "department"
      ],
      [
        "add_devicehistory",
        "inventory",
        "devicehistory"
      ],
      [
        "change_devicehistory",
        "inventory",
        "devicehistory"
      ],
      [
        "delete_devicehistory",
        "inventory",
        "devicehistory"
      ],
      [
        "view_devicehistory",
        "inventory",
        "devicehistory"
      ],
      [
        "add_employee",
        "inventory",
        "employee"
      ],
      [
        "change_employee",
        "inventory",
        "employee"
      ],
      [
        "delete_employee",
        "inventory",
        "employee"
      ],
      [
        "view_employee",
        "inventory",
        "employee"
      ],
      [
        "add_itasset",
        "inventory",
        "itasset"
      ],
      [
        "change_itasset",
        "inventory",
        "itasset"
      ],
      [
        "delete_itasset",
        "inventory",
        "itasset"
      ],
      [
        "view_itasset",
        "inventory",
        "itasset"
      ],
      [
        "add_notification",
        "inventory",
        "notification"
      ],
      [
        "change_notification",
        "inventory",
        "notification"
      ],
      [
        "delete_notification",
        "inventory",
        "notification"
      ],
      [
        "view_notification",
        "inventory",
        "notification"
      ],
      [
        "add_notificationcategory",
        "inventory",
        "notificationcategory"
      ],
      [
        "change_notificationcategory",
        "inventory",
        "notificationcategory"
      ],
      [
        "delete_notificationcategory",
        "inventory",
        "notificationcategory"
      ],
      [
        "view_notificationcategory",
        "inventory",
        "notificationcategory"
      ],
      [
        "add_ownercompany",
        "inventory",
        "ownercompany"
      ],
      [
        "change_ownercompany",
        "inventory",
        "ownercompany"
      ],
      [
        "delete_ownercompany",
        "inventory",
        "ownercompany"
      ],
      [
        "view_ownercompany",
        "inventory",
        "ownercompany"
      ],
      [
        "add_position",
        "inventory",
        "position"
      ],
      [
        "change_position",
        "inventory",
        "position"
      ],
      [
        "delete_position",
        "inventory",
        "position"
      ],
      [
        "view_position",
        "inventory",
        "position"
      ],
      [
        "add_userprofile",
        "inventory",
        "userprofile"
      ],
      [
        "change_userprofile",
        "inventory",
        "userprofile"
      ],
      [
        "delete_userprofile",
        "inventory",
        "userprofile"
      ],
      [
        "view_userprofile",
        "inventory",
        "userprofile"
      ],
      [
        "add_workflowrequest",
        "inventory",
        "workflowrequest"
      ],
      [
        "change_workflowrequest",
        "inventory",
        "workflowrequest"
      ],
      [
        "delete_workflowrequest",
        "inventory",
        "workflowrequest"
      ],
      [
        "view_workflowrequest",
        "inventory",
        "workflowrequest"
      ],
      [
        "add_session",
        "sessions",
        "session"
      ],
      [
        "change_session",
        "sessions",
        "session"
      ],
      [
        "delete_session",
        "sessions",
        "session"
      ],
      [
        "view_session",
        "sessions",
        "session"
      ]
    ]
  }
},
{
  "model": "auth.group",
  "fields": {
    "name": "IT Support",
    "permissions": [
      [
        "add_assethistory",
        "inventory",
        "assethistory"
      ],
      [
        "change_assethistory",
        "inventory",
        "assethistory"
      ],
      [
        "delete_assethistory",
        "inventory",
        "assethistory"
      ],
      [
        "view_assethistory",
        "inventory",
        "assethistory"
      ],
      [
        "add_assettype",
        "inventory",
        "assettype"
      ],
      [
        "change_assettype",
        "inventory",
        "assettype"
      ],
      [
        "delete_assettype",
        "inventory",
        "assettype"
      ],
      [
        "view_assettype",
        "inventory",
        "assettype"
      ],
      [
        "add_department",
        "inventory",
        "department"
      ],
      [
        "change_department",
        "inventory",
        "department"
      ],
      [
        "delete_department",
        "inventory",
        "department"
      ],
      [
        "view_department",
        "inventory",
        "department"
      ],
      [
        "add_employee",
        "inventory",
        "employee"
      ],
      [
        "change_employee",
        "inventory",
        "employee"
      ],
      [
        "delete_employee",
        "inventory",
        "employee"
      ],
      [
        "view_employee",
        "inventory",
        "employee"
      ],
      [
        "add_itasset",
        "inventory",
        "itasset"
      ],
      [
        "change_itasset",
        "inventory",
        "itasset"
      ],
      [
        "delete_itasset",
        "inventory",
        "itasset"
      ],
      [
        "view_itasset",
        "inventory",
        "itasset"
      ],
      [
        "add_notification",
        "inventory",
        "notification"
      ],
      [
        "change_notification",
        "inventory",
        "notification"
      ],
      [
        "delete_notification",
        "inventory",
        "notification"
      ],
      [
        "view_notification",
        "inventory",
        "notification"
      ],
      [
        "add_position",
        "inventory",
        "position"
      ],
      [
        "change_position",
        "inventory",
        "position"
      ],
      [
        "delete_position",
        "inventory",
        "position"
      ],
      [
        "view_position",
        "inventory",
        "position"
      ]
    ]
  }
},
{
  "model": "auth.group",
  "fields": {
    "name": "Technician",
    "permissions": [
      [
        "add_assethistory",
        "inventory",
        "assethistory"
      ],
      [
        "view_assethistory",
        "inventory",
        "assethistory"
      ],
      [
        "change_itasset",
        "inventory",
        "itasset"
      ],
      [
        "view_itasset",
        "inventory",
        "itasset"
      ]
    ]
  }
},
{
  "model": "auth.group",
  "fields": {
    "name": "System Administrator",
    "permissions": [
      [
        "add_logentry",
        "admin",
        "logentry"
      ],
      [
        "change_logentry",
        "admin",
        "logentry"
      ],
      [
        "delete_logentry",
        "admin",
        "logentry"
      ],
      [
        "view_logentry",
        "admin",
        "logentry"
      ],
      [
        "add_group",
        "auth",
        "group"
      ],
      [
        "change_group",
        "auth",
        "group"
      ],
      [
        "delete_group",
        "auth",
        "group"
      ],
      [
        "view_group",
        "auth",
        "group"
      ],
      [
        "add_permission",
        "auth",
        "permission"
      ],
      [
        "change_permission",
        "auth",
        "permission"
      ],
      [
        "delete_permission",
        "auth",
        "permission"
      ],
      [
        "view_permission",
        "auth",
        "permission"
      ],
      [
        "add_user",
        "auth",
        "user"
      ],
      [
        "change_user",
        "auth",
        "user"
      ],
      [
        "delete_user",
        "auth",
        "user"
      ],
      [
        "view_user",
        "auth",
        "user"
      ],
      [
        "add_contenttype",
        "contenttypes",
        "contenttype"
      ],
      [
        "change_contenttype",
        "contenttypes",
        "contenttype"
      ],
      [
        "delete_contenttype",
        "contenttypes",
        "contenttype"
      ],
      [
        "view_contenttype",
        "contenttypes",
        "contenttype"
      ],
      [
        "add_assethistory",
        "inventory",
        "assethistory"
      ],
      [
        "change_assethistory",
        "inventory",
        "assethistory"
      ],
      [
        "delete_assethistory",
        "inventory",
        "assethistory"
      ],
      [
        "view_assethistory",
        "inventory",
        "assethistory"
      ],
      [
        "add_assettype",
        "inventory",
        "assettype"
      ],
      [
        "change_assettype",
        "inventory",
        "assettype"
      ],
      [
        "delete_assettype",
        "inventory",
        "assettype"
      ],
      [
        "view_assettype",
        "inventory",
        "assettype"
      ],
      [
        "add_company",
        "inventory",
        "company"
      ],
      [
        "change_company",
        "inventory",
        "company"
      ],
      [
        "delete_company",
        "inventory",
        "company"
      ],
      [
        "view_company",
        "inventory",
        "company"
      ],
      [
        "add_department",
        "inventory",
        "department"
      ],
      [
        "change_department",
        "inventory",
        "department"
      ],
      [
        "delete_department",
        "inventory",
        "department"
      ],
      [
        "view_department",
        "inventory",
        "department"
      ],
      [
        "add_devicehistory",
        "inventory",
        "devicehistory"
      ],
      [
        "change_devicehistory",
        "inventory",
        "devicehistory"
      ],
      [
        "delete_devicehistory",
        "inventory",
        "devicehistory"
      ],
      [
        "view_devicehistory",
        "inventory",
        "devicehistory"
      ],
      [
        "add_employee",
        "inventory",
        "employee"
      ],
      [
        "change_employee",
        "inventory",
        "employee"
      ],
      [
        "delete_employee",
        "inventory",
        "employee"
      ],
      [
        "view_employee",
        "inventory",
        "employee"
      ],
      [
        "add_itasset",
        "inventory",
        "itasset"
      ],
      [
        "change_itasset",
        "inventory",
        "itasset"
      ],
      [
        "delete_itasset",
        "inventory",
        "itasset"
      ],
      [
        "view_itasset",
        "inventory",
        "itasset"
      ],
      [
        "add_notification",
        "inventory",
        "notification"
      ],
      [
        "change_notification",
        "inventory",
        "notification"
      ],
      [
        "delete_notification",
        "inventory",
        "notification"
      ],
      [
        "view_notification",
        "inventory",
        "notification"
      ],
      [
        "add_notificationcategory",
        "inventory",
        "notificationcategory"
      ],
      [
        "change_notificationcategory",
        "inventory",
        "notificationcategory"
      ],
      [
        "delete_notificationcategory",
        "inventory",
        "notificationcategory"
      ],
      [
        "view_notificationcategory",
        "inventory",
        "notificationcategory"
      ],
      [
        "add_ownercompany",
        "inventory",
        "ownercompany"
      ],
      [
        "change_ownercompany",
        "inventory",
        "ownercompany"
      ],
      [
        "delete_ownercompany",
        "inventory",
        "ownercompany"
      ],
      [
        "view_ownercompany",
        "inventory",
        "ownercompany"
      ],
      [
        "add_position",
        "inventory",
        "position"
      ],
      [
        "change_position",
        "inventory",
        "position"
      ],
      [
        "delete_position",
        "inventory",
        "position"
      ],
      [
        "view_position",
        "inventory",
        "position"
      ],
      [
        "add_userprofile",
        "inventory",
        "userprofile"
      ],
      [
        "change_userprofile",
        "inventory",
        "userprofile"
      ],
      [
        "delete_userprofile",
        "inventory",
        "userprofile"
      ],
      [
        "view_userprofile",
        "inventory",
        "userprofile"
      ],
      [
        "add_workflowrequest",
        "inventory",
        "workflowrequest"
      ],
      [
        "change_workflowrequest",
        "inventory",
        "workflowrequest"
      ],
      [
        "delete_workflowrequest",
        "inventory",
        "workflowrequest"
      ],
      [
        "view_workflowrequest",
        "inventory",
        "workflowrequest"
      ],
      [
        "add_session",
        "sessions",
        "session"
      ],
      [
        "change_session",
        "sessions",
        "session"
      ],
      [
        "delete_session",
        "sessions",
        "session"
      ],
      [
        "view_session",
        "sessions",
        "session"
      ]
    ]
  }
},
{
  "model": "auth.group",
  "fields": {
    "name": "System Admin",
    "permissions": [
      [
        "add_assethistory",
        "inventory",
        "assethistory"
      ],
      [
        "change_assethistory",
        "inventory",
        "assethistory"
      ],
      [
        "view_assethistory",
        "inventory",
        "assethistory"
      ],
      [
        "add_assettype",
        "inventory",
        "assettype"
      ],
      [
        "change_assettype",
        "inventory",
        "assettype"
      ],
      [
        "view_assettype",
        "inventory",
        "assettype"
      ],
      [
        "add_department",
        "inventory",
        "department"
      ],
      [
        "change_department",
        "inventory",
        "department"
      ],
      [
        "view_department",
        "inventory",
        "department"
      ],
      [
        "add_employee",
        "inventory",
        "employee"
      ],
      [
        "change_employee",
        "inventory",
        "employee"
      ],
      [
        "view_employee",
        "inventory",
        "employee"
      ],
      [
        "add_itasset",
        "inventory",
        "itasset"
      ],
      [
        "change_itasset",
        "inventory",
        "itasset"
      ],
      [
        "view_itasset",
        "inventory",
        "itasset"
      ],
      [
        "add_notification",
        "inventory",
        "notification"
      ],
      [
        "change_notification",
        "inventory",
        "notification"
      ],
      [
        "view_notification",
        "inventory",
        "notification"
      ],
      [
        "add_position",
        "inventory",
        "position"
      ],
      [
        "change_position",
        "inventory",
        "position"
      ],
      [
        "view_position",
        "inventory",
        "position"
      ]
    ]
  }
},
{
  "model": "auth.group",
  "fields": {
    "name": "Help Desk",
    "permissions": [
      [
        "add_assethistory",
        "inventory",
        "assethistory"
      ],
      [
        "change_assethistory",
        "inventory",
        "assethistory"
      ],
      [
        "view_assethistory",
        "inventory",
        "assethistory"
      ],
      [
        "view_employee",
        "inventory",
        "employee"
      ],
      [
        "view_itasset",
        "inventory",
        "itasset"
      ],
      [
        "add_notification",
        "inventory",
        "notification"
      ],
      [
        "view_notification",
        "inventory",
        "notification"
      ]
    ]
  }
},
{
  "model": "auth.user",
  "fields": {
    "password": "pbkdf2_sha256$1000000$BD2kLp3DSELkOtNTjxAuVC$ZIZH7O3acRFFbKl42PIU6agXaE6DJ4PGwEHro2GuFmY=",
    "last_login": "2025-07-19T14:00:32.483Z",
    "is_superuser": true,
    "username": "admin",
    "first_name": "",
    "last_name": "",
    "email": "",
    "is_staff": true,
    "is_active": true,
    "date_joined": "2025-05-20T05:37:27.573Z",
    "groups": [
      [
        "Admin"
      ]
    ],
    "user_permissions": []
  }
},
{
  "model": "auth.user",
  "fields": {
    "password": "pbkdf2_sha256$1000000$QyVY96kBJi0n1YByPUZkqI$f/S5i28VAQmdqojBXGLAU+FEzSaNWk41mzpX4Xa92pc=",
    "last_login": "2025-06-04T05:48:54.386Z",
    "is_superuser": true,
    "username": "ragab-adel",
    "first_name": "",
    "last_name": "",
    "email": "",
    "is_staff": true,
    "is_active": true,
    "date_joined": "2025-05-25T11:21:12.026Z",
    "groups": [
      [
        "Admin"
      ]
    ],
    "user_permissions": []
  }
},
{
  "model": "auth.user",
  "fields": {
    "password": "pbkdf2_sha256$1000000$40wz4iW0g4F6o0ia1XvQIY$lt/PZNPAQ7JBSUQlQbhUAgbgON+OvrfIaiJtL96fpGI=",
    "last_login": null,
    "is_superuser": false,
    "username": "Ragab",
    "first_name": "",
    "last_name": "",
    "email": "Ragabadel862@hotmail.com",
    "is_staff": false,
    "is_active": true,
    "date_joined": "2025-06-10T17:12:01.175Z",
    "groups": [],
    "user_permissions": []
  }
},
{
  "model": "auth.user",
  "fields": {
    "password": "pbkdf2_sha256$1000000$byZrDDV3WjSd7OS3jFLn6j$oZtzYQY0a40ISiDv8CPW/0Ds/okw2A1Z3dVRkpgkp5U=",
    "last_login": "2025-07-19T14:47:11.794Z",
    "is_superuser": true,
    "username": "Admin",
    "first_name": "",
    "last_name": "",
    "email": "",
    "is_staff": true,
    "is_active": true,
    "date_joined": "2025-07-16T10:42:08.862Z",
    "groups": [],
    "user_permissions": []
  }
},
{
  "model": "inventory.department",
  "pk": 1,
  "fields": {
    "name": "warehouse",
    "description": "Department of Warehouse",
    "created_at": "2025-05-20T05:35:13.191Z",
    "updated_at": "2025-05-20T05:35:13.191Z"
  }
},
{
  "model": "inventory.department",
  "pk": 3,
  "fields": {
    "name": "procurement",
    "description": "Department of Procurement",
    "created_at": "2025-05-20T05:35:13.194Z",
    "updated_at": "2025-05-20T05:35:13.194Z"
  }
},
{
  "model": "inventory.department",
  "pk": 4,
  "fields": {
    "name": "quality",
    "description": "Department of Quality",
    "created_at": "2025-05-20T05:35:13.195Z",
    "updated_at": "2025-05-20T05:35:13.195Z"
  }
},
{
  "model": "inventory.department",
  "pk": 5,
  "fields": {
    "name": "finance",
    "description": "Department of Finance",
    "created_at": "2025-05-20T05:35:13.196Z",
    "updated_at": "2025-05-20T05:35:13.196Z"
  }
},
{
  "model": "inventory.department",
  "pk": 6,
  "fields": {
    "name": "production",
    "description": "Department of Production",
    "created_at": "2025-05-20T05:35:13.198Z",
    "updated_at": "2025-05-20T05:35:13.198Z"
  }
},
{
  "model": "inventory.department",
  "pk": 7,
  "fields": {
    "name": "maintenance",
    "description": "Department of Maintenance",
    "created_at": "2025-05-20T05:35:13.200Z",
    "updated_at": "2025-05-20T05:35:13.200Z"
  }
},
{
  "model": "inventory.department",
  "pk": 8,
  "fields": {
    "name": "osh",
    "description": "Department of Occupational Safety and Health",
    "created_at": "2025-05-20T05:35:13.200Z",
    "updated_at": "2025-05-20T05:35:13.200Z"
  }
},
{
  "model": "inventory.department",
  "pk": 9,
  "fields": {
    "name": "it",
    "description": "Department of IT",
    "created_at": "2025-05-20T05:35:13.201Z",
    "updated_at": "2025-05-20T05:35:13.201Z"
  }
},
{
  "model": "inventory.department",
  "pk": 10,
  "fields": {
    "name": "HR",
    "description": "",
    "created_at": "2025-05-20T05:50:04.822Z",
    "updated_at": "2025-05-20T05:50:04.822Z"
  }
},
{
  "model": "inventory.department",
  "pk": 11,
  "fields": {
    "name": "CTP Management",
    "description": "",
    "created_at": "2025-05-20T06:04:04.695Z",
    "updated_at": "2025-05-25T09:55:33.738Z"
  }
},
{
  "model": "inventory.department",
  "pk": 12,
  "fields": {
    "name": "Security Officer",
    "description": "",
    "created_at": "2025-07-16T11:28:51.905Z",
    "updated_at": "2025-07-16T11:28:51.905Z"
  }
},
{
  "model": "inventory.department",
  "pk": 13,
  "fields": {
    "name": "Operations Management",
    "description": "",
    "created_at": "2025-07-19T08:00:28.407Z",
    "updated_at": "2025-07-19T08:00:28.407Z"
  }
},
{
  "model": "inventory.department",
  "pk": 14,
  "fields": {
    "name": "Engineering Management",
    "description": "",
    "created_at": "2025-07-19T09:27:26.584Z",
    "updated_at": "2025-07-19T09:27:26.584Z"
  }
},
{
  "model": "inventory.position",
  "pk": 1,
  "fields": {
    "name": "Quality Supervisor",
    "department": 4,
    "description": "",
    "created_at": "2025-05-20T05:44:23.686Z",
    "updated_at": "2025-05-20T05:44:23.686Z"
  }
},
{
  "model": "inventory.position",
  "pk": 2,
  "fields": {
    "name": "Accountant",
    "department": 5,
    "description": "",
    "created_at": "2025-05-20T05:44:23.707Z",
    "updated_at": "2025-05-20T05:44:23.707Z"
  }
},
{
  "model": "inventory.position",
  "pk": 3,
  "fields": {
    "name": "Stores Controller",
    "department": 1,
    "description": "",
    "created_at": "2025-05-20T05:44:23.713Z",
    "updated_at": "2025-05-20T05:44:23.713Z"
  }
},
{
  "model": "inventory.position",
  "pk": 5,
  "fields": {
    "name": "Planning and Follow-up Technician",
    "department": 7,
    "description": "",
    "created_at": "2025-05-20T05:44:23.725Z",
    "updated_at": "2025-05-20T05:44:23.725Z"
  }
},
{
  "model": "inventory.position",
  "pk": 6,
  "fields": {
    "name": "Occupational Health & Safety Manager",
    "department": 8,
    "description": "",
    "created_at": "2025-05-20T05:44:23.732Z",
    "updated_at": "2025-05-20T05:44:23.732Z"
  }
},
{
  "model": "inventory.position",
  "pk": 7,
  "fields": {
    "name": "Accounts Manager",
    "department": 5,
    "description": "",
    "created_at": "2025-05-20T05:44:23.737Z",
    "updated_at": "2025-05-20T05:44:23.737Z"
  }
},
{
  "model": "inventory.position",
  "pk": 8,
  "fields": {
    "name": "Quality Specialist",
    "department": 4,
    "description": "",
    "created_at": "2025-05-20T05:44:23.745Z",
    "updated_at": "2025-05-20T05:44:23.745Z"
  }
},
{
  "model": "inventory.position",
  "pk": 9,
  "fields": {
    "name": "Production Data Entry Clerk",
    "department": 6,
    "description": "",
    "created_at": "2025-05-20T05:44:23.755Z",
    "updated_at": "2025-05-20T05:44:23.755Z"
  }
},
{
  "model": "inventory.position",
  "pk": 10,
  "fields": {
    "name": "purchases Department",
    "department": 3,
    "description": "",
    "created_at": "2025-05-20T05:50:04.806Z",
    "updated_at": "2025-05-20T05:50:04.806Z"
  }
},
{
  "model": "inventory.position",
  "pk": 11,
  "fields": {
    "name": "IT",
    "department": 9,
    "description": "",
    "created_at": "2025-05-20T05:50:04.818Z",
    "updated_at": "2025-05-20T05:50:04.818Z"
  }
},
{
  "model": "inventory.position",
  "pk": 12,
  "fields": {
    "name": "HR",
    "department": 10,
    "description": "",
    "created_at": "2025-05-20T05:50:04.824Z",
    "updated_at": "2025-05-20T05:50:04.824Z"
  }
},
{
  "model": "inventory.position",
  "pk": 13,
  "fields": {
    "name": "Maintenance",
    "department": 7,
    "description": "",
    "created_at": "2025-05-20T05:50:04.830Z",
    "updated_at": "2025-05-20T05:50:04.830Z"
  }
},
{
  "model": "inventory.position",
  "pk": 14,
  "fields": {
    "name": "Assembly",
    "department": 6,
    "description": "",
    "created_at": "2025-05-20T05:50:04.844Z",
    "updated_at": "2025-05-20T05:50:04.844Z"
  }
},
{
  "model": "inventory.position",
  "pk": 15,
  "fields": {
    "name": "Financial",
    "department": 5,
    "description": "",
    "created_at": "2025-05-20T05:50:04.853Z",
    "updated_at": "2025-05-20T05:50:04.853Z"
  }
},
{
  "model": "inventory.position",
  "pk": 16,
  "fields": {
    "name": "SECURTY",
    "department": 10,
    "description": "",
    "created_at": "2025-05-20T05:50:04.868Z",
    "updated_at": "2025-05-20T05:50:04.868Z"
  }
},
{
  "model": "inventory.position",
  "pk": 17,
  "fields": {
    "name": "Quality Control",
    "department": 4,
    "description": "",
    "created_at": "2025-05-20T05:50:04.871Z",
    "updated_at": "2025-05-20T05:50:04.871Z"
  }
},
{
  "model": "inventory.position",
  "pk": 18,
  "fields": {
    "name": "Store Department",
    "department": 1,
    "description": "",
    "created_at": "2025-05-20T05:50:04.889Z",
    "updated_at": "2025-05-20T05:50:04.889Z"
  }
},
{
  "model": "inventory.position",
  "pk": 19,
  "fields": {
    "name": "production",
    "department": 6,
    "description": "",
    "created_at": "2025-05-20T05:50:04.902Z",
    "updated_at": "2025-05-20T05:50:04.902Z"
  }
},
{
  "model": "inventory.position",
  "pk": 20,
  "fields": {
    "name": "Chairman of the Board of Directors",
    "department": 11,
    "description": "",
    "created_at": "2025-05-20T06:04:04.698Z",
    "updated_at": "2025-05-20T06:04:04.698Z"
  }
},
{
  "model": "inventory.position",
  "pk": 21,
  "fields": {
    "name": "Vice Chairman of the Board of Directors",
    "department": 11,
    "description": "",
    "created_at": "2025-05-20T06:04:04.704Z",
    "updated_at": "2025-05-20T06:04:04.704Z"
  }
},
{
  "model": "inventory.position",
  "pk": 22,
  "fields": {
    "name": "procurement",
    "department": 3,
    "description": "",
    "created_at": "2025-05-20T06:47:54.465Z",
    "updated_at": "2025-05-20T06:47:54.465Z"
  }
},
{
  "model": "inventory.position",
  "pk": 113,
  "fields": {
    "name": "Assembly (Production)",
    "department": 6,
    "description": "",
    "created_at": "2025-05-25T09:02:45.706Z",
    "updated_at": "2025-05-25T09:02:45.706Z"
  }
},
{
  "model": "inventory.position",
  "pk": 114,
  "fields": {
    "name": "Stores Controller (Warehouse)",
    "department": 1,
    "description": "",
    "created_at": "2025-05-25T09:02:45.708Z",
    "updated_at": "2025-05-25T09:02:45.708Z"
  }
},
{
  "model": "inventory.position",
  "pk": 115,
  "fields": {
    "name": "HR (HR)",
    "department": 10,
    "description": "",
    "created_at": "2025-05-25T09:02:45.710Z",
    "updated_at": "2025-05-25T09:02:45.710Z"
  }
},
{
  "model": "inventory.position",
  "pk": 116,
  "fields": {
    "name": "purchases Department (Procurement)",
    "department": 3,
    "description": "",
    "created_at": "2025-05-25T09:02:45.711Z",
    "updated_at": "2025-05-25T09:02:45.711Z"
  }
},
{
  "model": "inventory.position",
  "pk": 117,
  "fields": {
    "name": "Financial (Finance)",
    "department": 5,
    "description": "",
    "created_at": "2025-05-25T09:02:45.713Z",
    "updated_at": "2025-05-25T09:02:45.713Z"
  }
},
{
  "model": "inventory.position",
  "pk": 118,
  "fields": {
    "name": "Production Data Entry Clerk (Production)",
    "department": 6,
    "description": "",
    "created_at": "2025-05-25T09:02:45.714Z",
    "updated_at": "2025-05-25T09:02:45.714Z"
  }
},
{
  "model": "inventory.position",
  "pk": 119,
  "fields": {
    "name": "Accountant (Finance)",
    "department": 5,
    "description": "",
    "created_at": "2025-05-25T09:02:45.716Z",
    "updated_at": "2025-05-25T09:02:45.716Z"
  }
},
{
  "model": "inventory.position",
  "pk": 120,
  "fields": {
    "name": "Planning and Follow-up Technician (Maintenance)",
    "department": 7,
    "description": "",
    "created_at": "2025-05-25T09:02:45.719Z",
    "updated_at": "2025-05-25T09:02:45.719Z"
  }
},
{
  "model": "inventory.position",
  "pk": 121,
  "fields": {
    "name": "SECURTY (HR)",
    "department": 10,
    "description": "",
    "created_at": "2025-05-25T09:02:45.721Z",
    "updated_at": "2025-05-25T09:02:45.721Z"
  }
},
{
  "model": "inventory.position",
  "pk": 122,
  "fields": {
    "name": "Maintenance (Maintenance)",
    "department": 7,
    "description": "",
    "created_at": "2025-05-25T09:02:45.723Z",
    "updated_at": "2025-05-25T09:02:45.723Z"
  }
},
{
  "model": "inventory.position",
  "pk": 123,
  "fields": {
    "name": "Quality Control (Quality)",
    "department": 4,
    "description": "",
    "created_at": "2025-05-25T09:02:45.724Z",
    "updated_at": "2025-05-25T09:02:45.724Z"
  }
},
{
  "model": "inventory.position",
  "pk": 124,
  "fields": {
    "name": "Occupational Health & Safety Manager (Occupational Safety and Health)",
    "department": 8,
    "description": "",
    "created_at": "2025-05-25T09:02:45.726Z",
    "updated_at": "2025-05-25T09:02:45.726Z"
  }
},
{
  "model": "inventory.position",
  "pk": 125,
  "fields": {
    "name": "Accounts Manager (Finance)",
    "department": 5,
    "description": "",
    "created_at": "2025-05-25T09:02:45.728Z",
    "updated_at": "2025-05-25T09:02:45.728Z"
  }
},
{
  "model": "inventory.position",
  "pk": 126,
  "fields": {
    "name": "procurement (Procurement)",
    "department": 3,
    "description": "",
    "created_at": "2025-05-25T09:02:45.730Z",
    "updated_at": "2025-05-25T09:02:45.730Z"
  }
},
{
  "model": "inventory.position",
  "pk": 127,
  "fields": {
    "name": "Quality Supervisor (Quality)",
    "department": 4,
    "description": "",
    "created_at": "2025-05-25T09:02:45.731Z",
    "updated_at": "2025-05-25T09:02:45.731Z"
  }
},
{
  "model": "inventory.position",
  "pk": 128,
  "fields": {
    "name": "Personnel Specialist (HR)",
    "department": 10,
    "description": "",
    "created_at": "2025-05-25T09:02:45.732Z",
    "updated_at": "2025-05-25T09:02:45.732Z"
  }
},
{
  "model": "inventory.position",
  "pk": 129,
  "fields": {
    "name": "Quality Specialist (Quality)",
    "department": 4,
    "description": "",
    "created_at": "2025-05-25T09:02:45.736Z",
    "updated_at": "2025-05-25T09:02:45.736Z"
  }
},
{
  "model": "inventory.position",
  "pk": 130,
  "fields": {
    "name": "IT (IT)",
    "department": 9,
    "description": "",
    "created_at": "2025-05-25T09:02:45.737Z",
    "updated_at": "2025-05-25T09:02:45.737Z"
  }
},
{
  "model": "inventory.position",
  "pk": 131,
  "fields": {
    "name": "Chairman of the Board of Directors (CTP Management)",
    "department": 11,
    "description": "",
    "created_at": "2025-05-25T09:02:45.739Z",
    "updated_at": "2025-05-25T09:02:45.739Z"
  }
},
{
  "model": "inventory.position",
  "pk": 132,
  "fields": {
    "name": "Vice Chairman of the Board of Directors (CTP Management)",
    "department": 11,
    "description": "",
    "created_at": "2025-05-25T09:02:45.740Z",
    "updated_at": "2025-05-25T09:02:45.740Z"
  }
},
{
  "model": "inventory.position",
  "pk": 133,
  "fields": {
    "name": "Store Department (Warehouse)",
    "department": 1,
    "description": "",
    "created_at": "2025-05-25T09:02:45.742Z",
    "updated_at": "2025-05-25T09:02:45.742Z"
  }
},
{
  "model": "inventory.position",
  "pk": 134,
  "fields": {
    "name": "production (Production)",
    "department": 6,
    "description": "",
    "created_at": "2025-05-25T09:02:45.743Z",
    "updated_at": "2025-05-25T09:02:45.743Z"
  }
},
{
  "model": "inventory.position",
  "pk": 135,
  "fields": {
    "name": "System Administrator",
    "department": 9,
    "description": "",
    "created_at": "2025-05-26T10:19:10.855Z",
    "updated_at": "2025-05-26T10:19:10.856Z"
  }
},
{
  "model": "inventory.position",
  "pk": 136,
  "fields": {
    "name": "IT Support Specialist",
    "department": 9,
    "description": "",
    "created_at": "2025-05-26T10:21:14.563Z",
    "updated_at": "2025-05-26T10:21:14.563Z"
  }
},
{
  "model": "inventory.position",
  "pk": 137,
  "fields": {
    "name": "IT Technician",
    "department": 9,
    "description": "",
    "created_at": "2025-05-26T10:21:14.881Z",
    "updated_at": "2025-05-26T10:21:14.881Z"
  }
},
{
  "model": "inventory.position",
  "pk": 138,
  "fields": {
    "name": "System Admin",
    "department": 9,
    "description": "",
    "created_at": "2025-05-26T10:21:15.511Z",
    "updated_at": "2025-05-26T10:21:15.511Z"
  }
},
{
  "model": "inventory.position",
  "pk": 139,
  "fields": {
    "name": "Help Desk Support",
    "department": 9,
    "description": "",
    "created_at": "2025-05-26T10:21:15.851Z",
    "updated_at": "2025-05-26T10:21:15.851Z"
  }
},
{
  "model": "inventory.position",
  "pk": 140,
  "fields": {
    "name": "Enterprise System Administrator",
    "department": 9,
    "description": "Enterprise role for Enterprise System Administrator",
    "created_at": "2025-05-26T10:53:36.705Z",
    "updated_at": "2025-05-26T10:53:36.705Z"
  }
},
{
  "model": "inventory.position",
  "pk": 141,
  "fields": {
    "name": "System Operations Manager",
    "department": 9,
    "description": "Enterprise role for System Operations Manager",
    "created_at": "2025-05-26T10:54:06.713Z",
    "updated_at": "2025-05-26T10:54:06.713Z"
  }
},
{
  "model": "inventory.position",
  "pk": 142,
  "fields": {
    "name": "Software Engineer",
    "department": 5,
    "description": "",
    "created_at": "2025-07-19T09:27:26.507Z",
    "updated_at": "2025-07-19T09:27:26.507Z"
  }
},
{
  "model": "inventory.ownercompany",
  "pk": 1,
  "fields": {
    "code": "AMAN E-Collection",
    "name": "AMAN E-Collection",
    "created_at": "2025-05-20T05:35:14.385Z",
    "updated_at": "2025-07-15T09:31:13.330Z"
  }
},
{
  "model": "inventory.ownercompany",
  "pk": 2,
  "fields": {
    "code": "CTP",
    "name": "CTP",
    "created_at": "2025-05-20T05:35:14.387Z",
    "updated_at": "2025-05-20T05:35:14.387Z"
  }
},
{
  "model": "inventory.ownercompany",
  "pk": 3,
  "fields": {
    "code": "MISR_ASSIST",
    "name": "Misr Assist",
    "created_at": "2025-05-20T05:35:14.391Z",
    "updated_at": "2025-05-20T05:35:14.391Z"
  }
},
{
  "model": "inventory.ownercompany",
  "pk": 4,
  "fields": {
    "code": "ACD",
    "name": "ACD",
    "created_at": "2025-05-20T05:39:47.950Z",
    "updated_at": "2025-05-20T05:39:47.950Z"
  }
},
{
  "model": "inventory.ownercompany",
  "pk": 6,
  "fields": {
    "code": "Arcop",
    "name": "Arcop",
    "created_at": "2025-07-15T09:30:03.612Z",
    "updated_at": "2025-07-15T09:30:03.612Z"
  }
},
{
  "model": "inventory.ownercompany",
  "pk": 7,
  "fields": {
    "code": "AMAN invetement",
    "name": "AMAN invetement",
    "created_at": "2025-07-15T09:30:16.579Z",
    "updated_at": "2025-07-15T09:30:16.579Z"
  }
},
{
  "model": "inventory.employee",
  "pk": 107,
  "fields": {
    "user": null,
    "employee_id": "171700018",
    "national_id": "28504211401935",
    "first_name": "Mohamed",
    "last_name": "Mokhtar Abdelhamid El-Sayed",
    "email": "Mohamed.Mokhtar@CTP-eg.com",
    "phone_number": "",
    "department": 4,
    "position": "Quality",
    "hire_date": "2023-01-01",
    "company": 4,
    "is_active": true,
    "created_at": "2025-05-20T06:04:04.636Z",
    "updated_at": "2025-07-16T12:15:54.476Z"
  }
},
{
  "model": "inventory.employee",
  "pk": 108,
  "fields": {
    "user": null,
    "employee_id": "171700059",
    "national_id": "29508220101358",
    "first_name": "Bishoy",
    "last_name": "Essam Wilson Fahim",
    "email": "Bishoy.Essam@CTP-eg.com",
    "phone_number": "",
    "department": 5,
    "position": "Finance",
    "hire_date": "2023-01-02",
    "company": 4,
    "is_active": true,
    "created_at": "2025-05-20T06:04:04.647Z",
    "updated_at": "2025-07-16T11:52:45.480Z"
  }
},
{
  "model": "inventory.employee",
  "pk": 109,
  "fields": {
    "user": null,
    "employee_id": "171700004",
    "national_id": "29305131400513",
    "first_name": "Ahmed",
    "last_name": "Mohamed Attia Mohamed",
    "email": "Ahmed.Mohamed@CTP-eg.com",
    "phone_number": "",
    "department": 1,
    "position": "Warehouse",
    "hire_date": "2023-01-03",
    "company": 4,
    "is_active": true,
    "created_at": "2025-05-20T06:04:04.652Z",
    "updated_at": "2025-07-16T11:51:47.080Z"
  }
},
{
  "model": "inventory.employee",
  "pk": 110,
  "fields": {
    "user": null,
    "employee_id": "171700039",
    "national_id": "29906071401217",
    "first_name": "Mohamed",
    "last_name": "Refai Abdelhamid Refai",
    "email": "Mohamed.Refai@CTP-eg.com",
    "phone_number": "",
    "department": 10,
    "position": "HR",
    "hire_date": "2023-01-04",
    "company": 4,
    "is_active": true,
    "created_at": "2025-05-20T06:04:04.659Z",
    "updated_at": "2025-07-16T12:16:06.034Z"
  }
},
{
  "model": "inventory.employee",
  "pk": 111,
  "fields": {
    "user": null,
    "employee_id": "171700077",
    "national_id": "29509101604411",
    "first_name": "Ibrahim",
    "last_name": "Ibrahim Zaki El-Naqeeb",
    "email": "Ibrahim.Ibrahim@CTP-eg.com",
    "phone_number": "",
    "department": 7,
    "position": "Maintenance",
    "hire_date": "2023-01-05",
    "company": 4,
    "is_active": true,
    "created_at": "2025-05-20T06:04:04.665Z",
    "updated_at": "2025-07-16T11:53:24.996Z"
  }
},
{
  "model": "inventory.employee",
  "pk": 112,
  "fields": {
    "user": null,
    "employee_id": "171700102",
    "national_id": "27601011600871",
    "first_name": "Khaled",
    "last_name": "Anwar Zaki Ali El-Khalawany",
    "email": "Khaled.Anwar@CTP-eg.com",
    "phone_number": "",
    "department": 8,
    "position": "124",
    "hire_date": "2023-01-06",
    "company": 4,
    "is_active": true,
    "created_at": "2025-05-20T06:04:04.669Z",
    "updated_at": "2025-05-25T09:02:45.763Z"
  }
},
{
  "model": "inventory.employee",
  "pk": 113,
  "fields": {
    "user": null,
    "employee_id": "171700088",
    "national_id": "27510080101791",
    "first_name": "Magid",
    "last_name": "Makram Wahba Doss",
    "email": "Magid.Makram@CTP-eg.com",
    "phone_number": "",
    "department": 5,
    "position": "Accountant Manager",
    "hire_date": "2023-01-07",
    "company": 2,
    "is_active": false,
    "created_at": "2025-05-20T06:04:04.676Z",
    "updated_at": "2025-07-16T12:15:14.437Z"
  }
},
{
  "model": "inventory.employee",
  "pk": 114,
  "fields": {
    "user": null,
    "employee_id": "171700097",
    "national_id": "29803150100792",
    "first_name": "Omar",
    "last_name": "Ayman Mohamed Nasr El-Din",
    "email": "Omar.Ayman@CTP-eg.com",
    "phone_number": "",
    "department": 4,
    "position": "Quality",
    "hire_date": "2023-01-08",
    "company": 2,
    "is_active": true,
    "created_at": "2025-05-20T06:04:04.681Z",
    "updated_at": "2025-07-16T12:16:42.526Z"
  }
},
{
  "model": "inventory.employee",
  "pk": 115,
  "fields": {
    "user": null,
    "employee_id": "171700075",
    "national_id": "29401251402594",
    "first_name": "Mina",
    "last_name": "George Saad Rizk",
    "email": "Mina.George@CTP-eg.com",
    "phone_number": "",
    "department": 5,
    "position": "finance GL",
    "hire_date": "2023-01-09",
    "company": 2,
    "is_active": false,
    "created_at": "2025-05-20T06:04:04.687Z",
    "updated_at": "2025-07-16T12:15:38.083Z"
  }
},
{
  "model": "inventory.employee",
  "pk": 116,
  "fields": {
    "user": null,
    "employee_id": "171700087",
    "national_id": "30104011407506",
    "first_name": "Al-Amira",
    "last_name": "Safia Gamal Abdelhamid",
    "email": "Al-Amira.Safia@CTP-eg.com",
    "phone_number": "",
    "department": 6,
    "position": "Production",
    "hire_date": "2023-01-10",
    "company": 4,
    "is_active": true,
    "created_at": "2025-05-20T06:04:04.693Z",
    "updated_at": "2025-07-16T11:52:29.275Z"
  }
},
{
  "model": "inventory.employee",
  "pk": 117,
  "fields": {
    "user": null,
    "employee_id": "1",
    "national_id": "10000000000001",
    "first_name": "Samih",
    "last_name": "Bashdi",
    "email": "Samih.Bashdi@ctp-eg.com",
    "phone_number": "",
    "department": 11,
    "position": "Management",
    "hire_date": "2022-01-11",
    "company": 4,
    "is_active": true,
    "created_at": "2025-05-20T06:04:04.701Z",
    "updated_at": "2025-07-16T12:17:04.607Z"
  }
},
{
  "model": "inventory.employee",
  "pk": 118,
  "fields": {
    "user": null,
    "employee_id": "2",
    "national_id": "20000000000002",
    "first_name": "Sherine",
    "last_name": "Ali Mahmoud",
    "email": "Sherine.Ali@CTP-eg.com",
    "phone_number": "",
    "department": 11,
    "position": "Management",
    "hire_date": "2022-01-12",
    "company": 4,
    "is_active": true,
    "created_at": "2025-05-20T06:04:04.707Z",
    "updated_at": "2025-07-16T12:17:27.723Z"
  }
},
{
  "model": "inventory.employee",
  "pk": 119,
  "fields": {
    "user": null,
    "employee_id": "161700077",
    "national_id": "29201011417854",
    "first_name": "Ahmed",
    "last_name": "Reda Mohamed Ahmed",
    "email": "Ahmed.Reda@CTP-eg.com",
    "phone_number": "",
    "department": 3,
    "position": "Procurement",
    "hire_date": "2022-01-11",
    "company": 2,
    "is_active": true,
    "created_at": "2025-05-20T06:04:04.712Z",
    "updated_at": "2025-07-16T11:52:11.567Z"
  }
},
{
  "model": "inventory.employee",
  "pk": 121,
  "fields": {
    "user": null,
    "employee_id": "161700255",
    "national_id": "29609011411294",
    "first_name": "Ragab",
    "last_name": "Adel Ragab Ali",
    "email": "Ragab.Adel@CTP-eg.com",
    "phone_number": "",
    "department": 9,
    "position": "IT helpdesk",
    "hire_date": "2022-01-13",
    "company": 2,
    "is_active": true,
    "created_at": "2025-05-20T06:04:04.723Z",
    "updated_at": "2025-07-16T12:16:53.310Z"
  }
},
{
  "model": "inventory.employee",
  "pk": 122,
  "fields": {
    "user": null,
    "employee_id": "161700023",
    "national_id": "29501251401916",
    "first_name": "Mohammed",
    "last_name": "Ahmed Saeed Ibrahim",
    "email": "Mohammed.Ahmed@CTP-eg.com",
    "phone_number": "",
    "department": 10,
    "position": "HR",
    "hire_date": "2022-01-14",
    "company": 2,
    "is_active": true,
    "created_at": "2025-05-20T06:04:04.729Z",
    "updated_at": "2025-07-16T12:16:25.870Z"
  }
},
{
  "model": "inventory.employee",
  "pk": 123,
  "fields": {
    "user": null,
    "employee_id": "161700199",
    "national_id": "28304131700916",
    "first_name": "Islam",
    "last_name": "Mohamed Abdel-Haseeb Mansour",
    "email": "Islam.Mohamed@CTP-eg.com",
    "phone_number": "",
    "department": 7,
    "position": "Maintenance",
    "hire_date": "2022-01-15",
    "company": 2,
    "is_active": true,
    "created_at": "2025-05-20T06:04:04.735Z",
    "updated_at": "2025-07-16T11:53:45.272Z"
  }
},
{
  "model": "inventory.employee",
  "pk": 124,
  "fields": {
    "user": null,
    "employee_id": "161700049",
    "national_id": "29308011611854",
    "first_name": "Ahmed",
    "last_name": "Naguib Ibrahim Zaki",
    "email": "Ahmed.Naguib@CTP-eg.com",
    "phone_number": "",
    "department": 10,
    "position": "HR",
    "hire_date": "2022-01-17",
    "company": 2,
    "is_active": true,
    "created_at": "2025-05-20T06:04:04.740Z",
    "updated_at": "2025-07-16T11:52:01.612Z"
  }
},
{
  "model": "inventory.employee",
  "pk": 125,
  "fields": {
    "user": null,
    "employee_id": "161700020",
    "national_id": "29512201400872",
    "first_name": "Abdelhafiz",
    "last_name": "Abdelhady Abdelhady",
    "email": "Abdelhafiz.Abdelhady@CTP-eg.com",
    "phone_number": "",
    "department": 6,
    "position": "Production Supervisor",
    "hire_date": "2022-01-18",
    "company": 2,
    "is_active": true,
    "created_at": "2025-05-20T06:04:04.746Z",
    "updated_at": "2025-07-16T11:51:12.537Z"
  }
},
{
  "model": "inventory.employee",
  "pk": 126,
  "fields": {
    "user": null,
    "employee_id": "161700080",
    "national_id": "29907011401834",
    "first_name": "Muhammad",
    "last_name": "Ibrahim Salim Abdel Aal",
    "email": "Muhammad.Ibrahim@CTP-eg.com",
    "phone_number": "",
    "department": 3,
    "position": "Procurement",
    "hire_date": "2022-01-19",
    "company": 2,
    "is_active": true,
    "created_at": "2025-05-20T06:04:04.751Z",
    "updated_at": "2025-07-16T12:16:34.612Z"
  }
},
{
  "model": "inventory.employee",
  "pk": 127,
  "fields": {
    "user": null,
    "employee_id": "161700264",
    "national_id": "30011041301577",
    "first_name": "Ahmed",
    "last_name": "Waleed Mohamed Mohamed",
    "email": "Ahmed.Waleed@CTP-eg.com",
    "phone_number": "",
    "department": 5,
    "position": "Finance",
    "hire_date": "2022-01-20",
    "company": 2,
    "is_active": true,
    "created_at": "2025-05-20T06:04:04.755Z",
    "updated_at": "2025-07-16T11:52:20.930Z"
  }
},
{
  "model": "inventory.employee",
  "pk": 128,
  "fields": {
    "user": null,
    "employee_id": "161700266",
    "national_id": "27605011703136",
    "first_name": "Emad",
    "last_name": "El-Sayed Mohamed El-Sayed",
    "email": "Emad.El-Sayed@CTP-eg.com",
    "phone_number": "",
    "department": 5,
    "position": "Finance",
    "hire_date": "2022-01-21",
    "company": 2,
    "is_active": true,
    "created_at": "2025-05-20T06:04:04.761Z",
    "updated_at": "2025-07-16T11:52:53.661Z"
  }
},
{
  "model": "inventory.employee",
  "pk": 129,
  "fields": {
    "user": null,
    "employee_id": "161700030",
    "national_id": "29908141402995",
    "first_name": "Hamdy",
    "last_name": "Mohamed Mohamed Ahmed Mansour",
    "email": "Hamdy.Mohamed@CTP-eg.com",
    "phone_number": "",
    "department": 6,
    "position": "Production",
    "hire_date": "2022-01-23",
    "company": 2,
    "is_active": true,
    "created_at": "2025-05-20T06:04:04.766Z",
    "updated_at": "2025-07-16T11:53:16.078Z"
  }
},
{
  "model": "inventory.employee",
  "pk": 130,
  "fields": {
    "user": null,
    "employee_id": "161700092",
    "national_id": "27406301300679",
    "first_name": "Ibrahim",
    "last_name": "Mahmoud Abou Shousha Ibrahim",
    "email": "Ibrahim.Mahmoud@CTP-eg.com",
    "phone_number": "",
    "department": 10,
    "position": "HR",
    "hire_date": "2022-01-24",
    "company": 2,
    "is_active": true,
    "created_at": "2025-05-20T06:04:04.771Z",
    "updated_at": "2025-07-16T11:53:33.162Z"
  }
},
{
  "model": "inventory.employee",
  "pk": 131,
  "fields": {
    "user": null,
    "employee_id": "161700028",
    "national_id": "28112061402193",
    "first_name": "Ismail",
    "last_name": "Mabrouk Abdel-Ghani Hassan",
    "email": "Ismail.Mabrouk@CTP-eg.com",
    "phone_number": "",
    "department": 4,
    "position": "Quality",
    "hire_date": "2022-01-25",
    "company": 2,
    "is_active": true,
    "created_at": "2025-05-20T06:04:04.776Z",
    "updated_at": "2025-07-16T11:53:52.871Z"
  }
},
{
  "model": "inventory.employee",
  "pk": 132,
  "fields": {
    "user": null,
    "employee_id": "161700202",
    "national_id": "30011102104753",
    "first_name": "Mohamed",
    "last_name": "Sayed Ahmed",
    "email": "Mohamed.Sayed@CTP-eg.com",
    "phone_number": "",
    "department": 4,
    "position": "Quality",
    "hire_date": "2022-01-26",
    "company": 2,
    "is_active": true,
    "created_at": "2025-05-20T06:04:04.780Z",
    "updated_at": "2025-07-16T12:16:15.445Z"
  }
},
{
  "model": "inventory.employee",
  "pk": 133,
  "fields": {
    "user": null,
    "employee_id": "161700203",
    "national_id": "29901031301501",
    "first_name": "Aya",
    "last_name": "Mohamed Mahmoud Abdel-Fattah",
    "email": "Aya.Mohamed@CTP-eg.com",
    "phone_number": "",
    "department": 10,
    "position": "HR",
    "hire_date": "2022-01-27",
    "company": 2,
    "is_active": true,
    "created_at": "2025-05-20T06:04:04.784Z",
    "updated_at": "2025-07-16T11:52:35.765Z"
  }
},
{
  "model": "inventory.employee",
  "pk": 134,
  "fields": {
    "user": null,
    "employee_id": "161700048",
    "national_id": "27404181500196",
    "first_name": "Walid",
    "last_name": "Al-Sayed Muhammad",
    "email": "Walid.Al-Sayed@CTP-eg.com",
    "phone_number": "",
    "department": 7,
    "position": "Maintenance",
    "hire_date": "2022-01-28",
    "company": 2,
    "is_active": true,
    "created_at": "2025-05-20T06:04:04.787Z",
    "updated_at": "2025-07-16T12:17:51.513Z"
  }
},
{
  "model": "inventory.employee",
  "pk": 135,
  "fields": {
    "user": null,
    "employee_id": "161700046",
    "national_id": "30102041402506",
    "first_name": "Souad",
    "last_name": "Fathy Saad Ibrahim El-Sayed",
    "email": "Souad.Fathy@CTP-eg.com",
    "phone_number": "",
    "department": 1,
    "position": "Warehouse",
    "hire_date": "2022-01-29",
    "company": 2,
    "is_active": true,
    "created_at": "2025-05-20T06:04:04.792Z",
    "updated_at": "2025-07-16T12:17:39.607Z"
  }
},
{
  "model": "inventory.employee",
  "pk": 136,
  "fields": {
    "user": null,
    "employee_id": "161700257",
    "national_id": "30201061400826",
    "first_name": "Shaimaa",
    "last_name": "Mohamed El-Moghazy Hassanein",
    "email": "Shaimaa.Mohamed@CTP-eg.com",
    "phone_number": "",
    "department": 7,
    "position": "Maintenance",
    "hire_date": "2022-01-30",
    "company": 2,
    "is_active": true,
    "created_at": "2025-05-20T06:04:04.796Z",
    "updated_at": "2025-07-16T12:17:15.386Z"
  }
},
{
  "model": "inventory.employee",
  "pk": 137,
  "fields": {
    "user": null,
    "employee_id": "161700027",
    "national_id": "27110151401416",
    "first_name": "Yasser",
    "last_name": "Farouk Hamed",
    "email": "Yasser.Farouk@CTP-eg.com",
    "phone_number": "",
    "department": 6,
    "position": "Production",
    "hire_date": "2022-01-31",
    "company": 2,
    "is_active": true,
    "created_at": "2025-05-20T06:04:04.800Z",
    "updated_at": "2025-07-16T12:18:14.231Z"
  }
},
{
  "model": "inventory.employee",
  "pk": 138,
  "fields": {
    "user": null,
    "employee_id": "161700083",
    "national_id": "29905011313312",
    "first_name": "Yasser",
    "last_name": "Al-Yasser El Sayed Abdelmageed",
    "email": "Yasser.Al-Yasser@CTP-eg.com",
    "phone_number": "",
    "department": 1,
    "position": "Warehouse",
    "hire_date": "2022-02-01",
    "company": 2,
    "is_active": true,
    "created_at": "2025-05-20T06:04:04.804Z",
    "updated_at": "2025-07-16T12:18:01.369Z"
  }
},
{
  "model": "inventory.employee",
  "pk": 139,
  "fields": {
    "user": null,
    "employee_id": "161700184",
    "national_id": "30107181400629",
    "first_name": "Farah",
    "last_name": "Hafez El-Sayed Ibrahim",
    "email": "Farah.Hafez@ctp-eg.com",
    "phone_number": "",
    "department": 5,
    "position": "Finance",
    "hire_date": "2022-02-02",
    "company": 2,
    "is_active": true,
    "created_at": "2025-05-20T06:47:54.461Z",
    "updated_at": "2025-07-16T11:53:00.664Z"
  }
},
{
  "model": "inventory.employee",
  "pk": 140,
  "fields": {
    "user": null,
    "employee_id": "161700189",
    "national_id": "30108211400285",
    "first_name": "Manahil",
    "last_name": "Ali Ali Hilal",
    "email": "Manahil.Ali@ctp-eg.com",
    "phone_number": "",
    "department": 3,
    "position": "Procurement",
    "hire_date": "2022-02-03",
    "company": 2,
    "is_active": true,
    "created_at": "2025-05-20T06:47:54.468Z",
    "updated_at": "2025-07-16T12:15:27.562Z"
  }
},
{
  "model": "inventory.employee",
  "pk": 147,
  "fields": {
    "user": null,
    "employee_id": "161700273",
    "national_id": "28310182101758",
    "first_name": "karim",
    "last_name": "adel",
    "email": "karim.adel@ctp-eg.com",
    "phone_number": "+01001220442",
    "department": 5,
    "position": "Accountant Manager",
    "hire_date": "2025-07-06",
    "company": 2,
    "is_active": true,
    "created_at": "2025-07-16T05:38:31.327Z",
    "updated_at": "2025-07-17T10:05:25.940Z"
  }
},
{
  "model": "inventory.employee",
  "pk": 148,
  "fields": {
    "user": null,
    "employee_id": "171700115",
    "national_id": "29501200102299",
    "first_name": "Saeed",
    "last_name": "Mohamed",
    "email": "Saeed.Mohamed@ctp-eg.com",
    "phone_number": "+201001344261",
    "department": 5,
    "position": "Accounts Payable",
    "hire_date": "2025-06-29",
    "company": 4,
    "is_active": true,
    "created_at": "2025-07-16T05:58:02.833Z",
    "updated_at": "2025-07-16T05:58:02.833Z"
  }
},
{
  "model": "inventory.employee",
  "pk": 149,
  "fields": {
    "user": null,
    "employee_id": "161700270",
    "national_id": "29907161301439",
    "first_name": "Mohamed",
    "last_name": "Mostafa",
    "email": "Mohamed.mostafa@ctp-eg.com",
    "phone_number": "",
    "department": 5,
    "position": "Financial",
    "hire_date": "2025-06-25",
    "company": 2,
    "is_active": true,
    "created_at": "2025-07-17T07:04:19.122Z",
    "updated_at": "2025-07-17T07:04:19.122Z"
  }
},
{
  "model": "inventory.employee",
  "pk": 150,
  "fields": {
    "user": null,
    "employee_id": "17170026",
    "national_id": "29705011403614",
    "first_name": "Mohamed",
    "last_name": "Mamdouh Mohamed Ibrahim",
    "email": "Mohamed.Mamdouh@CTP-eg.com",
    "phone_number": "",
    "department": 8,
    "position": "nursing",
    "hire_date": "2023-09-01",
    "company": 4,
    "is_active": true,
    "created_at": "2025-07-17T07:23:30.257Z",
    "updated_at": "2025-07-17T07:23:30.257Z"
  }
},
{
  "model": "inventory.employee",
  "pk": 151,
  "fields": {
    "user": null,
    "employee_id": "171700095",
    "national_id": "28205141200051",
    "first_name": "Mahmoud",
    "last_name": "Magdy Mohamed",
    "email": "Mahmoud.Magdy@ctp-eg.com",
    "phone_number": "",
    "department": 4,
    "position": "Deputy Director of Quality",
    "hire_date": "2024-05-08",
    "company": 4,
    "is_active": true,
    "created_at": "2025-07-17T10:12:04.693Z",
    "updated_at": "2025-07-17T10:12:04.693Z"
  }
},
{
  "model": "inventory.employee",
  "pk": 152,
  "fields": {
    "user": null,
    "employee_id": "15",
    "national_id": "12356464654645",
    "first_name": "",
    "last_name": "",
    "email": "Aman-2@amangruop-eg.com",
    "phone_number": "+204442255559",
    "department": 13,
    "position": "",
    "hire_date": "2025-07-01",
    "company": 7,
    "is_active": true,
    "created_at": "2025-07-19T07:58:59.040Z",
    "updated_at": "2025-07-19T08:00:56.548Z"
  }
},
{
  "model": "inventory.employee",
  "pk": 153,
  "fields": {
    "user": null,
    "employee_id": "EMP001",
    "national_id": "12345678910110",
    "first_name": "Khaled",
    "last_name": "Abdelmawgoud",
    "email": "khaled.abdelmawgoud@amangrup-eg.com",
    "phone_number": "",
    "department": 5,
    "position": "Finance",
    "hire_date": "2024-01-01",
    "company": 7,
    "is_active": true,
    "created_at": "2025-07-19T09:27:26.519Z",
    "updated_at": "2025-07-19T09:43:17.227Z"
  }
},
{
  "model": "inventory.employee",
  "pk": 154,
  "fields": {
    "user": null,
    "employee_id": "EMP002",
    "national_id": "12345678910111",
    "first_name": "Mohamed",
    "last_name": "Mohie",
    "email": "mohamed.mohie@amangrup-eg.com",
    "phone_number": "",
    "department": 5,
    "position": null,
    "hire_date": "2024-01-02",
    "company": 7,
    "is_active": true,
    "created_at": "2025-07-19T09:27:26.527Z",
    "updated_at": "2025-07-19T09:27:26.527Z"
  }
},
{
  "model": "inventory.employee",
  "pk": 155,
  "fields": {
    "user": null,
    "employee_id": "EMP003",
    "national_id": "12345678910112",
    "first_name": "Sarah",
    "last_name": "Badr",
    "email": "sarah.badr@amangrup-eg.com",
    "phone_number": "",
    "department": 5,
    "position": null,
    "hire_date": "2024-01-03",
    "company": 7,
    "is_active": true,
    "created_at": "2025-07-19T09:27:26.532Z",
    "updated_at": "2025-07-19T09:27:26.532Z"
  }
},
{
  "model": "inventory.employee",
  "pk": 156,
  "fields": {
    "user": null,
    "employee_id": "EMP004",
    "national_id": "12345678910113",
    "first_name": "Mohamed",
    "last_name": "Salama",
    "email": "mohamed.salama@amangrup-eg.com",
    "phone_number": "",
    "department": 5,
    "position": null,
    "hire_date": "2024-01-04",
    "company": 7,
    "is_active": true,
    "created_at": "2025-07-19T09:27:26.536Z",
    "updated_at": "2025-07-19T09:27:26.536Z"
  }
},
{
  "model": "inventory.employee",
  "pk": 157,
  "fields": {
    "user": null,
    "employee_id": "EMP005",
    "national_id": "12345678910114",
    "first_name": "Mohamed",
    "last_name": "Rowishid",
    "email": "mohamed.rowishid@amangrup-eg.com",
    "phone_number": "",
    "department": 5,
    "position": null,
    "hire_date": "2024-01-05",
    "company": 7,
    "is_active": true,
    "created_at": "2025-07-19T09:27:26.539Z",
    "updated_at": "2025-07-19T09:27:26.539Z"
  }
},
{
  "model": "inventory.employee",
  "pk": 158,
  "fields": {
    "user": null,
    "employee_id": "EMP006",
    "national_id": "12345678910115",
    "first_name": "Mohamed",
    "last_name": "Salah",
    "email": "mohamed.salah@amangrup-eg.com",
    "phone_number": "",
    "department": 5,
    "position": null,
    "hire_date": "2024-01-06",
    "company": 7,
    "is_active": true,
    "created_at": "2025-07-19T09:27:26.546Z",
    "updated_at": "2025-07-19T09:27:26.546Z"
  }
},
{
  "model": "inventory.employee",
  "pk": 159,
  "fields": {
    "user": null,
    "employee_id": "EMP007",
    "national_id": "12345678910116",
    "first_name": "Christine",
    "last_name": "Thabet",
    "email": "christine.thabet@amangrup-eg.com",
    "phone_number": "",
    "department": 5,
    "position": null,
    "hire_date": "2024-01-07",
    "company": 7,
    "is_active": true,
    "created_at": "2025-07-19T09:27:26.550Z",
    "updated_at": "2025-07-19T09:27:26.550Z"
  }
},
{
  "model": "inventory.employee",
  "pk": 160,
  "fields": {
    "user": null,
    "employee_id": "EMP008",
    "national_id": "12345678910117",
    "first_name": "Hesham",
    "last_name": "Ali",
    "email": "hesham.ali@amangrup-eg.com",
    "phone_number": "",
    "department": 5,
    "position": null,
    "hire_date": "2024-01-08",
    "company": 7,
    "is_active": true,
    "created_at": "2025-07-19T09:27:26.555Z",
    "updated_at": "2025-07-19T09:27:26.555Z"
  }
},
{
  "model": "inventory.employee",
  "pk": 161,
  "fields": {
    "user": null,
    "employee_id": "EMP009",
    "national_id": "12345678910118",
    "first_name": "Abdallah",
    "last_name": "Raafat",
    "email": "abdallah.raafat@amangrup-eg.com",
    "phone_number": "",
    "department": 5,
    "position": null,
    "hire_date": "2024-01-09",
    "company": 7,
    "is_active": true,
    "created_at": "2025-07-19T09:27:26.561Z",
    "updated_at": "2025-07-19T09:27:26.561Z"
  }
},
{
  "model": "inventory.employee",
  "pk": 162,
  "fields": {
    "user": null,
    "employee_id": "EMP010",
    "national_id": "12345678910119",
    "first_name": "Romany",
    "last_name": "Ephraim",
    "email": "romany.ephraim@amangrup-eg.com",
    "phone_number": "",
    "department": 10,
    "position": null,
    "hire_date": "2024-01-10",
    "company": 7,
    "is_active": true,
    "created_at": "2025-07-19T09:27:26.565Z",
    "updated_at": "2025-07-19T09:27:26.565Z"
  }
},
{
  "model": "inventory.employee",
  "pk": 163,
  "fields": {
    "user": null,
    "employee_id": "EMP011",
    "national_id": "12345678910120",
    "first_name": "Mostafa",
    "last_name": "Mohamed",
    "email": "mostafa.mohamed@amangrup-eg.com",
    "phone_number": "",
    "department": 10,
    "position": null,
    "hire_date": "2024-01-11",
    "company": 7,
    "is_active": true,
    "created_at": "2025-07-19T09:27:26.568Z",
    "updated_at": "2025-07-19T09:27:26.568Z"
  }
},
{
  "model": "inventory.employee",
  "pk": 164,
  "fields": {
    "user": null,
    "employee_id": "EMP012",
    "national_id": "12345678910121",
    "first_name": "Nourhan",
    "last_name": "Ali",
    "email": "nourhan.ali@amangrup-eg.com",
    "phone_number": "",
    "department": 10,
    "position": null,
    "hire_date": "2024-01-12",
    "company": 7,
    "is_active": true,
    "created_at": "2025-07-19T09:27:26.572Z",
    "updated_at": "2025-07-19T09:27:26.572Z"
  }
},
{
  "model": "inventory.employee",
  "pk": 165,
  "fields": {
    "user": null,
    "employee_id": "EMP013",
    "national_id": "12345678910122",
    "first_name": "Mennaallah",
    "last_name": "Ayman",
    "email": "mennaallah.ayman@amangrup-eg.com",
    "phone_number": "",
    "department": 10,
    "position": null,
    "hire_date": "2024-01-13",
    "company": 7,
    "is_active": true,
    "created_at": "2025-07-19T09:27:26.578Z",
    "updated_at": "2025-07-19T09:27:26.578Z"
  }
},
{
  "model": "inventory.employee",
  "pk": 166,
  "fields": {
    "user": null,
    "employee_id": "EMP014",
    "national_id": "12345678910123",
    "first_name": "Marwa",
    "last_name": "Mourad",
    "email": "marwa.mourad@amangrup-eg.com",
    "phone_number": "",
    "department": 10,
    "position": null,
    "hire_date": "2024-01-14",
    "company": 7,
    "is_active": true,
    "created_at": "2025-07-19T09:27:26.582Z",
    "updated_at": "2025-07-19T09:27:26.582Z"
  }
},
{
  "model": "inventory.employee",
  "pk": 167,
  "fields": {
    "user": null,
    "employee_id": "EMP015",
    "national_id": "12345678910124",
    "first_name": "George",
    "last_name": "Raouf",
    "email": "george.raouf@amangrup-eg.com",
    "phone_number": "",
    "department": 14,
    "position": null,
    "hire_date": "2024-01-15",
    "company": 7,
    "is_active": true,
    "created_at": "2025-07-19T09:27:26.587Z",
    "updated_at": "2025-07-19T09:27:26.587Z"
  }
},
{
  "model": "inventory.employee",
  "pk": 168,
  "fields": {
    "user": null,
    "employee_id": "EMP016",
    "national_id": "12345678910125",
    "first_name": "Mohamed",
    "last_name": "Rabie",
    "email": "mohamed.rabie@amangrup-eg.com",
    "phone_number": "",
    "department": 14,
    "position": null,
    "hire_date": "2024-01-16",
    "company": 7,
    "is_active": true,
    "created_at": "2025-07-19T09:27:26.591Z",
    "updated_at": "2025-07-19T09:27:26.591Z"
  }
},
{
  "model": "inventory.employee",
  "pk": 169,
  "fields": {
    "user": null,
    "employee_id": "EMP017",
    "national_id": "12345678910126",
    "first_name": "Kareem",
    "last_name": "Mohamed",
    "email": "kareem.mohamed@amangrup-eg.com",
    "phone_number": "",
    "department": 9,
    "position": null,
    "hire_date": "2024-01-17",
    "company": 7,
    "is_active": true,
    "created_at": "2025-07-19T09:27:26.597Z",
    "updated_at": "2025-07-19T09:27:26.597Z"
  }
},
{
  "model": "inventory.employee",
  "pk": 170,
  "fields": {
    "user": null,
    "employee_id": "EMP018",
    "national_id": "12345678910127",
    "first_name": "Ibrahim",
    "last_name": "Abdelrahman",
    "email": "ibrahim.abdelrahman@amangrup-eg.com",
    "phone_number": "",
    "department": 9,
    "position": null,
    "hire_date": "2024-01-18",
    "company": 7,
    "is_active": true,
    "created_at": "2025-07-19T09:27:26.600Z",
    "updated_at": "2025-07-19T09:27:26.600Z"
  }
},
{
  "model": "inventory.employee",
  "pk": 171,
  "fields": {
    "user": null,
    "employee_id": "EMP019",
    "national_id": "12345678910128",
    "first_name": "Omar",
    "last_name": "Mansi",
    "email": "omar.mansi@amangrup-eg.com",
    "phone_number": "",
    "department": 9,
    "position": null,
    "hire_date": "2024-01-19",
    "company": 7,
    "is_active": true,
    "created_at": "2025-07-19T09:27:26.603Z",
    "updated_at": "2025-07-19T09:27:26.603Z"
  }
},
{
  "model": "inventory.employee",
  "pk": 172,
  "fields": {
    "user": null,
    "employee_id": "EMP020",
    "national_id": "12345678910129",
    "first_name": "Mohamed",
    "last_name": "Elsayed Ali",
    "email": "mohamed.elsayed.ali@amangrup-eg.com",
    "phone_number": "",
    "department": 9,
    "position": null,
    "hire_date": "2024-01-20",
    "company": 7,
    "is_active": true,
    "created_at": "2025-07-19T09:27:26.606Z",
    "updated_at": "2025-07-19T09:27:26.606Z"
  }
},
{
  "model": "inventory.outlet",
  "pk": 1,
  "fields": {
    "name": "  1",
    "company": 7,
    "manager": null,
    "address": "7 Boulos Hanna, Ad Doqi A, El Omraniya, Giza Governorate 3753210",
    "google_maps_link": "https://maps.app.goo.gl/aTe5gT2zMjzWSyRJ6",
    "phone_number": "4442255559",
    "email": "Aman-1@amangruop-eg.com",
    "is_active": true,
    "created_at": "2025-07-18T20:14:58.295Z",
    "updated_at": "2025-07-18T20:14:58.295Z"
  }
},
{
  "model": "inventory.outlet",
  "pk": 2,
  "fields": {
    "name": " ",
    "company": 7,
    "manager": 152,
    "address": "2 Omar Ibn El-Khattab, Masaken Al Mohandesin, Nasr City, Cairo Governorate 4451620",
    "google_maps_link": "https://maps.app.goo.gl/TYwpEnpAU1QgHDBs9",
    "phone_number": "4442255559",
    "email": "Aman-2@amangruop-eg.com",
    "is_active": true,
    "created_at": "2025-07-18T20:36:24.759Z",
    "updated_at": "2025-07-19T07:59:15.547Z"
  }
},
{
  "model": "inventory.outlet",
  "pk": 3,
  "fields": {
    "name": "  ",
    "company": 7,
    "manager": null,
    "address": " , El-Basatin Sharkeya, El Basatin, Cairo Governorate 4234616",
    "google_maps_link": "https://maps.app.goo.gl/kYN7VCvSXFEaHfi56",
    "phone_number": null,
    "email": null,
    "is_active": true,
    "created_at": "2025-07-19T07:51:18.811Z",
    "updated_at": "2025-07-19T07:51:18.811Z"
  }
},
{
  "model": "inventory.outlet",
  "pk": 4,
  "fields": {
    "name": "   ",
    "company": 7,
    "manager": null,
    "address": "       \r\n369H+Q95, Boulaq Num.1, Bulaq, Cairo Governorate 4311314",
    "google_maps_link": "https://maps.app.goo.gl/hSxz3kZHgmyugYSRA",
    "phone_number": null,
    "email": null,
    "is_active": true,
    "created_at": "2025-07-19T07:53:12.144Z",
    "updated_at": "2025-07-19T07:53:12.144Z"
  }
},
{
  "model": "inventory.outlet",
  "pk": 5,
  "fields": {
    "name": "  1",
    "company": 7,
    "manager": null,
    "address": "Katameya Traffic and Licensing Unit\r\nX9FQ+FWG, Saad Zaghloul Axis, El Katameya, New Cairo 3, Cairo Governorate 4712002",
    "google_maps_link": "https://maps.app.goo.gl/ZLLuSuHG8PGaazGBA",
    "phone_number": null,
    "email": null,
    "is_active": true,
    "created_at": "2025-07-19T07:54:35.726Z",
    "updated_at": "2025-07-19T07:54:35.726Z"
  }
},
{
  "model": "inventory.outlet",
  "pk": 6,
  "fields": {
    "name": "  2",
    "company": 7,
    "manager": null,
    "address": "  \r\nX9FQ+W3, El Katameya, New Cairo 3, Cairo Governorate 4712002",
    "google_maps_link": "https://maps.app.goo.gl/YpUBNJSQccs3gbCZ8",
    "phone_number": null,
    "email": null,
    "is_active": true,
    "created_at": "2025-07-19T07:56:22.910Z",
    "updated_at": "2025-07-19T07:56:22.911Z"
  }
},
{
  "model": "inventory.outlet",
  "pk": 7,
  "fields": {
    "name": "  ",
    "company": 7,
    "manager": null,
    "address": "Al Amireyah Traffic Administration\r\n3 Al Nadi, Al Amireyah Ash Shamaleyah, Zeitoun, Cairo Governorate 4513101",
    "google_maps_link": "https://maps.app.goo.gl/H4BRcTwfeYP8V9u3A",
    "phone_number": null,
    "email": null,
    "is_active": true,
    "created_at": "2025-07-19T07:57:31.837Z",
    "updated_at": "2025-07-19T07:57:31.837Z"
  }
},
{
  "model": "inventory.assettype",
  "pk": 1,
  "fields": {
    "name": "laptop",
    "display_name": "Laptop",
    "created_at": "2025-05-20T05:35:14.364Z",
    "updated_at": "2025-05-20T05:35:14.364Z"
  }
},
{
  "model": "inventory.assettype",
  "pk": 2,
  "fields": {
    "name": "desktop",
    "display_name": "Desktop",
    "created_at": "2025-05-20T05:35:14.367Z",
    "updated_at": "2025-05-20T05:35:14.367Z"
  }
},
{
  "model": "inventory.assettype",
  "pk": 3,
  "fields": {
    "name": "monitor",
    "display_name": "Monitor",
    "created_at": "2025-05-20T05:35:14.369Z",
    "updated_at": "2025-05-20T05:35:14.369Z"
  }
},
{
  "model": "inventory.assettype",
  "pk": 4,
  "fields": {
    "name": "phone",
    "display_name": "Phone",
    "created_at": "2025-05-20T05:35:14.372Z",
    "updated_at": "2025-05-20T05:35:14.372Z"
  }
},
{
  "model": "inventory.assettype",
  "pk": 5,
  "fields": {
    "name": "tablet",
    "display_name": "Tablet",
    "created_at": "2025-05-20T05:35:14.374Z",
    "updated_at": "2025-05-20T05:35:14.374Z"
  }
},
{
  "model": "inventory.assettype",
  "pk": 6,
  "fields": {
    "name": "printer",
    "display_name": "Printer",
    "created_at": "2025-05-20T05:35:14.376Z",
    "updated_at": "2025-05-20T05:35:14.376Z"
  }
},
{
  "model": "inventory.assettype",
  "pk": 7,
  "fields": {
    "name": "ups",
    "display_name": "UPS Device",
    "created_at": "2025-05-20T05:35:14.378Z",
    "updated_at": "2025-05-20T05:35:14.378Z"
  }
},
{
  "model": "inventory.assettype",
  "pk": 9,
  "fields": {
    "name": "firewall",
    "display_name": "firewall",
    "created_at": "2025-05-20T08:59:21.692Z",
    "updated_at": "2025-05-20T08:59:21.692Z"
  }
},
{
  "model": "inventory.assettype",
  "pk": 10,
  "fields": {
    "name": "switch",
    "display_name": "switch",
    "created_at": "2025-05-20T08:59:46.371Z",
    "updated_at": "2025-05-20T08:59:46.371Z"
  }
},
{
  "model": "inventory.assettype",
  "pk": 11,
  "fields": {
    "name": "dvr",
    "display_name": "dvr",
    "created_at": "2025-05-20T09:00:08.460Z",
    "updated_at": "2025-05-20T09:00:08.460Z"
  }
},
{
  "model": "inventory.assettype",
  "pk": 12,
  "fields": {
    "name": "camera security",
    "display_name": "camera security",
    "created_at": "2025-05-20T09:00:39.405Z",
    "updated_at": "2025-05-20T09:00:39.405Z"
  }
},
{
  "model": "inventory.assettype",
  "pk": 13,
  "fields": {
    "name": "access point",
    "display_name": "access point",
    "created_at": "2025-05-20T09:04:56Z",
    "updated_at": "2025-05-20T09:04:56Z"
  }
},
{
  "model": "inventory.assettype",
  "pk": 15,
  "fields": {
    "name": "backpage laptop",
    "display_name": "backpage laptop",
    "created_at": "2025-05-20T09:11:07.544Z",
    "updated_at": "2025-05-20T09:11:07.544Z"
  }
},
{
  "model": "inventory.assettype",
  "pk": 16,
  "fields": {
    "name": "Physical Servers",
    "display_name": "Physical Servers",
    "created_at": "2025-05-20T09:14:31.749Z",
    "updated_at": "2025-05-20T09:14:31.749Z"
  }
},
{
  "model": "inventory.assettype",
  "pk": 17,
  "fields": {
    "name": "Routers",
    "display_name": "Routers",
    "created_at": "2025-05-20T09:14:56.926Z",
    "updated_at": "2025-05-20T09:14:56.926Z"
  }
},
{
  "model": "inventory.assettype",
  "pk": 18,
  "fields": {
    "name": "Modems_Routers",
    "display_name": "Modems-Routers",
    "created_at": "2025-05-20T09:15:18.948Z",
    "updated_at": "2025-07-19T07:47:46.896Z"
  }
},
{
  "model": "inventory.assettype",
  "pk": 19,
  "fields": {
    "name": "Network Cables",
    "display_name": "Network Cables",
    "created_at": "2025-05-20T09:15:41.397Z",
    "updated_at": "2025-05-20T09:15:41.397Z"
  }
},
{
  "model": "inventory.assettype",
  "pk": 20,
  "fields": {
    "name": "Patch Panels",
    "display_name": "Patch Panels",
    "created_at": "2025-05-20T09:15:59.556Z",
    "updated_at": "2025-05-20T09:15:59.556Z"
  }
},
{
  "model": "inventory.assettype",
  "pk": 21,
  "fields": {
    "name": "Racks",
    "display_name": "Racks",
    "created_at": "2025-05-20T09:16:17.859Z",
    "updated_at": "2025-05-20T09:16:17.859Z"
  }
},
{
  "model": "inventory.assettype",
  "pk": 22,
  "fields": {
    "name": "IP Phones",
    "display_name": "IP Phones",
    "created_at": "2025-05-20T09:17:19.235Z",
    "updated_at": "2025-05-20T09:17:19.235Z"
  }
},
{
  "model": "inventory.assettype",
  "pk": 23,
  "fields": {
    "name": "Time Attendance",
    "display_name": "Time Attendance",
    "created_at": "2025-05-20T09:17:49.986Z",
    "updated_at": "2025-05-20T09:17:49.986Z"
  }
},
{
  "model": "inventory.assettype",
  "pk": 24,
  "fields": {
    "name": "Keyboards",
    "display_name": "Keyboards",
    "created_at": "2025-05-20T09:18:34.366Z",
    "updated_at": "2025-05-20T09:18:34.366Z"
  }
},
{
  "model": "inventory.assettype",
  "pk": 25,
  "fields": {
    "name": "Mouse",
    "display_name": "Mouse",
    "created_at": "2025-05-20T09:19:25.179Z",
    "updated_at": "2025-05-20T09:19:25.179Z"
  }
},
{
  "model": "inventory.assettype",
  "pk": 26,
  "fields": {
    "name": "HDMI cable",
    "display_name": "HDMI cable",
    "created_at": "2025-05-22T06:40:26.887Z",
    "updated_at": "2025-05-22T06:40:26.887Z"
  }
},
{
  "model": "inventory.assettype",
  "pk": 27,
  "fields": {
    "name": "vga cable",
    "display_name": "VGA cable",
    "created_at": "2025-05-22T06:41:24.895Z",
    "updated_at": "2025-05-22T06:41:24.895Z"
  }
},
{
  "model": "inventory.assettype",
  "pk": 28,
  "fields": {
    "name": "power cable",
    "display_name": "POWER cable",
    "created_at": "2025-05-22T06:42:07.436Z",
    "updated_at": "2025-05-22T06:42:07.436Z"
  }
},
{
  "model": "inventory.assettype",
  "pk": 29,
  "fields": {
    "name": "printer cable usb",
    "display_name": "printer cable USB",
    "created_at": "2025-05-22T06:43:03.516Z",
    "updated_at": "2025-05-22T06:43:03.516Z"
  }
},
{
  "model": "inventory.assettype",
  "pk": 30,
  "fields": {
    "name": "cartridge toner printer",
    "display_name": "CATRIDGE TONER printer",
    "created_at": "2025-05-22T06:44:40.524Z",
    "updated_at": "2025-05-22T06:44:40.524Z"
  }
},
{
  "model": "inventory.assettype",
  "pk": 31,
  "fields": {
    "name": "nvr",
    "display_name": "NVR",
    "created_at": "2025-05-22T12:13:11.456Z",
    "updated_at": "2025-05-22T12:13:11.456Z"
  }
},
{
  "model": "inventory.assettype",
  "pk": 33,
  "fields": {
    "name": "holder foodics Tablet",
    "display_name": "holder foodics Tablet",
    "created_at": "2025-07-19T08:15:41.016Z",
    "updated_at": "2025-07-19T08:15:41.016Z"
  }
},
{
  "model": "inventory.assettype",
  "pk": 34,
  "fields": {
    "name": "cash drawer",
    "display_name": "cash drawer",
    "created_at": "2025-07-19T08:16:33.669Z",
    "updated_at": "2025-07-19T08:16:33.669Z"
  }
},
{
  "model": "inventory.assettype",
  "pk": 35,
  "fields": {
    "name": "Barcode_Scanner",
    "display_name": "Barcode_Scanner",
    "created_at": "2025-07-19T08:18:15.200Z",
    "updated_at": "2025-07-19T08:18:15.200Z"
  }
},
{
  "model": "inventory.itasset",
  "pk": 104,
  "fields": {
    "name": "CTP-Quality-lap-02",
    "asset_type": 1,
    "serial_number": "4PVPDS3",
    "model": "Latitude 5530",
    "manufacturer": "Dell",
    "owner": 4,
    "purchase_date": "2024-01-01",
    "warranty_expiry": "2027-01-01",
    "status": "assigned",
    "assigned_to": 107,
    "outlet": null,
    "notes": "",
    "mac_address_wifi": "C6:18:15:18:D5:3B",
    "mac_address_ethernet": "C4:CB:E1:3E:A7:EA",
    "ip_address": "192.168.1.119",
    "delivery_letter_code": "ACD-001",
    "receipt_date": "2024-01-20",
    "processor": null,
    "ram_size": null,
    "hdd1_capacity": null,
    "hdd2_capacity": null,
    "operating_system": null,
    "os_version": null,
    "screen_size": null,
    "resolution": null,
    "refresh_rate": null,
    "panel_type": null,
    "vesa_mount": false,
    "built_in_speakers": false,
    "printer_type": null,
    "connection_type": null,
    "printer_department": null,
    "printer_responsible": null,
    "paper_size_support": null,
    "duplex_printing": false,
    "toner_cartridge_model": null,
    "ups_capacity": null,
    "ups_battery_count": null,
    "ups_battery_life": null,
    "ups_battery_replacement_date": null,
    "ups_manufacturer": null
  }
},
{
  "model": "inventory.itasset",
  "pk": 105,
  "fields": {
    "name": "ACD-ACC-lap-01",
    "asset_type": 1,
    "serial_number": "1N3YHX3",
    "model": "Latitude 5540",
    "manufacturer": "Dell",
    "owner": 4,
    "purchase_date": "2024-01-02",
    "warranty_expiry": "2025-04-27",
    "status": "assigned",
    "assigned_to": 108,
    "outlet": null,
    "notes": "",
    "mac_address_wifi": "04:E8:B9:9F:C4:5F",
    "mac_address_ethernet": "00:00:00:00:00:00",
    "ip_address": "192.168.1.120",
    "delivery_letter_code": "ACD-002",
    "receipt_date": "2025-05-22",
    "processor": "13th Gen Intel(R) Core(TM) i5-1335U",
    "ram_size": "8GB ddr4",
    "hdd1_capacity": "512GB NVMe2",
    "hdd2_capacity": null,
    "operating_system": "Windows 10",
    "os_version": "21H2",
    "screen_size": null,
    "resolution": null,
    "refresh_rate": null,
    "panel_type": null,
    "vesa_mount": false,
    "built_in_speakers": false,
    "printer_type": null,
    "connection_type": null,
    "printer_department": null,
    "printer_responsible": null,
    "paper_size_support": null,
    "duplex_printing": false,
    "toner_cartridge_model": null,
    "ups_capacity": null,
    "ups_battery_count": null,
    "ups_battery_life": null,
    "ups_battery_replacement_date": null,
    "ups_manufacturer": null
  }
},
{
  "model": "inventory.itasset",
  "pk": 106,
  "fields": {
    "name": "ACD-MANGER-01",
    "asset_type": 1,
    "serial_number": "5TPVML3",
    "model": "Latitude 5530",
    "manufacturer": "Dell",
    "owner": 4,
    "purchase_date": "2024-01-03",
    "warranty_expiry": "2025-05-21",
    "status": "assigned",
    "assigned_to": 117,
    "outlet": null,
    "notes": "",
    "mac_address_wifi": "00:00:00:00:00:00",
    "mac_address_ethernet": "00:00:00:00:00:00",
    "ip_address": "192.168.1.119",
    "delivery_letter_code": "ACD-003",
    "receipt_date": "2024-01-22",
    "processor": "12th Gen Intel(R) Core(TM) i5-1235U",
    "ram_size": "8GB ddr4",
    "hdd1_capacity": "512GB NVMe2",
    "hdd2_capacity": null,
    "operating_system": "Windows 10",
    "os_version": "21H2",
    "screen_size": null,
    "resolution": null,
    "refresh_rate": null,
    "panel_type": null,
    "vesa_mount": false,
    "built_in_speakers": false,
    "printer_type": null,
    "connection_type": null,
    "printer_department": null,
    "printer_responsible": null,
    "paper_size_support": null,
    "duplex_printing": false,
    "toner_cartridge_model": null,
    "ups_capacity": null,
    "ups_battery_count": null,
    "ups_battery_life": null,
    "ups_battery_replacement_date": null,
    "ups_manufacturer": null
  }
},
{
  "model": "inventory.itasset",
  "pk": 107,
  "fields": {
    "name": "ACD-MANGER-02",
    "asset_type": 1,
    "serial_number": "5RPVML3",
    "model": "Latitude 5530",
    "manufacturer": "Dell",
    "owner": 4,
    "purchase_date": "2024-01-04",
    "warranty_expiry": "2027-01-04",
    "status": "assigned",
    "assigned_to": 118,
    "outlet": null,
    "notes": "",
    "mac_address_wifi": "00:BE:43:7A:F2:3A",
    "mac_address_ethernet": "8C:F8:C5:A5:01:D6",
    "ip_address": "192.168.1.119",
    "delivery_letter_code": "ACD-004",
    "receipt_date": "2024-01-23",
    "processor": "13th Gen Intel(R) Core(TM) i5-1335U",
    "ram_size": "8GB ddr4",
    "hdd1_capacity": "512GB NVMe2",
    "hdd2_capacity": null,
    "operating_system": "Windows 10",
    "os_version": "21H2",
    "screen_size": null,
    "resolution": null,
    "refresh_rate": null,
    "panel_type": null,
    "vesa_mount": false,
    "built_in_speakers": false,
    "printer_type": null,
    "connection_type": null,
    "printer_department": null,
    "printer_responsible": null,
    "paper_size_support": null,
    "duplex_printing": false,
    "toner_cartridge_model": null,
    "ups_capacity": null,
    "ups_battery_count": null,
    "ups_battery_life": null,
    "ups_battery_replacement_date": null,
    "ups_manufacturer": null
  }
},
{
  "model": "inventory.itasset",
  "pk": 108,
  "fields": {
    "name": "CTP-WH-Laptop",
    "asset_type": 1,
    "serial_number": "4L3YHX3",
    "model": "Latitude 5540",
    "manufacturer": "Dell",
    "owner": 4,
    "purchase_date": "2024-01-05",
    "warranty_expiry": "2027-01-05",
    "status": "assigned",
    "assigned_to": 109,
    "outlet": null,
    "notes": "",
    "mac_address_wifi": "04:E8:B9:9F:B1:81",
    "mac_address_ethernet": "4C:D7:17:51:57:32",
    "ip_address": "192.168.1.119",
    "delivery_letter_code": "ACD-005",
    "receipt_date": "2024-01-24",
    "processor": "13th Gen Intel(R) Core(TM) i5-1335U",
    "ram_size": "8GB ddr4",
    "hdd1_capacity": "512GB NVMe2",
    "hdd2_capacity": null,
    "operating_system": "Windows 10",
    "os_version": "21H2",
    "screen_size": null,
    "resolution": null,
    "refresh_rate": null,
    "panel_type": null,
    "vesa_mount": false,
    "built_in_speakers": false,
    "printer_type": null,
    "connection_type": null,
    "printer_department": null,
    "printer_responsible": null,
    "paper_size_support": null,
    "duplex_printing": false,
    "toner_cartridge_model": null,
    "ups_capacity": null,
    "ups_battery_count": null,
    "ups_battery_life": null,
    "ups_battery_replacement_date": null,
    "ups_manufacturer": null
  }
},
{
  "model": "inventory.itasset",
  "pk": 109,
  "fields": {
    "name": "ACD-HR-lap-01",
    "asset_type": 1,
    "serial_number": "6K4YHX3",
    "model": "Latitude 5540",
    "manufacturer": "Dell",
    "owner": 4,
    "purchase_date": "2024-01-06",
    "warranty_expiry": "2027-01-06",
    "status": "assigned",
    "assigned_to": 110,
    "outlet": null,
    "notes": "",
    "mac_address_wifi": "74:13:EA:0E:FD:DF",
    "mac_address_ethernet": "4C:D7:17:5A:8B:20",
    "ip_address": "192.168.1.119",
    "delivery_letter_code": "ACD-006",
    "receipt_date": "2024-01-25",
    "processor": "13th Gen Intel(R) Core(TM) i5-1335U",
    "ram_size": "8GB ddr4",
    "hdd1_capacity": "512GB NVMe2",
    "hdd2_capacity": null,
    "operating_system": "Windows 10",
    "os_version": "21H2",
    "screen_size": null,
    "resolution": null,
    "refresh_rate": null,
    "panel_type": null,
    "vesa_mount": false,
    "built_in_speakers": false,
    "printer_type": null,
    "connection_type": null,
    "printer_department": null,
    "printer_responsible": null,
    "paper_size_support": null,
    "duplex_printing": false,
    "toner_cartridge_model": null,
    "ups_capacity": null,
    "ups_battery_count": null,
    "ups_battery_life": null,
    "ups_battery_replacement_date": null,
    "ups_manufacturer": null
  }
},
{
  "model": "inventory.itasset",
  "pk": 110,
  "fields": {
    "name": "ACD-MTN-lap-02",
    "asset_type": 1,
    "serial_number": "4R3YHX3",
    "model": "Latitude 5540",
    "manufacturer": "Dell",
    "owner": 4,
    "purchase_date": "2024-01-07",
    "warranty_expiry": "2027-01-07",
    "status": "assigned",
    "assigned_to": 111,
    "outlet": null,
    "notes": "",
    "mac_address_wifi": "04:E8:B9:CA:25:8D",
    "mac_address_ethernet": "4C:D7:17:5A:8E:BA",
    "ip_address": "192.168.1.119",
    "delivery_letter_code": "ACD-007",
    "receipt_date": "2024-01-26",
    "processor": "13th Gen Intel(R) Core(TM) i5-1335U",
    "ram_size": "8GB ddr4",
    "hdd1_capacity": "512GB NVMe2",
    "hdd2_capacity": null,
    "operating_system": "Windows 10",
    "os_version": "21H2",
    "screen_size": null,
    "resolution": null,
    "refresh_rate": null,
    "panel_type": null,
    "vesa_mount": false,
    "built_in_speakers": false,
    "printer_type": null,
    "connection_type": null,
    "printer_department": null,
    "printer_responsible": null,
    "paper_size_support": null,
    "duplex_printing": false,
    "toner_cartridge_model": null,
    "ups_capacity": null,
    "ups_battery_count": null,
    "ups_battery_life": null,
    "ups_battery_replacement_date": null,
    "ups_manufacturer": null
  }
},
{
  "model": "inventory.itasset",
  "pk": 111,
  "fields": {
    "name": "ACD-PUR-lap-01",
    "asset_type": 1,
    "serial_number": "6M4YHX3",
    "model": "Latitude 5540",
    "manufacturer": "Dell",
    "owner": 4,
    "purchase_date": "2024-01-08",
    "warranty_expiry": "2027-01-08",
    "status": "assigned",
    "assigned_to": 140,
    "outlet": null,
    "notes": "",
    "mac_address_wifi": "74:13:EA:0E:FE:2F",
    "mac_address_ethernet": "4c:d7:17:57:34:ce",
    "ip_address": "192.168.1.119",
    "delivery_letter_code": "ACD-008",
    "receipt_date": "2024-01-27",
    "processor": "13th Gen Intel(R) Core(TM) i5-1335U",
    "ram_size": "8GB ddr4",
    "hdd1_capacity": "512GB NVMe2",
    "hdd2_capacity": null,
    "operating_system": "Windows 10",
    "os_version": "21H2",
    "screen_size": null,
    "resolution": null,
    "refresh_rate": null,
    "panel_type": null,
    "vesa_mount": false,
    "built_in_speakers": false,
    "printer_type": null,
    "connection_type": null,
    "printer_department": null,
    "printer_responsible": null,
    "paper_size_support": null,
    "duplex_printing": false,
    "toner_cartridge_model": null,
    "ups_capacity": null,
    "ups_battery_count": null,
    "ups_battery_life": null,
    "ups_battery_replacement_date": null,
    "ups_manufacturer": null
  }
},
{
  "model": "inventory.itasset",
  "pk": 112,
  "fields": {
    "name": "ACD-OSH-Lap-01",
    "asset_type": 1,
    "serial_number": "GL3YHX3",
    "model": "Latitude 5540",
    "manufacturer": "Dell",
    "owner": 4,
    "purchase_date": "2024-01-09",
    "warranty_expiry": "2027-01-09",
    "status": "assigned",
    "assigned_to": 112,
    "outlet": null,
    "notes": "",
    "mac_address_wifi": "00:00:00:00:00:00",
    "mac_address_ethernet": "00:00:00:00:00:00",
    "ip_address": "192.168.1.119",
    "delivery_letter_code": "ACD-009",
    "receipt_date": "2024-01-28",
    "processor": "13th Gen Intel(R) Core(TM) i5-1335U",
    "ram_size": "8GB ddr4",
    "hdd1_capacity": "512GB NVMe2",
    "hdd2_capacity": null,
    "operating_system": "Windows 10",
    "os_version": "21H2",
    "screen_size": null,
    "resolution": null,
    "refresh_rate": null,
    "panel_type": null,
    "vesa_mount": false,
    "built_in_speakers": false,
    "printer_type": null,
    "connection_type": null,
    "printer_department": null,
    "printer_responsible": null,
    "paper_size_support": null,
    "duplex_printing": false,
    "toner_cartridge_model": null,
    "ups_capacity": null,
    "ups_battery_count": null,
    "ups_battery_life": null,
    "ups_battery_replacement_date": null,
    "ups_manufacturer": null
  }
},
{
  "model": "inventory.itasset",
  "pk": 113,
  "fields": {
    "name": "ACD-ACC-PC-07",
    "asset_type": 2,
    "serial_number": "B74QYP3",
    "model": "OptiPlex 3090",
    "manufacturer": "Dell",
    "owner": 4,
    "purchase_date": "2024-01-10",
    "warranty_expiry": "2025-05-25",
    "status": "assigned",
    "assigned_to": 139,
    "outlet": null,
    "notes": "",
    "mac_address_wifi": "00:00:00:00:00:00",
    "mac_address_ethernet": "00:00:00:00:00:00",
    "ip_address": "192.168.20.68",
    "delivery_letter_code": "ACD-010",
    "receipt_date": "2024-01-29",
    "processor": null,
    "ram_size": null,
    "hdd1_capacity": null,
    "hdd2_capacity": null,
    "operating_system": null,
    "os_version": null,
    "screen_size": null,
    "resolution": null,
    "refresh_rate": null,
    "panel_type": null,
    "vesa_mount": false,
    "built_in_speakers": false,
    "printer_type": null,
    "connection_type": null,
    "printer_department": null,
    "printer_responsible": null,
    "paper_size_support": null,
    "duplex_printing": false,
    "toner_cartridge_model": null,
    "ups_capacity": null,
    "ups_battery_count": null,
    "ups_battery_life": null,
    "ups_battery_replacement_date": null,
    "ups_manufacturer": null
  }
},
{
  "model": "inventory.itasset",
  "pk": 114,
  "fields": {
    "name": "ACD-PDC-PC-01",
    "asset_type": 2,
    "serial_number": "9VP6CR3",
    "model": "OptiPlex 3090",
    "manufacturer": "Dell",
    "owner": 4,
    "purchase_date": "2024-01-11",
    "warranty_expiry": "2027-01-11",
    "status": "assigned",
    "assigned_to": 116,
    "outlet": null,
    "notes": "",
    "mac_address_wifi": "00:00:00:00:00:00",
    "mac_address_ethernet": "00:00:00:00:00:00",
    "ip_address": "",
    "delivery_letter_code": "ACD-011",
    "receipt_date": "2024-01-30",
    "processor": null,
    "ram_size": null,
    "hdd1_capacity": null,
    "hdd2_capacity": null,
    "operating_system": null,
    "os_version": null,
    "screen_size": null,
    "resolution": null,
    "refresh_rate": null,
    "panel_type": null,
    "vesa_mount": false,
    "built_in_speakers": false,
    "printer_type": null,
    "connection_type": null,
    "printer_department": null,
    "printer_responsible": null,
    "paper_size_support": null,
    "duplex_printing": false,
    "toner_cartridge_model": null,
    "ups_capacity": null,
    "ups_battery_count": null,
    "ups_battery_life": null,
    "ups_battery_replacement_date": null,
    "ups_manufacturer": null
  }
},
{
  "model": "inventory.itasset",
  "pk": 115,
  "fields": {
    "name": "Server-CTP-ACD",
    "asset_type": 2,
    "serial_number": "2S3QYP3",
    "model": "OptiPlex 3090",
    "manufacturer": "Dell",
    "owner": 4,
    "purchase_date": "2024-01-11",
    "warranty_expiry": "2027-01-11",
    "status": "assigned",
    "assigned_to": null,
    "outlet": null,
    "notes": "",
    "mac_address_wifi": "00:00:00:00:00:00",
    "mac_address_ethernet": "00:00:00:00:00:00",
    "ip_address": "",
    "delivery_letter_code": "ACD-012",
    "receipt_date": null,
    "processor": "10 th Gen Intel(R) Core(TM) i5-10505",
    "ram_size": "20GB ddr4",
    "hdd1_capacity": "256gb  ssd",
    "hdd2_capacity": "1TB",
    "operating_system": "Windows server 2022",
    "os_version": null,
    "screen_size": null,
    "resolution": null,
    "refresh_rate": null,
    "panel_type": null,
    "vesa_mount": false,
    "built_in_speakers": false,
    "printer_type": null,
    "connection_type": null,
    "printer_department": null,
    "printer_responsible": null,
    "paper_size_support": null,
    "duplex_printing": false,
    "toner_cartridge_model": null,
    "ups_capacity": null,
    "ups_battery_count": null,
    "ups_battery_life": null,
    "ups_battery_replacement_date": null,
    "ups_manufacturer": null
  }
},
{
  "model": "inventory.itasset",
  "pk": 116,
  "fields": {
    "name": "CTP-PUR-lap-02",
    "asset_type": 1,
    "serial_number": "HNXCBS3",
    "model": "Latitude 5530",
    "manufacturer": "Dell",
    "owner": 2,
    "purchase_date": "2024-01-12",
    "warranty_expiry": "2027-01-12",
    "status": "assigned",
    "assigned_to": 119,
    "outlet": null,
    "notes": "",
    "mac_address_wifi": "28:6B:35:65:B6:98",
    "mac_address_ethernet": "C4:CB:E1:01:3D:9E",
    "ip_address": "192.168.1.119",
    "delivery_letter_code": "CTP-001",
    "receipt_date": "2024-01-31",
    "processor": "12th Gen Intel(R) Core(TM) i5-1235U",
    "ram_size": "8GB ddr4",
    "hdd1_capacity": "512GB NVMe2",
    "hdd2_capacity": null,
    "operating_system": "Windows 10",
    "os_version": "21H2",
    "screen_size": null,
    "resolution": null,
    "refresh_rate": null,
    "panel_type": null,
    "vesa_mount": false,
    "built_in_speakers": false,
    "printer_type": null,
    "connection_type": null,
    "printer_department": null,
    "printer_responsible": null,
    "paper_size_support": null,
    "duplex_printing": false,
    "toner_cartridge_model": null,
    "ups_capacity": null,
    "ups_battery_count": null,
    "ups_battery_life": null,
    "ups_battery_replacement_date": null,
    "ups_manufacturer": null
  }
},
{
  "model": "inventory.itasset",
  "pk": 117,
  "fields": {
    "name": "ACD-ACC-lap-03",
    "asset_type": 1,
    "serial_number": "2S3YHX3",
    "model": "Latitude 5540",
    "manufacturer": "Dell",
    "owner": 2,
    "purchase_date": "2024-01-13",
    "warranty_expiry": "2025-05-22",
    "status": "assigned",
    "assigned_to": 148,
    "outlet": null,
    "notes": "",
    "mac_address_wifi": "04:E8:B9:CA:0C:B0",
    "mac_address_ethernet": "4C:D7:17:54:2F:06",
    "ip_address": "192.168.1.119",
    "delivery_letter_code": "CTP-002",
    "receipt_date": "2024-02-01",
    "processor": "13th Gen Intel(R) Core(TM) i5-1335U",
    "ram_size": "8GB ddr4",
    "hdd1_capacity": "512GB NVMe2",
    "hdd2_capacity": null,
    "operating_system": "Windows 10",
    "os_version": "21H2",
    "screen_size": null,
    "resolution": null,
    "refresh_rate": null,
    "panel_type": null,
    "vesa_mount": false,
    "built_in_speakers": false,
    "printer_type": null,
    "connection_type": null,
    "printer_department": null,
    "printer_responsible": null,
    "paper_size_support": null,
    "duplex_printing": false,
    "toner_cartridge_model": null,
    "ups_capacity": null,
    "ups_battery_count": null,
    "ups_battery_life": null,
    "ups_battery_replacement_date": null,
    "ups_manufacturer": null
  }
},
{
  "model": "inventory.itasset",
  "pk": 118,
  "fields": {
    "name": "CTP-IT-LAP-01",
    "asset_type": 1,
    "serial_number": "4M3YHX3",
    "model": "Latitude 5540",
    "manufacturer": "Dell",
    "owner": 2,
    "purchase_date": "2024-01-14",
    "warranty_expiry": "2027-01-14",
    "status": "assigned",
    "assigned_to": 121,
    "outlet": null,
    "notes": "",
    "mac_address_wifi": "04:E8:B9:9F:C3:C4",
    "mac_address_ethernet": "00:00:00:00:00:00",
    "ip_address": "192.168.1.119",
    "delivery_letter_code": "CTP-003",
    "receipt_date": "2024-02-02",
    "processor": "13th Gen Intel(R) Core(TM) i5-1335U",
    "ram_size": "8GB ddr4",
    "hdd1_capacity": "512GB NVMe2",
    "hdd2_capacity": null,
    "operating_system": "Windows 10",
    "os_version": "21H2",
    "screen_size": null,
    "resolution": null,
    "refresh_rate": null,
    "panel_type": null,
    "vesa_mount": false,
    "built_in_speakers": false,
    "printer_type": null,
    "connection_type": null,
    "printer_department": null,
    "printer_responsible": null,
    "paper_size_support": null,
    "duplex_printing": false,
    "toner_cartridge_model": null,
    "ups_capacity": null,
    "ups_battery_count": null,
    "ups_battery_life": null,
    "ups_battery_replacement_date": null,
    "ups_manufacturer": null
  }
},
{
  "model": "inventory.itasset",
  "pk": 119,
  "fields": {
    "name": "CTP-HR-lap-02",
    "asset_type": 1,
    "serial_number": "7R3YHX3",
    "model": "Latitude 5540",
    "manufacturer": "Dell",
    "owner": 2,
    "purchase_date": "2024-01-15",
    "warranty_expiry": "2025-05-26",
    "status": "maintenance",
    "assigned_to": 122,
    "outlet": null,
    "notes": "",
    "mac_address_wifi": "04:E8:B9:9F:C4:AF",
    "mac_address_ethernet": "4C:D7:17:57:32:BA",
    "ip_address": "192.168.1.119",
    "delivery_letter_code": "CTP-004",
    "receipt_date": "2024-02-03",
    "processor": "13th Gen Intel(R) Core(TM) i5-1335U",
    "ram_size": "8GB ddr4",
    "hdd1_capacity": "512GB NVMe2",
    "hdd2_capacity": null,
    "operating_system": "Windows 10",
    "os_version": "21H2",
    "screen_size": null,
    "resolution": null,
    "refresh_rate": null,
    "panel_type": null,
    "vesa_mount": false,
    "built_in_speakers": false,
    "printer_type": null,
    "connection_type": null,
    "printer_department": null,
    "printer_responsible": null,
    "paper_size_support": null,
    "duplex_printing": false,
    "toner_cartridge_model": null,
    "ups_capacity": null,
    "ups_battery_count": null,
    "ups_battery_life": null,
    "ups_battery_replacement_date": null,
    "ups_manufacturer": null
  }
},
{
  "model": "inventory.itasset",
  "pk": 120,
  "fields": {
    "name": "CTP-MTN-lap-02",
    "asset_type": 1,
    "serial_number": "FT3YHX3",
    "model": "Latitude 5540",
    "manufacturer": "Dell",
    "owner": 2,
    "purchase_date": "2024-01-16",
    "warranty_expiry": "2027-01-16",
    "status": "assigned",
    "assigned_to": 123,
    "outlet": null,
    "notes": "",
    "mac_address_wifi": "04:E8:B9:CA:0D:0F",
    "mac_address_ethernet": "00:00:00:00:00:00",
    "ip_address": "192.168.1.119",
    "delivery_letter_code": "CTP-005",
    "receipt_date": "2024-02-04",
    "processor": "13th Gen Intel(R) Core(TM) i5-1335U",
    "ram_size": "8GB ddr4",
    "hdd1_capacity": "512GB NVMe2",
    "hdd2_capacity": null,
    "operating_system": "Windows 10",
    "os_version": "21H2",
    "screen_size": null,
    "resolution": null,
    "refresh_rate": null,
    "panel_type": null,
    "vesa_mount": false,
    "built_in_speakers": false,
    "printer_type": null,
    "connection_type": null,
    "printer_department": null,
    "printer_responsible": null,
    "paper_size_support": null,
    "duplex_printing": false,
    "toner_cartridge_model": null,
    "ups_capacity": null,
    "ups_battery_count": null,
    "ups_battery_life": null,
    "ups_battery_replacement_date": null,
    "ups_manufacturer": null
  }
},
{
  "model": "inventory.itasset",
  "pk": 121,
  "fields": {
    "name": "CTP-Quality-lap-01",
    "asset_type": 1,
    "serial_number": "2P1KCS3",
    "model": "Latitude 5530",
    "manufacturer": "Dell",
    "owner": 2,
    "purchase_date": "2024-01-17",
    "warranty_expiry": "2027-01-17",
    "status": "assigned",
    "assigned_to": 114,
    "outlet": null,
    "notes": "",
    "mac_address_wifi": "00:00:00:00:00:00",
    "mac_address_ethernet": "00:00:00:00:00:00",
    "ip_address": "192.168.1.119",
    "delivery_letter_code": "CTP-006",
    "receipt_date": "2024-02-05",
    "processor": "12th Gen Intel(R) Core(TM) i5-1235U",
    "ram_size": "8GB ddr4",
    "hdd1_capacity": "512GB NVMe2",
    "hdd2_capacity": null,
    "operating_system": "Windows 10",
    "os_version": "21H2",
    "screen_size": null,
    "resolution": null,
    "refresh_rate": null,
    "panel_type": null,
    "vesa_mount": false,
    "built_in_speakers": false,
    "printer_type": null,
    "connection_type": null,
    "printer_department": null,
    "printer_responsible": null,
    "paper_size_support": null,
    "duplex_printing": false,
    "toner_cartridge_model": null,
    "ups_capacity": null,
    "ups_battery_count": null,
    "ups_battery_life": null,
    "ups_battery_replacement_date": null,
    "ups_manufacturer": null
  }
},
{
  "model": "inventory.itasset",
  "pk": 122,
  "fields": {
    "name": "CTP-HR-lap-01",
    "asset_type": 1,
    "serial_number": "7RVPDS3",
    "model": "Latitude 5530",
    "manufacturer": "Dell",
    "owner": 2,
    "purchase_date": "2024-01-18",
    "warranty_expiry": "2027-01-18",
    "status": "assigned",
    "assigned_to": 124,
    "outlet": null,
    "notes": "",
    "mac_address_wifi": "D4:D8:53:E6:1D:79",
    "mac_address_ethernet": "C4:CB:E1:40:AE:08",
    "ip_address": "192.168.1.119",
    "delivery_letter_code": "CTP-007",
    "receipt_date": "2024-02-06",
    "processor": "12th Gen Intel(R) Core(TM) i5-1235U",
    "ram_size": "8GB ddr4",
    "hdd1_capacity": "512GB NVMe2",
    "hdd2_capacity": null,
    "operating_system": "Windows 10",
    "os_version": "21H2",
    "screen_size": null,
    "resolution": null,
    "refresh_rate": null,
    "panel_type": null,
    "vesa_mount": false,
    "built_in_speakers": false,
    "printer_type": null,
    "connection_type": null,
    "printer_department": null,
    "printer_responsible": null,
    "paper_size_support": null,
    "duplex_printing": false,
    "toner_cartridge_model": null,
    "ups_capacity": null,
    "ups_battery_count": null,
    "ups_battery_life": null,
    "ups_battery_replacement_date": null,
    "ups_manufacturer": null
  }
},
{
  "model": "inventory.itasset",
  "pk": 123,
  "fields": {
    "name": "CTP-PDC-lap-02",
    "asset_type": 1,
    "serial_number": "3SVPDS3",
    "model": "Latitude 5530",
    "manufacturer": "Dell",
    "owner": 2,
    "purchase_date": "2024-01-19",
    "warranty_expiry": "2027-01-19",
    "status": "assigned",
    "assigned_to": 125,
    "outlet": null,
    "notes": "",
    "mac_address_wifi": "D4:D8:53:E6:1D:56",
    "mac_address_ethernet": "C4:CB:E1:35:00:85",
    "ip_address": "",
    "delivery_letter_code": "CTP-008",
    "receipt_date": "2024-02-07",
    "processor": null,
    "ram_size": null,
    "hdd1_capacity": null,
    "hdd2_capacity": null,
    "operating_system": null,
    "os_version": null,
    "screen_size": null,
    "resolution": null,
    "refresh_rate": null,
    "panel_type": null,
    "vesa_mount": false,
    "built_in_speakers": false,
    "printer_type": null,
    "connection_type": null,
    "printer_department": null,
    "printer_responsible": null,
    "paper_size_support": null,
    "duplex_printing": false,
    "toner_cartridge_model": null,
    "ups_capacity": null,
    "ups_battery_count": null,
    "ups_battery_life": null,
    "ups_battery_replacement_date": null,
    "ups_manufacturer": null
  }
},
{
  "model": "inventory.itasset",
  "pk": 124,
  "fields": {
    "name": "CTP-PUR-lap-01",
    "asset_type": 1,
    "serial_number": "DMXCBS3",
    "model": "Latitude 5530",
    "manufacturer": "Dell",
    "owner": 2,
    "purchase_date": "2024-01-20",
    "warranty_expiry": "2027-01-20",
    "status": "assigned",
    "assigned_to": 126,
    "outlet": null,
    "notes": "",
    "mac_address_wifi": "28:6B:5:65:CC:6E",
    "mac_address_ethernet": "C4:CB:E1:01:35:62",
    "ip_address": "192.168.1.119",
    "delivery_letter_code": "CTP-009",
    "receipt_date": "2024-02-08",
    "processor": "12th Gen Intel(R) Core(TM) i5-1235U",
    "ram_size": "8GB ddr4",
    "hdd1_capacity": "512GB NVMe2",
    "hdd2_capacity": null,
    "operating_system": "Windows 10",
    "os_version": "21H2",
    "screen_size": null,
    "resolution": null,
    "refresh_rate": null,
    "panel_type": null,
    "vesa_mount": false,
    "built_in_speakers": false,
    "printer_type": null,
    "connection_type": null,
    "printer_department": null,
    "printer_responsible": null,
    "paper_size_support": null,
    "duplex_printing": false,
    "toner_cartridge_model": null,
    "ups_capacity": null,
    "ups_battery_count": null,
    "ups_battery_life": null,
    "ups_battery_replacement_date": null,
    "ups_manufacturer": null
  }
},
{
  "model": "inventory.itasset",
  "pk": 125,
  "fields": {
    "name": "CTP-ACC-lap-02",
    "asset_type": 1,
    "serial_number": "7NXCBS3",
    "model": "Latitude 5530",
    "manufacturer": "Dell",
    "owner": 2,
    "purchase_date": "2024-01-21",
    "warranty_expiry": "2027-01-21",
    "status": "assigned",
    "assigned_to": 127,
    "outlet": null,
    "notes": "",
    "mac_address_wifi": "00:00:00:00:00:00",
    "mac_address_ethernet": "00:00:00:00:00:00",
    "ip_address": "192.168.1.119",
    "delivery_letter_code": "CTP-010",
    "receipt_date": "2024-02-09",
    "processor": "12th Gen Intel(R) Core(TM) i5-1235U",
    "ram_size": "8GB ddr4",
    "hdd1_capacity": "512GB NVMe2",
    "hdd2_capacity": null,
    "operating_system": "Windows 10",
    "os_version": "21H2",
    "screen_size": null,
    "resolution": null,
    "refresh_rate": null,
    "panel_type": null,
    "vesa_mount": false,
    "built_in_speakers": false,
    "printer_type": null,
    "connection_type": null,
    "printer_department": null,
    "printer_responsible": null,
    "paper_size_support": null,
    "duplex_printing": false,
    "toner_cartridge_model": null,
    "ups_capacity": null,
    "ups_battery_count": null,
    "ups_battery_life": null,
    "ups_battery_replacement_date": null,
    "ups_manufacturer": null
  }
},
{
  "model": "inventory.itasset",
  "pk": 126,
  "fields": {
    "name": "CTP-ACC-lap-01",
    "asset_type": 1,
    "serial_number": "4R1KCS3",
    "model": "Latitude 5530",
    "manufacturer": "Dell",
    "owner": 2,
    "purchase_date": "2024-01-22",
    "warranty_expiry": "2027-01-22",
    "status": "assigned",
    "assigned_to": 128,
    "outlet": null,
    "notes": "",
    "mac_address_wifi": "F4:C8:8A:FE:44:58",
    "mac_address_ethernet": "C4:CB:E1:36:B3:0D",
    "ip_address": "192.168.1.119",
    "delivery_letter_code": "CTP-011",
    "receipt_date": "2024-02-10",
    "processor": "12th Gen Intel(R) Core(TM) i5-1235U",
    "ram_size": "8GB ddr4",
    "hdd1_capacity": "512GB NVMe2",
    "hdd2_capacity": null,
    "operating_system": "Windows 10",
    "os_version": "21H2",
    "screen_size": null,
    "resolution": null,
    "refresh_rate": null,
    "panel_type": null,
    "vesa_mount": false,
    "built_in_speakers": false,
    "printer_type": null,
    "connection_type": null,
    "printer_department": null,
    "printer_responsible": null,
    "paper_size_support": null,
    "duplex_printing": false,
    "toner_cartridge_model": null,
    "ups_capacity": null,
    "ups_battery_count": null,
    "ups_battery_life": null,
    "ups_battery_replacement_date": null,
    "ups_manufacturer": null
  }
},
{
  "model": "inventory.itasset",
  "pk": 127,
  "fields": {
    "name": "CTP-ACC-lap-03",
    "asset_type": 1,
    "serial_number": "2N3YHX3",
    "model": "Latitude 5540",
    "manufacturer": "Dell",
    "owner": 2,
    "purchase_date": "2024-01-23",
    "warranty_expiry": "2027-01-23",
    "status": "assigned",
    "assigned_to": 147,
    "outlet": null,
    "notes": "",
    "mac_address_wifi": "04:E8:B9:9F:C4:7D",
    "mac_address_ethernet": "4C:D7:17:56:B1:3E",
    "ip_address": "192.168.1.119",
    "delivery_letter_code": "CTP-012",
    "receipt_date": "2024-02-11",
    "processor": "13th Gen Intel(R) Core(TM) i5-1335U",
    "ram_size": "8GB ddr4",
    "hdd1_capacity": "512GB NVMe2",
    "hdd2_capacity": null,
    "operating_system": "Windows 10",
    "os_version": "21H2",
    "screen_size": null,
    "resolution": null,
    "refresh_rate": null,
    "panel_type": null,
    "vesa_mount": false,
    "built_in_speakers": false,
    "printer_type": null,
    "connection_type": null,
    "printer_department": null,
    "printer_responsible": null,
    "paper_size_support": null,
    "duplex_printing": false,
    "toner_cartridge_model": null,
    "ups_capacity": null,
    "ups_battery_count": null,
    "ups_battery_life": null,
    "ups_battery_replacement_date": null,
    "ups_manufacturer": null
  }
},
{
  "model": "inventory.itasset",
  "pk": 128,
  "fields": {
    "name": "CTP-PDC-lap-01",
    "asset_type": 1,
    "serial_number": "JM3YHX3",
    "model": "Latitude 5540",
    "manufacturer": "Dell",
    "owner": 2,
    "purchase_date": "2024-01-24",
    "warranty_expiry": "2027-01-24",
    "status": "assigned",
    "assigned_to": 129,
    "outlet": null,
    "notes": "",
    "mac_address_wifi": "04:E8:B9:9F:C4:6E",
    "mac_address_ethernet": "4C:D7:17:56:AD:72",
    "ip_address": "192.168.1.119",
    "delivery_letter_code": "CTP-013",
    "receipt_date": "2024-02-12",
    "processor": "13th Gen Intel(R) Core(TM) i5-1335U",
    "ram_size": "8GB ddr4",
    "hdd1_capacity": "512GB NVMe2",
    "hdd2_capacity": null,
    "operating_system": "Windows 10",
    "os_version": "21H2",
    "screen_size": null,
    "resolution": null,
    "refresh_rate": null,
    "panel_type": null,
    "vesa_mount": false,
    "built_in_speakers": false,
    "printer_type": null,
    "connection_type": null,
    "printer_department": null,
    "printer_responsible": null,
    "paper_size_support": null,
    "duplex_printing": false,
    "toner_cartridge_model": null,
    "ups_capacity": null,
    "ups_battery_count": null,
    "ups_battery_life": null,
    "ups_battery_replacement_date": null,
    "ups_manufacturer": null
  }
},
{
  "model": "inventory.itasset",
  "pk": 129,
  "fields": {
    "name": "Canon MF3010",
    "asset_type": 6,
    "serial_number": "YNK25219",
    "model": "MF3010",
    "manufacturer": "Canon",
    "owner": 2,
    "purchase_date": "2024-01-25",
    "warranty_expiry": "2025-05-29",
    "status": "assigned",
    "assigned_to": 125,
    "outlet": null,
    "notes": "",
    "mac_address_wifi": "00:00:00:00:00:00",
    "mac_address_ethernet": "00:00:00:00:00:00",
    "ip_address": "",
    "delivery_letter_code": "CTP-014",
    "receipt_date": "2024-02-13",
    "processor": null,
    "ram_size": null,
    "hdd1_capacity": null,
    "hdd2_capacity": null,
    "operating_system": null,
    "os_version": null,
    "screen_size": null,
    "resolution": null,
    "refresh_rate": null,
    "panel_type": null,
    "vesa_mount": false,
    "built_in_speakers": false,
    "printer_type": null,
    "connection_type": null,
    "printer_department": null,
    "printer_responsible": null,
    "paper_size_support": null,
    "duplex_printing": false,
    "toner_cartridge_model": null,
    "ups_capacity": null,
    "ups_battery_count": null,
    "ups_battery_life": null,
    "ups_battery_replacement_date": null,
    "ups_manufacturer": null
  }
},
{
  "model": "inventory.itasset",
  "pk": 130,
  "fields": {
    "name": "Canon MF3010",
    "asset_type": 6,
    "serial_number": "YNk40521",
    "model": "MF3010",
    "manufacturer": "Canon",
    "owner": 2,
    "purchase_date": "2024-01-26",
    "warranty_expiry": "2027-01-26",
    "status": "assigned",
    "assigned_to": 122,
    "outlet": null,
    "notes": "",
    "mac_address_wifi": "00:00:00:00:00:01",
    "mac_address_ethernet": "00:00:00:00:00:01",
    "ip_address": "",
    "delivery_letter_code": "CTP-015",
    "receipt_date": "2024-02-14",
    "processor": null,
    "ram_size": null,
    "hdd1_capacity": null,
    "hdd2_capacity": null,
    "operating_system": null,
    "os_version": null,
    "screen_size": null,
    "resolution": null,
    "refresh_rate": null,
    "panel_type": null,
    "vesa_mount": false,
    "built_in_speakers": false,
    "printer_type": null,
    "connection_type": null,
    "printer_department": null,
    "printer_responsible": null,
    "paper_size_support": null,
    "duplex_printing": false,
    "toner_cartridge_model": null,
    "ups_capacity": null,
    "ups_battery_count": null,
    "ups_battery_life": null,
    "ups_battery_replacement_date": null,
    "ups_manufacturer": null
  }
},
{
  "model": "inventory.itasset",
  "pk": 131,
  "fields": {
    "name": "Canon mf453dw",
    "asset_type": 6,
    "serial_number": "3ZJ3663",
    "model": "mf453dw",
    "manufacturer": "Canon",
    "owner": 2,
    "purchase_date": "2023-09-27",
    "warranty_expiry": "2027-01-27",
    "status": "assigned",
    "assigned_to": 124,
    "outlet": null,
    "notes": "",
    "mac_address_wifi": "80:A5:89:FE:C5:16",
    "mac_address_ethernet": "00:00:00:00:00:02",
    "ip_address": "192.168.20.101",
    "delivery_letter_code": "CTP-016",
    "receipt_date": "2024-02-15",
    "processor": null,
    "ram_size": null,
    "hdd1_capacity": null,
    "hdd2_capacity": null,
    "operating_system": null,
    "os_version": null,
    "screen_size": null,
    "resolution": null,
    "refresh_rate": null,
    "panel_type": null,
    "vesa_mount": false,
    "built_in_speakers": false,
    "printer_type": null,
    "connection_type": null,
    "printer_department": null,
    "printer_responsible": null,
    "paper_size_support": null,
    "duplex_printing": false,
    "toner_cartridge_model": null,
    "ups_capacity": null,
    "ups_battery_count": null,
    "ups_battery_life": null,
    "ups_battery_replacement_date": null,
    "ups_manufacturer": null
  }
},
{
  "model": "inventory.itasset",
  "pk": 132,
  "fields": {
    "name": "Canon mf453dw",
    "asset_type": 6,
    "serial_number": "3ZJ13658",
    "model": "mf453dw",
    "manufacturer": "Canon",
    "owner": 2,
    "purchase_date": "2024-01-28",
    "warranty_expiry": "2025-05-22",
    "status": "assigned",
    "assigned_to": 139,
    "outlet": null,
    "notes": "",
    "mac_address_wifi": "80:A5:89:FA:B2:A8",
    "mac_address_ethernet": "00:00:00:00:00:03",
    "ip_address": "192.168.20.103",
    "delivery_letter_code": "CTP-017",
    "receipt_date": "2024-02-16",
    "processor": null,
    "ram_size": null,
    "hdd1_capacity": null,
    "hdd2_capacity": null,
    "operating_system": null,
    "os_version": null,
    "screen_size": null,
    "resolution": null,
    "refresh_rate": null,
    "panel_type": null,
    "vesa_mount": false,
    "built_in_speakers": false,
    "printer_type": null,
    "connection_type": null,
    "printer_department": null,
    "printer_responsible": null,
    "paper_size_support": null,
    "duplex_printing": false,
    "toner_cartridge_model": null,
    "ups_capacity": null,
    "ups_battery_count": null,
    "ups_battery_life": null,
    "ups_battery_replacement_date": null,
    "ups_manufacturer": null
  }
},
{
  "model": "inventory.itasset",
  "pk": 133,
  "fields": {
    "name": "Canon mf453dw",
    "asset_type": 6,
    "serial_number": "3ZJ15587",
    "model": "mf453dw",
    "manufacturer": "Canon",
    "owner": 2,
    "purchase_date": "2024-01-29",
    "warranty_expiry": "2027-01-29",
    "status": "assigned",
    "assigned_to": 126,
    "outlet": null,
    "notes": "",
    "mac_address_wifi": "00:00:00:00:00:04",
    "mac_address_ethernet": "00:00:00:00:00:04",
    "ip_address": "",
    "delivery_letter_code": "CTP-018",
    "receipt_date": "2024-02-17",
    "processor": null,
    "ram_size": null,
    "hdd1_capacity": null,
    "hdd2_capacity": null,
    "operating_system": null,
    "os_version": null,
    "screen_size": null,
    "resolution": null,
    "refresh_rate": null,
    "panel_type": null,
    "vesa_mount": false,
    "built_in_speakers": false,
    "printer_type": null,
    "connection_type": null,
    "printer_department": null,
    "printer_responsible": null,
    "paper_size_support": null,
    "duplex_printing": false,
    "toner_cartridge_model": null,
    "ups_capacity": null,
    "ups_battery_count": null,
    "ups_battery_life": null,
    "ups_battery_replacement_date": null,
    "ups_manufacturer": null
  }
},
{
  "model": "inventory.itasset",
  "pk": 134,
  "fields": {
    "name": "Canon mf453dw",
    "asset_type": 6,
    "serial_number": "3Z17018",
    "model": "mf453dw",
    "manufacturer": "Canon",
    "owner": 2,
    "purchase_date": "2024-01-30",
    "warranty_expiry": "2027-01-30",
    "status": "assigned",
    "assigned_to": 121,
    "outlet": null,
    "notes": "",
    "mac_address_wifi": "00:00:00:00:00:05",
    "mac_address_ethernet": "00:00:00:00:00:05",
    "ip_address": "",
    "delivery_letter_code": "CTP-019",
    "receipt_date": "2024-02-18",
    "processor": null,
    "ram_size": null,
    "hdd1_capacity": null,
    "hdd2_capacity": null,
    "operating_system": null,
    "os_version": null,
    "screen_size": null,
    "resolution": null,
    "refresh_rate": null,
    "panel_type": null,
    "vesa_mount": false,
    "built_in_speakers": false,
    "printer_type": null,
    "connection_type": null,
    "printer_department": null,
    "printer_responsible": null,
    "paper_size_support": null,
    "duplex_printing": false,
    "toner_cartridge_model": null,
    "ups_capacity": null,
    "ups_battery_count": null,
    "ups_battery_life": null,
    "ups_battery_replacement_date": null,
    "ups_manufacturer": null
  }
},
{
  "model": "inventory.itasset",
  "pk": 135,
  "fields": {
    "name": "Canon mf453dw",
    "asset_type": 6,
    "serial_number": "3ZJ23511",
    "model": "mf453dw",
    "manufacturer": "Canon",
    "owner": 2,
    "purchase_date": "2024-01-31",
    "warranty_expiry": "2027-01-31",
    "status": "assigned",
    "assigned_to": 152,
    "outlet": 2,
    "notes": "",
    "mac_address_wifi": "00:00:00:00:00:06",
    "mac_address_ethernet": "00:00:00:00:00:06",
    "ip_address": "",
    "delivery_letter_code": "CTP-020",
    "receipt_date": "2024-02-19",
    "processor": null,
    "ram_size": null,
    "hdd1_capacity": null,
    "hdd2_capacity": null,
    "operating_system": null,
    "os_version": null,
    "screen_size": null,
    "resolution": null,
    "refresh_rate": null,
    "panel_type": null,
    "vesa_mount": false,
    "built_in_speakers": false,
    "printer_type": null,
    "connection_type": null,
    "printer_department": null,
    "printer_responsible": null,
    "paper_size_support": null,
    "duplex_printing": false,
    "toner_cartridge_model": null,
    "ups_capacity": null,
    "ups_battery_count": null,
    "ups_battery_life": null,
    "ups_battery_replacement_date": null,
    "ups_manufacturer": null
  }
},
{
  "model": "inventory.itasset",
  "pk": 136,
  "fields": {
    "name": "CTP-HR-PC-03",
    "asset_type": 2,
    "serial_number": "MXL83229BP",
    "model": "HP ProDesk 400 G4 SFF",
    "manufacturer": "Hp",
    "owner": 3,
    "purchase_date": "2024-01-27",
    "warranty_expiry": "2027-01-31",
    "status": "assigned",
    "assigned_to": 133,
    "outlet": null,
    "notes": "",
    "mac_address_wifi": "00:00:00:00:00:07",
    "mac_address_ethernet": "10:E7:C6:B2:9E:2A",
    "ip_address": "",
    "delivery_letter_code": "EGYA-01",
    "receipt_date": "2024-02-20",
    "processor": null,
    "ram_size": null,
    "hdd1_capacity": null,
    "hdd2_capacity": null,
    "operating_system": null,
    "os_version": null,
    "screen_size": null,
    "resolution": null,
    "refresh_rate": null,
    "panel_type": null,
    "vesa_mount": false,
    "built_in_speakers": false,
    "printer_type": null,
    "connection_type": null,
    "printer_department": null,
    "printer_responsible": null,
    "paper_size_support": null,
    "duplex_printing": false,
    "toner_cartridge_model": null,
    "ups_capacity": null,
    "ups_battery_count": null,
    "ups_battery_life": null,
    "ups_battery_replacement_date": null,
    "ups_manufacturer": null
  }
},
{
  "model": "inventory.itasset",
  "pk": 137,
  "fields": {
    "name": "CTP-PROD-03",
    "asset_type": 2,
    "serial_number": "MXL8291TWH",
    "model": "HP ProDesk 400 G4 SFF",
    "manufacturer": "Hp",
    "owner": 3,
    "purchase_date": "2024-01-28",
    "warranty_expiry": "2027-01-31",
    "status": "assigned",
    "assigned_to": 134,
    "outlet": null,
    "notes": "",
    "mac_address_wifi": "00:00:00:00:00:08",
    "mac_address_ethernet": "10:E7:C6:B0:24:E6",
    "ip_address": "",
    "delivery_letter_code": "EGYA-02",
    "receipt_date": "2024-02-21",
    "processor": null,
    "ram_size": null,
    "hdd1_capacity": null,
    "hdd2_capacity": null,
    "operating_system": null,
    "os_version": null,
    "screen_size": null,
    "resolution": null,
    "refresh_rate": null,
    "panel_type": null,
    "vesa_mount": false,
    "built_in_speakers": false,
    "printer_type": null,
    "connection_type": null,
    "printer_department": null,
    "printer_responsible": null,
    "paper_size_support": null,
    "duplex_printing": false,
    "toner_cartridge_model": null,
    "ups_capacity": null,
    "ups_battery_count": null,
    "ups_battery_life": null,
    "ups_battery_replacement_date": null,
    "ups_manufacturer": null
  }
},
{
  "model": "inventory.itasset",
  "pk": 138,
  "fields": {
    "name": "CTP-WH-PC-01",
    "asset_type": 2,
    "serial_number": "MXL82913MH",
    "model": "HP ProDesk 400 G4 SFF",
    "manufacturer": "Hp",
    "owner": 3,
    "purchase_date": "2024-01-29",
    "warranty_expiry": "2027-01-31",
    "status": "assigned",
    "assigned_to": 135,
    "outlet": null,
    "notes": "",
    "mac_address_wifi": "0C:C6:55:63:1E:F4",
    "mac_address_ethernet": "10:E7:C6:B0:32:14",
    "ip_address": "",
    "delivery_letter_code": "EGYA-03",
    "receipt_date": "2024-02-22",
    "processor": null,
    "ram_size": null,
    "hdd1_capacity": null,
    "hdd2_capacity": null,
    "operating_system": null,
    "os_version": null,
    "screen_size": null,
    "resolution": null,
    "refresh_rate": null,
    "panel_type": null,
    "vesa_mount": false,
    "built_in_speakers": false,
    "printer_type": null,
    "connection_type": null,
    "printer_department": null,
    "printer_responsible": null,
    "paper_size_support": null,
    "duplex_printing": false,
    "toner_cartridge_model": null,
    "ups_capacity": null,
    "ups_battery_count": null,
    "ups_battery_life": null,
    "ups_battery_replacement_date": null,
    "ups_manufacturer": null
  }
},
{
  "model": "inventory.itasset",
  "pk": 139,
  "fields": {
    "name": "CTP-WH-PC-02",
    "asset_type": 2,
    "serial_number": "MXL8231LJR",
    "model": "HP ProDesk 400 G4 SFF",
    "manufacturer": "Hp",
    "owner": 3,
    "purchase_date": "2024-01-30",
    "warranty_expiry": "2027-01-31",
    "status": "assigned",
    "assigned_to": 136,
    "outlet": null,
    "notes": "",
    "mac_address_wifi": "00:00:00:00:00:00",
    "mac_address_ethernet": "00:00:00:00:00:00",
    "ip_address": "",
    "delivery_letter_code": "EGYA-04",
    "receipt_date": "2024-02-23",
    "processor": null,
    "ram_size": null,
    "hdd1_capacity": null,
    "hdd2_capacity": null,
    "operating_system": null,
    "os_version": null,
    "screen_size": null,
    "resolution": null,
    "refresh_rate": null,
    "panel_type": null,
    "vesa_mount": false,
    "built_in_speakers": false,
    "printer_type": null,
    "connection_type": null,
    "printer_department": null,
    "printer_responsible": null,
    "paper_size_support": null,
    "duplex_printing": false,
    "toner_cartridge_model": null,
    "ups_capacity": null,
    "ups_battery_count": null,
    "ups_battery_life": null,
    "ups_battery_replacement_date": null,
    "ups_manufacturer": null
  }
},
{
  "model": "inventory.itasset",
  "pk": 140,
  "fields": {
    "name": "CTP-PROD-04",
    "asset_type": 2,
    "serial_number": "MXL8371P58",
    "model": "HP ProDesk 400 G4 SFF",
    "manufacturer": "Hp",
    "owner": 3,
    "purchase_date": "2024-01-31",
    "warranty_expiry": "2027-01-31",
    "status": "available",
    "assigned_to": null,
    "outlet": null,
    "notes": "",
    "mac_address_wifi": "00:07:26:8F:37:E3",
    "mac_address_ethernet": "10:E7:C6:B7:F7:A0",
    "ip_address": "",
    "delivery_letter_code": "EGYA-05",
    "receipt_date": "2024-02-24",
    "processor": "12th Gen Intel(R) Core(TM) i5-1235U",
    "ram_size": "16GB ddr4",
    "hdd1_capacity": "500GB HDD",
    "hdd2_capacity": null,
    "operating_system": "Windows 10",
    "os_version": "21H2",
    "screen_size": null,
    "resolution": null,
    "refresh_rate": null,
    "panel_type": null,
    "vesa_mount": false,
    "built_in_speakers": false,
    "printer_type": null,
    "connection_type": null,
    "printer_department": null,
    "printer_responsible": null,
    "paper_size_support": null,
    "duplex_printing": false,
    "toner_cartridge_model": null,
    "ups_capacity": null,
    "ups_battery_count": null,
    "ups_battery_life": null,
    "ups_battery_replacement_date": null,
    "ups_manufacturer": null
  }
},
{
  "model": "inventory.itasset",
  "pk": 141,
  "fields": {
    "name": "CTP-WH-PC-02",
    "asset_type": 2,
    "serial_number": "MXL8302M7F",
    "model": "HP ProDesk 400 G4 SFF",
    "manufacturer": "Hp",
    "owner": 3,
    "purchase_date": "2024-02-01",
    "warranty_expiry": "2027-01-31",
    "status": "assigned",
    "assigned_to": null,
    "outlet": null,
    "notes": "",
    "mac_address_wifi": "E0:1C:FC:AE:3F:87",
    "mac_address_ethernet": "10:E7:C6:AE:AF:35",
    "ip_address": "",
    "delivery_letter_code": "EGYA-06",
    "receipt_date": "2024-02-25",
    "processor": null,
    "ram_size": "8g dd3",
    "hdd1_capacity": null,
    "hdd2_capacity": null,
    "operating_system": null,
    "os_version": null,
    "screen_size": null,
    "resolution": null,
    "refresh_rate": null,
    "panel_type": null,
    "vesa_mount": false,
    "built_in_speakers": false,
    "printer_type": null,
    "connection_type": null,
    "printer_department": null,
    "printer_responsible": null,
    "paper_size_support": null,
    "duplex_printing": false,
    "toner_cartridge_model": null,
    "ups_capacity": null,
    "ups_battery_count": null,
    "ups_battery_life": null,
    "ups_battery_replacement_date": null,
    "ups_manufacturer": null
  }
},
{
  "model": "inventory.itasset",
  "pk": 142,
  "fields": {
    "name": "CTP-WH-PC-03",
    "asset_type": 2,
    "serial_number": "MXL8302MD5",
    "model": "HP ProDesk 400 G4 SFF",
    "manufacturer": "Hp",
    "owner": 3,
    "purchase_date": "2024-02-02",
    "warranty_expiry": "2027-01-31",
    "status": "available",
    "assigned_to": null,
    "outlet": null,
    "notes": "",
    "mac_address_wifi": "00:00:00:00:00:00",
    "mac_address_ethernet": "00:00:00:00:00:00",
    "ip_address": "",
    "delivery_letter_code": "EGYA-07",
    "receipt_date": "2024-02-26",
    "processor": null,
    "ram_size": null,
    "hdd1_capacity": null,
    "hdd2_capacity": null,
    "operating_system": null,
    "os_version": null,
    "screen_size": null,
    "resolution": null,
    "refresh_rate": null,
    "panel_type": null,
    "vesa_mount": false,
    "built_in_speakers": false,
    "printer_type": null,
    "connection_type": null,
    "printer_department": null,
    "printer_responsible": null,
    "paper_size_support": null,
    "duplex_printing": false,
    "toner_cartridge_model": null,
    "ups_capacity": null,
    "ups_battery_count": null,
    "ups_battery_life": null,
    "ups_battery_replacement_date": null,
    "ups_manufacturer": null
  }
},
{
  "model": "inventory.itasset",
  "pk": 143,
  "fields": {
    "name": "CTP-WH-PC-04",
    "asset_type": 2,
    "serial_number": "MXL8331FNT",
    "model": "HP ProDesk 400 G4 SFF",
    "manufacturer": "Hp",
    "owner": 3,
    "purchase_date": "2024-02-03",
    "warranty_expiry": "2027-01-31",
    "status": "available",
    "assigned_to": null,
    "outlet": null,
    "notes": "",
    "mac_address_wifi": "00:00:00:00:00:00",
    "mac_address_ethernet": "00:00:00:00:00:00",
    "ip_address": "",
    "delivery_letter_code": "EGYA-08",
    "receipt_date": "2024-02-27",
    "processor": null,
    "ram_size": null,
    "hdd1_capacity": null,
    "hdd2_capacity": null,
    "operating_system": null,
    "os_version": null,
    "screen_size": null,
    "resolution": null,
    "refresh_rate": null,
    "panel_type": null,
    "vesa_mount": false,
    "built_in_speakers": false,
    "printer_type": null,
    "connection_type": null,
    "printer_department": null,
    "printer_responsible": null,
    "paper_size_support": null,
    "duplex_printing": false,
    "toner_cartridge_model": null,
    "ups_capacity": null,
    "ups_battery_count": null,
    "ups_battery_life": null,
    "ups_battery_replacement_date": null,
    "ups_manufacturer": null
  }
},
{
  "model": "inventory.itasset",
  "pk": 144,
  "fields": {
    "name": "CTP-WH-PC-05",
    "asset_type": 2,
    "serial_number": "MXL83428CT",
    "model": "HP ProDesk 400 G4 SFF",
    "manufacturer": "Hp",
    "owner": 3,
    "purchase_date": "2024-02-04",
    "warranty_expiry": "2027-01-31",
    "status": "assigned",
    "assigned_to": null,
    "outlet": null,
    "notes": "",
    "mac_address_wifi": "00:00:00:00:00:00",
    "mac_address_ethernet": "00:00:00:00:00:00",
    "ip_address": "",
    "delivery_letter_code": "EGYA-09",
    "receipt_date": "2024-02-28",
    "processor": null,
    "ram_size": null,
    "hdd1_capacity": null,
    "hdd2_capacity": null,
    "operating_system": null,
    "os_version": null,
    "screen_size": null,
    "resolution": null,
    "refresh_rate": null,
    "panel_type": null,
    "vesa_mount": false,
    "built_in_speakers": false,
    "printer_type": null,
    "connection_type": null,
    "printer_department": null,
    "printer_responsible": null,
    "paper_size_support": null,
    "duplex_printing": false,
    "toner_cartridge_model": null,
    "ups_capacity": null,
    "ups_battery_count": null,
    "ups_battery_life": null,
    "ups_battery_replacement_date": null,
    "ups_manufacturer": null
  }
},
{
  "model": "inventory.itasset",
  "pk": 145,
  "fields": {
    "name": "CTP-WH-PC-06",
    "asset_type": 2,
    "serial_number": "MXL8221PB8",
    "model": "HP ProDesk 400 G4 SFF",
    "manufacturer": "Hp",
    "owner": 3,
    "purchase_date": "2024-02-05",
    "warranty_expiry": "2027-01-31",
    "status": "available",
    "assigned_to": null,
    "outlet": null,
    "notes": "",
    "mac_address_wifi": "00:00:00:00:00:00",
    "mac_address_ethernet": "00:00:00:00:00:00",
    "ip_address": "",
    "delivery_letter_code": "EGYA-10",
    "receipt_date": "2024-02-29",
    "processor": null,
    "ram_size": null,
    "hdd1_capacity": null,
    "hdd2_capacity": null,
    "operating_system": null,
    "os_version": null,
    "screen_size": null,
    "resolution": null,
    "refresh_rate": null,
    "panel_type": null,
    "vesa_mount": false,
    "built_in_speakers": false,
    "printer_type": null,
    "connection_type": null,
    "printer_department": null,
    "printer_responsible": null,
    "paper_size_support": null,
    "duplex_printing": false,
    "toner_cartridge_model": null,
    "ups_capacity": null,
    "ups_battery_count": null,
    "ups_battery_life": null,
    "ups_battery_replacement_date": null,
    "ups_manufacturer": null
  }
},
{
  "model": "inventory.itasset",
  "pk": 146,
  "fields": {
    "name": "CTP-WH-PC-07",
    "asset_type": 2,
    "serial_number": "MXL8302M5M",
    "model": "HP ProDesk 400 G4 SFF",
    "manufacturer": "Hp",
    "owner": 3,
    "purchase_date": "2024-02-06",
    "warranty_expiry": "2027-01-31",
    "status": "available",
    "assigned_to": null,
    "outlet": null,
    "notes": "",
    "mac_address_wifi": "00:00:00:00:00:00",
    "mac_address_ethernet": "00:00:00:00:00:00",
    "ip_address": "",
    "delivery_letter_code": "EGYA-11",
    "receipt_date": "2024-03-01",
    "processor": null,
    "ram_size": null,
    "hdd1_capacity": null,
    "hdd2_capacity": null,
    "operating_system": null,
    "os_version": null,
    "screen_size": null,
    "resolution": null,
    "refresh_rate": null,
    "panel_type": null,
    "vesa_mount": false,
    "built_in_speakers": false,
    "printer_type": null,
    "connection_type": null,
    "printer_department": null,
    "printer_responsible": null,
    "paper_size_support": null,
    "duplex_printing": false,
    "toner_cartridge_model": null,
    "ups_capacity": null,
    "ups_battery_count": null,
    "ups_battery_life": null,
    "ups_battery_replacement_date": null,
    "ups_manufacturer": null
  }
},
{
  "model": "inventory.itasset",
  "pk": 147,
  "fields": {
    "name": "CTP-WH-PC-08",
    "asset_type": 2,
    "serial_number": "MXL836203K",
    "model": "HP ProDesk 400 G4 SFF",
    "manufacturer": "Hp",
    "owner": 3,
    "purchase_date": "2024-02-07",
    "warranty_expiry": "2027-01-31",
    "status": "available",
    "assigned_to": null,
    "outlet": null,
    "notes": "",
    "mac_address_wifi": "00:00:00:00:00:00",
    "mac_address_ethernet": "00:00:00:00:00:00",
    "ip_address": "",
    "delivery_letter_code": "EGYA-12",
    "receipt_date": "2024-03-02",
    "processor": null,
    "ram_size": null,
    "hdd1_capacity": null,
    "hdd2_capacity": null,
    "operating_system": null,
    "os_version": null,
    "screen_size": null,
    "resolution": null,
    "refresh_rate": null,
    "panel_type": null,
    "vesa_mount": false,
    "built_in_speakers": false,
    "printer_type": null,
    "connection_type": null,
    "printer_department": null,
    "printer_responsible": null,
    "paper_size_support": null,
    "duplex_printing": false,
    "toner_cartridge_model": null,
    "ups_capacity": null,
    "ups_battery_count": null,
    "ups_battery_life": null,
    "ups_battery_replacement_date": null,
    "ups_manufacturer": null
  }
},
{
  "model": "inventory.itasset",
  "pk": 148,
  "fields": {
    "name": "CTP-WH-PC-09",
    "asset_type": 2,
    "serial_number": "MXL8301WLY",
    "model": "HP ProDesk 400 G4 SFF",
    "manufacturer": "Hp",
    "owner": 3,
    "purchase_date": "2024-02-08",
    "warranty_expiry": "2027-01-31",
    "status": "available",
    "assigned_to": null,
    "outlet": null,
    "notes": "",
    "mac_address_wifi": "00:00:00:00:00:00",
    "mac_address_ethernet": "00:00:00:00:00:00",
    "ip_address": "",
    "delivery_letter_code": "EGYA-13",
    "receipt_date": "2024-03-03",
    "processor": null,
    "ram_size": null,
    "hdd1_capacity": null,
    "hdd2_capacity": null,
    "operating_system": null,
    "os_version": null,
    "screen_size": null,
    "resolution": null,
    "refresh_rate": null,
    "panel_type": null,
    "vesa_mount": false,
    "built_in_speakers": false,
    "printer_type": null,
    "connection_type": null,
    "printer_department": null,
    "printer_responsible": null,
    "paper_size_support": null,
    "duplex_printing": false,
    "toner_cartridge_model": null,
    "ups_capacity": null,
    "ups_battery_count": null,
    "ups_battery_life": null,
    "ups_battery_replacement_date": null,
    "ups_manufacturer": null
  }
},
{
  "model": "inventory.itasset",
  "pk": 149,
  "fields": {
    "name": "CTP-WH-PC-10",
    "asset_type": 2,
    "serial_number": "MXL8310TZ7",
    "model": "HP ProDesk 400 G4 SFF",
    "manufacturer": "Hp",
    "owner": 3,
    "purchase_date": "2024-02-09",
    "warranty_expiry": "2027-01-31",
    "status": "available",
    "assigned_to": null,
    "outlet": null,
    "notes": "",
    "mac_address_wifi": "00:00:00:00:00:00",
    "mac_address_ethernet": "00:00:00:00:00:00",
    "ip_address": "",
    "delivery_letter_code": "EGYA-14",
    "receipt_date": "2024-03-04",
    "processor": null,
    "ram_size": null,
    "hdd1_capacity": null,
    "hdd2_capacity": null,
    "operating_system": null,
    "os_version": null,
    "screen_size": null,
    "resolution": null,
    "refresh_rate": null,
    "panel_type": null,
    "vesa_mount": false,
    "built_in_speakers": false,
    "printer_type": null,
    "connection_type": null,
    "printer_department": null,
    "printer_responsible": null,
    "paper_size_support": null,
    "duplex_printing": false,
    "toner_cartridge_model": null,
    "ups_capacity": null,
    "ups_battery_count": null,
    "ups_battery_life": null,
    "ups_battery_replacement_date": null,
    "ups_manufacturer": null
  }
},
{
  "model": "inventory.itasset",
  "pk": 150,
  "fields": {
    "name": "CTP-WH-PC-11",
    "asset_type": 2,
    "serial_number": "MXL8302MC4",
    "model": "HP ProDesk 400 G4 SFF",
    "manufacturer": "Hp",
    "owner": 3,
    "purchase_date": "2024-02-10",
    "warranty_expiry": "2027-01-31",
    "status": "available",
    "assigned_to": null,
    "outlet": null,
    "notes": "",
    "mac_address_wifi": "00:00:00:00:00:00",
    "mac_address_ethernet": "00:00:00:00:00:00",
    "ip_address": "",
    "delivery_letter_code": "EGYA-15",
    "receipt_date": "2024-03-05",
    "processor": null,
    "ram_size": null,
    "hdd1_capacity": null,
    "hdd2_capacity": null,
    "operating_system": null,
    "os_version": null,
    "screen_size": null,
    "resolution": null,
    "refresh_rate": null,
    "panel_type": null,
    "vesa_mount": false,
    "built_in_speakers": false,
    "printer_type": null,
    "connection_type": null,
    "printer_department": null,
    "printer_responsible": null,
    "paper_size_support": null,
    "duplex_printing": false,
    "toner_cartridge_model": null,
    "ups_capacity": null,
    "ups_battery_count": null,
    "ups_battery_life": null,
    "ups_battery_replacement_date": null,
    "ups_manufacturer": null
  }
},
{
  "model": "inventory.itasset",
  "pk": 151,
  "fields": {
    "name": "CTP-WH-PC-12",
    "asset_type": 2,
    "serial_number": "MXL8310TV",
    "model": "HP ProDesk 400 G4 SFF",
    "manufacturer": "Hp",
    "owner": 3,
    "purchase_date": "2024-02-11",
    "warranty_expiry": "2027-01-31",
    "status": "available",
    "assigned_to": null,
    "outlet": null,
    "notes": "",
    "mac_address_wifi": "00:00:00:00:00:00",
    "mac_address_ethernet": "00:00:00:00:00:00",
    "ip_address": "",
    "delivery_letter_code": "EGYA-16",
    "receipt_date": "2024-03-06",
    "processor": null,
    "ram_size": null,
    "hdd1_capacity": null,
    "hdd2_capacity": null,
    "operating_system": null,
    "os_version": null,
    "screen_size": null,
    "resolution": null,
    "refresh_rate": null,
    "panel_type": null,
    "vesa_mount": false,
    "built_in_speakers": false,
    "printer_type": null,
    "connection_type": null,
    "printer_department": null,
    "printer_responsible": null,
    "paper_size_support": null,
    "duplex_printing": false,
    "toner_cartridge_model": null,
    "ups_capacity": null,
    "ups_battery_count": null,
    "ups_battery_life": null,
    "ups_battery_replacement_date": null,
    "ups_manufacturer": null
  }
},
{
  "model": "inventory.itasset",
  "pk": 152,
  "fields": {
    "name": "CTP-WH-PC-13",
    "asset_type": 2,
    "serial_number": "MXL82921H7",
    "model": "HP ProDesk 400 G4 SFF",
    "manufacturer": "Hp",
    "owner": 3,
    "purchase_date": "2024-02-12",
    "warranty_expiry": "2027-01-31",
    "status": "available",
    "assigned_to": null,
    "outlet": null,
    "notes": "",
    "mac_address_wifi": "00:00:00:00:00:00",
    "mac_address_ethernet": "00:00:00:00:00:00",
    "ip_address": "",
    "delivery_letter_code": "EGYA-17",
    "receipt_date": "2024-03-07",
    "processor": null,
    "ram_size": null,
    "hdd1_capacity": null,
    "hdd2_capacity": null,
    "operating_system": null,
    "os_version": null,
    "screen_size": null,
    "resolution": null,
    "refresh_rate": null,
    "panel_type": null,
    "vesa_mount": false,
    "built_in_speakers": false,
    "printer_type": null,
    "connection_type": null,
    "printer_department": null,
    "printer_responsible": null,
    "paper_size_support": null,
    "duplex_printing": false,
    "toner_cartridge_model": null,
    "ups_capacity": null,
    "ups_battery_count": null,
    "ups_battery_life": null,
    "ups_battery_replacement_date": null,
    "ups_manufacturer": null
  }
},
{
  "model": "inventory.itasset",
  "pk": 153,
  "fields": {
    "name": "CTP-WH-PC-14",
    "asset_type": 2,
    "serial_number": "2UA7481M2D",
    "model": "HP ProDesk 400 G4 SFF",
    "manufacturer": "Hp",
    "owner": 3,
    "purchase_date": "2024-02-13",
    "warranty_expiry": "2027-01-31",
    "status": "assigned",
    "assigned_to": 150,
    "outlet": null,
    "notes": "",
    "mac_address_wifi": "00:00:00:00:00:00",
    "mac_address_ethernet": "00:00:00:00:00:00",
    "ip_address": "",
    "delivery_letter_code": "EGYA-18",
    "receipt_date": null,
    "processor": "6th Gen Intel(R) Core(TM) i5-6500",
    "ram_size": "8GB ddr3",
    "hdd1_capacity": "512GB ssd",
    "hdd2_capacity": "500GB  hdd",
    "operating_system": "Windows 10",
    "os_version": "21H2",
    "screen_size": null,
    "resolution": null,
    "refresh_rate": null,
    "panel_type": null,
    "vesa_mount": false,
    "built_in_speakers": false,
    "printer_type": null,
    "connection_type": null,
    "printer_department": null,
    "printer_responsible": null,
    "paper_size_support": null,
    "duplex_printing": false,
    "toner_cartridge_model": null,
    "ups_capacity": null,
    "ups_battery_count": null,
    "ups_battery_life": null,
    "ups_battery_replacement_date": null,
    "ups_manufacturer": null
  }
},
{
  "model": "inventory.itasset",
  "pk": 154,
  "fields": {
    "name": "CTP-WH-PC-15",
    "asset_type": 2,
    "serial_number": "AUD6110GK4",
    "model": "HP ProDesk 400 G4 SFF",
    "manufacturer": "Hp",
    "owner": 3,
    "purchase_date": "2024-02-14",
    "warranty_expiry": "2027-01-31",
    "status": "available",
    "assigned_to": null,
    "outlet": null,
    "notes": "",
    "mac_address_wifi": "00:00:00:00:00:00",
    "mac_address_ethernet": "00:00:00:00:00:00",
    "ip_address": "",
    "delivery_letter_code": "EGYA-19",
    "receipt_date": "2024-03-09",
    "processor": null,
    "ram_size": null,
    "hdd1_capacity": null,
    "hdd2_capacity": null,
    "operating_system": null,
    "os_version": null,
    "screen_size": null,
    "resolution": null,
    "refresh_rate": null,
    "panel_type": null,
    "vesa_mount": false,
    "built_in_speakers": false,
    "printer_type": null,
    "connection_type": null,
    "printer_department": null,
    "printer_responsible": null,
    "paper_size_support": null,
    "duplex_printing": false,
    "toner_cartridge_model": null,
    "ups_capacity": null,
    "ups_battery_count": null,
    "ups_battery_life": null,
    "ups_battery_replacement_date": null,
    "ups_manufacturer": null
  }
},
{
  "model": "inventory.itasset",
  "pk": 155,
  "fields": {
    "name": "CTP-WH-PC-16",
    "asset_type": 2,
    "serial_number": "2UA6342NXJ",
    "model": "HP ProDesk 400 G4 SFF",
    "manufacturer": "Hp",
    "owner": 3,
    "purchase_date": "2024-02-15",
    "warranty_expiry": "2027-01-31",
    "status": "available",
    "assigned_to": null,
    "outlet": null,
    "notes": "",
    "mac_address_wifi": "00:00:00:00:00:00",
    "mac_address_ethernet": "00:00:00:00:00:00",
    "ip_address": "",
    "delivery_letter_code": "EGYA-20",
    "receipt_date": "2024-03-10",
    "processor": null,
    "ram_size": null,
    "hdd1_capacity": null,
    "hdd2_capacity": null,
    "operating_system": null,
    "os_version": null,
    "screen_size": null,
    "resolution": null,
    "refresh_rate": null,
    "panel_type": null,
    "vesa_mount": false,
    "built_in_speakers": false,
    "printer_type": null,
    "connection_type": null,
    "printer_department": null,
    "printer_responsible": null,
    "paper_size_support": null,
    "duplex_printing": false,
    "toner_cartridge_model": null,
    "ups_capacity": null,
    "ups_battery_count": null,
    "ups_battery_life": null,
    "ups_battery_replacement_date": null,
    "ups_manufacturer": null
  }
},
{
  "model": "inventory.itasset",
  "pk": 156,
  "fields": {
    "name": "backpage laptop",
    "asset_type": 15,
    "serial_number": "EGY-001",
    "model": "EGY",
    "manufacturer": "EGY",
    "owner": 2,
    "purchase_date": "2025-03-01",
    "warranty_expiry": null,
    "status": "available",
    "assigned_to": null,
    "outlet": null,
    "notes": "",
    "mac_address_wifi": "",
    "mac_address_ethernet": "",
    "ip_address": "",
    "delivery_letter_code": "",
    "receipt_date": null,
    "processor": null,
    "ram_size": null,
    "hdd1_capacity": null,
    "hdd2_capacity": null,
    "operating_system": null,
    "os_version": null,
    "screen_size": null,
    "resolution": null,
    "refresh_rate": null,
    "panel_type": null,
    "vesa_mount": false,
    "built_in_speakers": false,
    "printer_type": null,
    "connection_type": null,
    "printer_department": null,
    "printer_responsible": null,
    "paper_size_support": null,
    "duplex_printing": false,
    "toner_cartridge_model": null,
    "ups_capacity": null,
    "ups_battery_count": null,
    "ups_battery_life": null,
    "ups_battery_replacement_date": null,
    "ups_manufacturer": null
  }
},
{
  "model": "inventory.itasset",
  "pk": 169,
  "fields": {
    "name": "TONER",
    "asset_type": 30,
    "serial_number": "Toner-057-0010",
    "model": "cartidge 057-Canon",
    "manufacturer": "Canon",
    "owner": 2,
    "purchase_date": "2025-05-22",
    "warranty_expiry": null,
    "status": "available",
    "assigned_to": null,
    "outlet": null,
    "notes": "",
    "mac_address_wifi": "",
    "mac_address_ethernet": "",
    "ip_address": "",
    "delivery_letter_code": "",
    "receipt_date": null,
    "processor": null,
    "ram_size": null,
    "hdd1_capacity": null,
    "hdd2_capacity": null,
    "operating_system": null,
    "os_version": null,
    "screen_size": null,
    "resolution": null,
    "refresh_rate": null,
    "panel_type": null,
    "vesa_mount": false,
    "built_in_speakers": false,
    "printer_type": null,
    "connection_type": null,
    "printer_department": null,
    "printer_responsible": null,
    "paper_size_support": null,
    "duplex_printing": false,
    "toner_cartridge_model": null,
    "ups_capacity": null,
    "ups_battery_count": null,
    "ups_battery_life": null,
    "ups_battery_replacement_date": null,
    "ups_manufacturer": null
  }
},
{
  "model": "inventory.itasset",
  "pk": 170,
  "fields": {
    "name": "Finance-Printer",
    "asset_type": 6,
    "serial_number": "3ZJ13663",
    "model": "Canon MF-453dw",
    "manufacturer": "Canon",
    "owner": 2,
    "purchase_date": "2024-12-01",
    "warranty_expiry": null,
    "status": "assigned",
    "assigned_to": 108,
    "outlet": null,
    "notes": "",
    "mac_address_wifi": "80:A5:89:FA:B2:A8",
    "mac_address_ethernet": "",
    "ip_address": "192.168.20.103",
    "delivery_letter_code": "CTP-0021",
    "receipt_date": "2024-08-01",
    "processor": null,
    "ram_size": null,
    "hdd1_capacity": null,
    "hdd2_capacity": null,
    "operating_system": null,
    "os_version": null,
    "screen_size": null,
    "resolution": null,
    "refresh_rate": null,
    "panel_type": null,
    "vesa_mount": false,
    "built_in_speakers": false,
    "printer_type": null,
    "connection_type": null,
    "printer_department": null,
    "printer_responsible": null,
    "paper_size_support": null,
    "duplex_printing": false,
    "toner_cartridge_model": null,
    "ups_capacity": null,
    "ups_battery_count": null,
    "ups_battery_life": null,
    "ups_battery_replacement_date": null,
    "ups_manufacturer": null
  }
},
{
  "model": "inventory.itasset",
  "pk": 171,
  "fields": {
    "name": "ZKT-HR",
    "asset_type": 23,
    "serial_number": "AEH22201560048",
    "model": "ZKTeco A6",
    "manufacturer": "Zk",
    "owner": 4,
    "purchase_date": "2024-07-01",
    "warranty_expiry": null,
    "status": "assigned",
    "assigned_to": 110,
    "outlet": null,
    "notes": "",
    "mac_address_wifi": "",
    "mac_address_ethernet": "",
    "ip_address": "",
    "delivery_letter_code": "ACD-0012",
    "receipt_date": null,
    "processor": null,
    "ram_size": null,
    "hdd1_capacity": null,
    "hdd2_capacity": null,
    "operating_system": null,
    "os_version": null,
    "screen_size": null,
    "resolution": null,
    "refresh_rate": null,
    "panel_type": null,
    "vesa_mount": false,
    "built_in_speakers": false,
    "printer_type": null,
    "connection_type": null,
    "printer_department": null,
    "printer_responsible": null,
    "paper_size_support": null,
    "duplex_printing": false,
    "toner_cartridge_model": null,
    "ups_capacity": null,
    "ups_battery_count": null,
    "ups_battery_life": null,
    "ups_battery_replacement_date": null,
    "ups_manufacturer": null
  }
},
{
  "model": "inventory.itasset",
  "pk": 172,
  "fields": {
    "name": "ZKT-HR",
    "asset_type": 23,
    "serial_number": "AEH2221560001",
    "model": "ZKTeco A6",
    "manufacturer": "ZK",
    "owner": 2,
    "purchase_date": "2024-07-01",
    "warranty_expiry": null,
    "status": "assigned",
    "assigned_to": 122,
    "outlet": null,
    "notes": "",
    "mac_address_wifi": "",
    "mac_address_ethernet": "",
    "ip_address": "",
    "delivery_letter_code": "ACD-0012",
    "receipt_date": null,
    "processor": null,
    "ram_size": null,
    "hdd1_capacity": null,
    "hdd2_capacity": null,
    "operating_system": null,
    "os_version": null,
    "screen_size": null,
    "resolution": null,
    "refresh_rate": null,
    "panel_type": null,
    "vesa_mount": false,
    "built_in_speakers": false,
    "printer_type": null,
    "connection_type": null,
    "printer_department": null,
    "printer_responsible": null,
    "paper_size_support": null,
    "duplex_printing": false,
    "toner_cartridge_model": null,
    "ups_capacity": null,
    "ups_battery_count": null,
    "ups_battery_life": null,
    "ups_battery_replacement_date": null,
    "ups_manufacturer": null
  }
},
{
  "model": "inventory.itasset",
  "pk": 173,
  "fields": {
    "name": "Switch Cisco 24",
    "asset_type": 10,
    "serial_number": "FOC2641YH96",
    "model": "Cisco CBS350-24P-4G",
    "manufacturer": "Cisco",
    "owner": 2,
    "purchase_date": "2024-09-01",
    "warranty_expiry": null,
    "status": "retired",
    "assigned_to": null,
    "outlet": null,
    "notes": "",
    "mac_address_wifi": "",
    "mac_address_ethernet": "",
    "ip_address": "",
    "delivery_letter_code": "CTP-0022",
    "receipt_date": "2024-08-01",
    "processor": null,
    "ram_size": null,
    "hdd1_capacity": null,
    "hdd2_capacity": null,
    "operating_system": null,
    "os_version": null,
    "screen_size": null,
    "resolution": null,
    "refresh_rate": null,
    "panel_type": null,
    "vesa_mount": false,
    "built_in_speakers": false,
    "printer_type": null,
    "connection_type": null,
    "printer_department": null,
    "printer_responsible": null,
    "paper_size_support": null,
    "duplex_printing": false,
    "toner_cartridge_model": null,
    "ups_capacity": null,
    "ups_battery_count": null,
    "ups_battery_life": null,
    "ups_battery_replacement_date": null,
    "ups_manufacturer": null
  }
},
{
  "model": "inventory.itasset",
  "pk": 174,
  "fields": {
    "name": "aruba switch",
    "asset_type": 10,
    "serial_number": "CN06KPG1QC",
    "model": "Cisco CBS350-24P-4G",
    "manufacturer": "Cisco",
    "owner": 1,
    "purchase_date": "2024-09-01",
    "warranty_expiry": null,
    "status": "assigned",
    "assigned_to": null,
    "outlet": null,
    "notes": "",
    "mac_address_wifi": "",
    "mac_address_ethernet": "B8:D4:E7:EC:0E:86",
    "ip_address": "192.168.20.10",
    "delivery_letter_code": "Aman-001",
    "receipt_date": "2024-08-01",
    "processor": null,
    "ram_size": null,
    "hdd1_capacity": null,
    "hdd2_capacity": null,
    "operating_system": null,
    "os_version": null,
    "screen_size": null,
    "resolution": null,
    "refresh_rate": null,
    "panel_type": null,
    "vesa_mount": false,
    "built_in_speakers": false,
    "printer_type": null,
    "connection_type": null,
    "printer_department": null,
    "printer_responsible": null,
    "paper_size_support": null,
    "duplex_printing": false,
    "toner_cartridge_model": null,
    "ups_capacity": null,
    "ups_battery_count": null,
    "ups_battery_life": null,
    "ups_battery_replacement_date": null,
    "ups_manufacturer": null
  }
},
{
  "model": "inventory.itasset",
  "pk": 175,
  "fields": {
    "name": "CTP-FW - 22 -port",
    "asset_type": 9,
    "serial_number": "FG100FTK23009738",
    "model": "FortiGate 100F",
    "manufacturer": "FortiGate",
    "owner": 2,
    "purchase_date": "2024-05-01",
    "warranty_expiry": "2028-01-01",
    "status": "assigned",
    "assigned_to": null,
    "outlet": null,
    "notes": "",
    "mac_address_wifi": "",
    "mac_address_ethernet": "84:39:8F:AB:64:6B",
    "ip_address": "192.168.20.1",
    "delivery_letter_code": "CTP-0022",
    "receipt_date": null,
    "processor": null,
    "ram_size": null,
    "hdd1_capacity": null,
    "hdd2_capacity": null,
    "operating_system": null,
    "os_version": null,
    "screen_size": null,
    "resolution": null,
    "refresh_rate": null,
    "panel_type": null,
    "vesa_mount": false,
    "built_in_speakers": false,
    "printer_type": null,
    "connection_type": null,
    "printer_department": null,
    "printer_responsible": null,
    "paper_size_support": null,
    "duplex_printing": false,
    "toner_cartridge_model": null,
    "ups_capacity": null,
    "ups_battery_count": null,
    "ups_battery_life": null,
    "ups_battery_replacement_date": null,
    "ups_manufacturer": null
  }
},
{
  "model": "inventory.itasset",
  "pk": 176,
  "fields": {
    "name": "UPS-CTP",
    "asset_type": 7,
    "serial_number": "9S2213A00842",
    "model": "APC",
    "manufacturer": "Schneider Electric",
    "owner": 2,
    "purchase_date": "2024-12-01",
    "warranty_expiry": "2028-05-01",
    "status": "assigned",
    "assigned_to": null,
    "outlet": null,
    "notes": "",
    "mac_address_wifi": "",
    "mac_address_ethernet": "",
    "ip_address": "",
    "delivery_letter_code": "CTP-0023",
    "receipt_date": null,
    "processor": null,
    "ram_size": null,
    "hdd1_capacity": null,
    "hdd2_capacity": null,
    "operating_system": null,
    "os_version": null,
    "screen_size": null,
    "resolution": null,
    "refresh_rate": null,
    "panel_type": null,
    "vesa_mount": false,
    "built_in_speakers": false,
    "printer_type": null,
    "connection_type": null,
    "printer_department": null,
    "printer_responsible": null,
    "paper_size_support": null,
    "duplex_printing": false,
    "toner_cartridge_model": null,
    "ups_capacity": null,
    "ups_battery_count": null,
    "ups_battery_life": null,
    "ups_battery_replacement_date": null,
    "ups_manufacturer": null
  }
},
{
  "model": "inventory.itasset",
  "pk": 177,
  "fields": {
    "name": "Canon MF3010",
    "asset_type": 6,
    "serial_number": "YMA10724",
    "model": "Canon MF3010",
    "manufacturer": "Canon",
    "owner": 3,
    "purchase_date": "2023-09-01",
    "warranty_expiry": "2025-06-02",
    "status": "assigned",
    "assigned_to": null,
    "outlet": null,
    "notes": "",
    "mac_address_wifi": "80:A5:89:FE:C5:16",
    "mac_address_ethernet": "",
    "ip_address": "192.168.20.101",
    "delivery_letter_code": "EGY-21",
    "receipt_date": null,
    "processor": null,
    "ram_size": null,
    "hdd1_capacity": null,
    "hdd2_capacity": null,
    "operating_system": null,
    "os_version": null,
    "screen_size": null,
    "resolution": null,
    "refresh_rate": null,
    "panel_type": null,
    "vesa_mount": false,
    "built_in_speakers": false,
    "printer_type": null,
    "connection_type": null,
    "printer_department": null,
    "printer_responsible": null,
    "paper_size_support": null,
    "duplex_printing": false,
    "toner_cartridge_model": null,
    "ups_capacity": null,
    "ups_battery_count": null,
    "ups_battery_life": null,
    "ups_battery_replacement_date": null,
    "ups_manufacturer": null
  }
},
{
  "model": "inventory.itasset",
  "pk": 178,
  "fields": {
    "name": "Canon MF3010",
    "asset_type": 6,
    "serial_number": "YMA10699",
    "model": "Canon MF3010",
    "manufacturer": "Canon",
    "owner": 3,
    "purchase_date": "2023-09-01",
    "warranty_expiry": "2025-06-02",
    "status": "assigned",
    "assigned_to": null,
    "outlet": null,
    "notes": "",
    "mac_address_wifi": "80:A5:89:FE:C5:16",
    "mac_address_ethernet": "",
    "ip_address": "192.168.20.101",
    "delivery_letter_code": "EGY-22",
    "receipt_date": null,
    "processor": null,
    "ram_size": null,
    "hdd1_capacity": null,
    "hdd2_capacity": null,
    "operating_system": null,
    "os_version": null,
    "screen_size": null,
    "resolution": null,
    "refresh_rate": null,
    "panel_type": null,
    "vesa_mount": false,
    "built_in_speakers": false,
    "printer_type": null,
    "connection_type": null,
    "printer_department": null,
    "printer_responsible": null,
    "paper_size_support": null,
    "duplex_printing": false,
    "toner_cartridge_model": null,
    "ups_capacity": null,
    "ups_battery_count": null,
    "ups_battery_life": null,
    "ups_battery_replacement_date": null,
    "ups_manufacturer": null
  }
},
{
  "model": "inventory.itasset",
  "pk": 179,
  "fields": {
    "name": "Canon MF3010",
    "asset_type": 6,
    "serial_number": "YMA10224",
    "model": "Canon MF3010",
    "manufacturer": "Canon",
    "owner": 3,
    "purchase_date": "2023-09-01",
    "warranty_expiry": "2025-06-02",
    "status": "assigned",
    "assigned_to": 109,
    "outlet": null,
    "notes": "",
    "mac_address_wifi": "80:A5:89:FE:C5:16",
    "mac_address_ethernet": "",
    "ip_address": "192.168.20.101",
    "delivery_letter_code": "EGY-23",
    "receipt_date": null,
    "processor": null,
    "ram_size": null,
    "hdd1_capacity": null,
    "hdd2_capacity": null,
    "operating_system": null,
    "os_version": null,
    "screen_size": null,
    "resolution": null,
    "refresh_rate": null,
    "panel_type": null,
    "vesa_mount": false,
    "built_in_speakers": false,
    "printer_type": null,
    "connection_type": null,
    "printer_department": null,
    "printer_responsible": null,
    "paper_size_support": null,
    "duplex_printing": false,
    "toner_cartridge_model": null,
    "ups_capacity": null,
    "ups_battery_count": null,
    "ups_battery_life": null,
    "ups_battery_replacement_date": null,
    "ups_manufacturer": null
  }
},
{
  "model": "inventory.itasset",
  "pk": 180,
  "fields": {
    "name": "Canon MF3010",
    "asset_type": 6,
    "serial_number": "YNY125231",
    "model": "Canon MF3010",
    "manufacturer": "Canon",
    "owner": 4,
    "purchase_date": "2023-09-01",
    "warranty_expiry": "2025-06-02",
    "status": "assigned",
    "assigned_to": null,
    "outlet": null,
    "notes": "",
    "mac_address_wifi": "",
    "mac_address_ethernet": "",
    "ip_address": "",
    "delivery_letter_code": "ACD-012",
    "receipt_date": null,
    "processor": null,
    "ram_size": null,
    "hdd1_capacity": null,
    "hdd2_capacity": null,
    "operating_system": null,
    "os_version": null,
    "screen_size": null,
    "resolution": null,
    "refresh_rate": null,
    "panel_type": null,
    "vesa_mount": false,
    "built_in_speakers": false,
    "printer_type": null,
    "connection_type": null,
    "printer_department": null,
    "printer_responsible": null,
    "paper_size_support": null,
    "duplex_printing": false,
    "toner_cartridge_model": null,
    "ups_capacity": null,
    "ups_battery_count": null,
    "ups_battery_life": null,
    "ups_battery_replacement_date": null,
    "ups_manufacturer": null
  }
},
{
  "model": "inventory.itasset",
  "pk": 181,
  "fields": {
    "name": "Egy-Hr-lap-04",
    "asset_type": 1,
    "serial_number": "5CG5283WN9",
    "model": "HP ProBook 650 G1",
    "manufacturer": "HP",
    "owner": 3,
    "purchase_date": "2024-10-01",
    "warranty_expiry": null,
    "status": "assigned",
    "assigned_to": 122,
    "outlet": null,
    "notes": "",
    "mac_address_wifi": "",
    "mac_address_ethernet": "",
    "ip_address": "",
    "delivery_letter_code": "EGY-23",
    "receipt_date": null,
    "processor": null,
    "ram_size": null,
    "hdd1_capacity": null,
    "hdd2_capacity": null,
    "operating_system": null,
    "os_version": null,
    "screen_size": null,
    "resolution": null,
    "refresh_rate": null,
    "panel_type": null,
    "vesa_mount": false,
    "built_in_speakers": false,
    "printer_type": null,
    "connection_type": null,
    "printer_department": null,
    "printer_responsible": null,
    "paper_size_support": null,
    "duplex_printing": false,
    "toner_cartridge_model": null,
    "ups_capacity": null,
    "ups_battery_count": null,
    "ups_battery_life": null,
    "ups_battery_replacement_date": null,
    "ups_manufacturer": null
  }
},
{
  "model": "inventory.itasset",
  "pk": 182,
  "fields": {
    "name": "Network Video Recorder",
    "asset_type": 31,
    "serial_number": "DS-7732NI-K41620201215CCRRF28112717WCVU",
    "model": "DS-7732NI-K4",
    "manufacturer": "hikvision",
    "owner": 3,
    "purchase_date": "2024-12-01",
    "warranty_expiry": "2025-05-22",
    "status": "assigned",
    "assigned_to": null,
    "outlet": null,
    "notes": "",
    "mac_address_wifi": "",
    "mac_address_ethernet": "",
    "ip_address": "192.168.1.1",
    "delivery_letter_code": "EGY-24",
    "receipt_date": null,
    "processor": null,
    "ram_size": null,
    "hdd1_capacity": null,
    "hdd2_capacity": null,
    "operating_system": null,
    "os_version": null,
    "screen_size": null,
    "resolution": null,
    "refresh_rate": null,
    "panel_type": null,
    "vesa_mount": false,
    "built_in_speakers": false,
    "printer_type": null,
    "connection_type": null,
    "printer_department": null,
    "printer_responsible": null,
    "paper_size_support": null,
    "duplex_printing": false,
    "toner_cartridge_model": null,
    "ups_capacity": null,
    "ups_battery_count": null,
    "ups_battery_life": null,
    "ups_battery_replacement_date": null,
    "ups_manufacturer": null
  }
},
{
  "model": "inventory.itasset",
  "pk": 183,
  "fields": {
    "name": "cisco",
    "asset_type": 10,
    "serial_number": "12222222",
    "model": "cisco c3kx-nm-1g",
    "manufacturer": "Cisco",
    "owner": 3,
    "purchase_date": "2024-12-01",
    "warranty_expiry": "2025-05-22",
    "status": "assigned",
    "assigned_to": null,
    "outlet": null,
    "notes": "",
    "mac_address_wifi": "",
    "mac_address_ethernet": "",
    "ip_address": "",
    "delivery_letter_code": "EGY-25",
    "receipt_date": null,
    "processor": null,
    "ram_size": null,
    "hdd1_capacity": null,
    "hdd2_capacity": null,
    "operating_system": null,
    "os_version": null,
    "screen_size": null,
    "resolution": null,
    "refresh_rate": null,
    "panel_type": null,
    "vesa_mount": false,
    "built_in_speakers": false,
    "printer_type": null,
    "connection_type": null,
    "printer_department": null,
    "printer_responsible": null,
    "paper_size_support": null,
    "duplex_printing": false,
    "toner_cartridge_model": null,
    "ups_capacity": null,
    "ups_battery_count": null,
    "ups_battery_life": null,
    "ups_battery_replacement_date": null,
    "ups_manufacturer": null
  }
},
{
  "model": "inventory.itasset",
  "pk": 184,
  "fields": {
    "name": "Cisco-Routers",
    "asset_type": 17,
    "serial_number": "FJC9128E2JP",
    "model": "cisco1921",
    "manufacturer": "Cisco",
    "owner": 3,
    "purchase_date": "2024-12-01",
    "warranty_expiry": "2025-05-22",
    "status": "assigned",
    "assigned_to": null,
    "outlet": null,
    "notes": "",
    "mac_address_wifi": "",
    "mac_address_ethernet": "",
    "ip_address": "",
    "delivery_letter_code": "EGY-26",
    "receipt_date": null,
    "processor": null,
    "ram_size": null,
    "hdd1_capacity": null,
    "hdd2_capacity": null,
    "operating_system": null,
    "os_version": null,
    "screen_size": null,
    "resolution": null,
    "refresh_rate": null,
    "panel_type": null,
    "vesa_mount": false,
    "built_in_speakers": false,
    "printer_type": null,
    "connection_type": null,
    "printer_department": null,
    "printer_responsible": null,
    "paper_size_support": null,
    "duplex_printing": false,
    "toner_cartridge_model": null,
    "ups_capacity": null,
    "ups_battery_count": null,
    "ups_battery_life": null,
    "ups_battery_replacement_date": null,
    "ups_manufacturer": null
  }
},
{
  "model": "inventory.itasset",
  "pk": 185,
  "fields": {
    "name": "Egy-  -lap-",
    "asset_type": 1,
    "serial_number": "5CG426HD21",
    "model": "HP ProBook 650 G1",
    "manufacturer": "HP",
    "owner": 3,
    "purchase_date": "2024-10-01",
    "warranty_expiry": null,
    "status": "available",
    "assigned_to": null,
    "outlet": null,
    "notes": "",
    "mac_address_wifi": "",
    "mac_address_ethernet": "",
    "ip_address": "192.168.20.11",
    "delivery_letter_code": "EGY-26",
    "receipt_date": null,
    "processor": null,
    "ram_size": null,
    "hdd1_capacity": null,
    "hdd2_capacity": null,
    "operating_system": null,
    "os_version": null,
    "screen_size": null,
    "resolution": null,
    "refresh_rate": null,
    "panel_type": null,
    "vesa_mount": false,
    "built_in_speakers": false,
    "printer_type": null,
    "connection_type": null,
    "printer_department": null,
    "printer_responsible": null,
    "paper_size_support": null,
    "duplex_printing": false,
    "toner_cartridge_model": null,
    "ups_capacity": null,
    "ups_battery_count": null,
    "ups_battery_life": null,
    "ups_battery_replacement_date": null,
    "ups_manufacturer": null
  }
},
{
  "model": "inventory.itasset",
  "pk": 186,
  "fields": {
    "name": "Egy-  -lap-",
    "asset_type": 1,
    "serial_number": "5CG6011FTT",
    "model": "HP ProBook 650 G1",
    "manufacturer": "HP",
    "owner": 3,
    "purchase_date": "2024-10-01",
    "warranty_expiry": null,
    "status": "available",
    "assigned_to": null,
    "outlet": null,
    "notes": "",
    "mac_address_wifi": "",
    "mac_address_ethernet": "",
    "ip_address": "",
    "delivery_letter_code": "EGY-27",
    "receipt_date": null,
    "processor": null,
    "ram_size": null,
    "hdd1_capacity": null,
    "hdd2_capacity": null,
    "operating_system": null,
    "os_version": null,
    "screen_size": null,
    "resolution": null,
    "refresh_rate": null,
    "panel_type": null,
    "vesa_mount": false,
    "built_in_speakers": false,
    "printer_type": null,
    "connection_type": null,
    "printer_department": null,
    "printer_responsible": null,
    "paper_size_support": null,
    "duplex_printing": false,
    "toner_cartridge_model": null,
    "ups_capacity": null,
    "ups_battery_count": null,
    "ups_battery_life": null,
    "ups_battery_replacement_date": null,
    "ups_manufacturer": null
  }
},
{
  "model": "inventory.itasset",
  "pk": 187,
  "fields": {
    "name": "UniFi U6",
    "asset_type": 13,
    "serial_number": "UniFi-001",
    "model": "UniFi U6",
    "manufacturer": "UniFi",
    "owner": 2,
    "purchase_date": "2024-06-01",
    "warranty_expiry": "2025-06-28",
    "status": "assigned",
    "assigned_to": null,
    "outlet": null,
    "notes": "",
    "mac_address_wifi": "",
    "mac_address_ethernet": "60:22:32:EA:5C:FD",
    "ip_address": "192.168.20.7",
    "delivery_letter_code": "CTP-0024",
    "receipt_date": "2024-08-01",
    "processor": null,
    "ram_size": null,
    "hdd1_capacity": null,
    "hdd2_capacity": null,
    "operating_system": null,
    "os_version": null,
    "screen_size": null,
    "resolution": null,
    "refresh_rate": null,
    "panel_type": null,
    "vesa_mount": false,
    "built_in_speakers": false,
    "printer_type": null,
    "connection_type": null,
    "printer_department": null,
    "printer_responsible": null,
    "paper_size_support": null,
    "duplex_printing": false,
    "toner_cartridge_model": null,
    "ups_capacity": null,
    "ups_battery_count": null,
    "ups_battery_life": null,
    "ups_battery_replacement_date": null,
    "ups_manufacturer": null
  }
},
{
  "model": "inventory.itasset",
  "pk": 188,
  "fields": {
    "name": "UniFi U6",
    "asset_type": 13,
    "serial_number": "UniFi-002",
    "model": "UniFi U6",
    "manufacturer": "UniFi",
    "owner": 2,
    "purchase_date": "2024-06-01",
    "warranty_expiry": "2025-06-28",
    "status": "assigned",
    "assigned_to": null,
    "outlet": null,
    "notes": "",
    "mac_address_wifi": "",
    "mac_address_ethernet": "60:22:32:E9:EE:9C",
    "ip_address": "192.168.20.8",
    "delivery_letter_code": "CTP-0026",
    "receipt_date": "2024-08-01",
    "processor": null,
    "ram_size": null,
    "hdd1_capacity": null,
    "hdd2_capacity": null,
    "operating_system": null,
    "os_version": null,
    "screen_size": null,
    "resolution": null,
    "refresh_rate": null,
    "panel_type": null,
    "vesa_mount": false,
    "built_in_speakers": false,
    "printer_type": null,
    "connection_type": null,
    "printer_department": null,
    "printer_responsible": null,
    "paper_size_support": null,
    "duplex_printing": false,
    "toner_cartridge_model": null,
    "ups_capacity": null,
    "ups_battery_count": null,
    "ups_battery_life": null,
    "ups_battery_replacement_date": null,
    "ups_manufacturer": null
  }
},
{
  "model": "inventory.itasset",
  "pk": 189,
  "fields": {
    "name": "UniFi U6",
    "asset_type": 13,
    "serial_number": "UniFi-003",
    "model": "UniFi U6",
    "manufacturer": "UniFi",
    "owner": 2,
    "purchase_date": "2025-05-27",
    "warranty_expiry": null,
    "status": "assigned",
    "assigned_to": null,
    "outlet": null,
    "notes": "",
    "mac_address_wifi": "",
    "mac_address_ethernet": "60:22:32:EA:58:C5",
    "ip_address": "192.168.20.9",
    "delivery_letter_code": "CTP-0025",
    "receipt_date": null,
    "processor": null,
    "ram_size": null,
    "hdd1_capacity": null,
    "hdd2_capacity": null,
    "operating_system": null,
    "os_version": null,
    "screen_size": null,
    "resolution": null,
    "refresh_rate": null,
    "panel_type": null,
    "vesa_mount": false,
    "built_in_speakers": false,
    "printer_type": null,
    "connection_type": null,
    "printer_department": null,
    "printer_responsible": null,
    "paper_size_support": null,
    "duplex_printing": false,
    "toner_cartridge_model": null,
    "ups_capacity": null,
    "ups_battery_count": null,
    "ups_battery_life": null,
    "ups_battery_replacement_date": null,
    "ups_manufacturer": null
  }
},
{
  "model": "inventory.itasset",
  "pk": 190,
  "fields": {
    "name": "CTP-ACC-lap-04",
    "asset_type": 1,
    "serial_number": "66DSJM2",
    "model": "Precision 7520",
    "manufacturer": "Dell",
    "owner": 2,
    "purchase_date": "2025-06-01",
    "warranty_expiry": "2025-04-27",
    "status": "available",
    "assigned_to": null,
    "outlet": null,
    "notes": "",
    "mac_address_wifi": "C6:18:15:18:D5:3B",
    "mac_address_ethernet": "C4:CB:E1:3E:A7:EA",
    "ip_address": "192.168.1.119",
    "delivery_letter_code": "",
    "receipt_date": null,
    "processor": "Intel(R) Core(TM) i7-6820HQ CPU @ 2.70GHz",
    "ram_size": "16GB ddr4",
    "hdd1_capacity": "512GB",
    "hdd2_capacity": "512GB",
    "operating_system": "Windows 10",
    "os_version": "21H2",
    "screen_size": null,
    "resolution": null,
    "refresh_rate": null,
    "panel_type": null,
    "vesa_mount": false,
    "built_in_speakers": false,
    "printer_type": null,
    "connection_type": null,
    "printer_department": null,
    "printer_responsible": null,
    "paper_size_support": null,
    "duplex_printing": false,
    "toner_cartridge_model": null,
    "ups_capacity": null,
    "ups_battery_count": null,
    "ups_battery_life": null,
    "ups_battery_replacement_date": null,
    "ups_manufacturer": null
  }
},
{
  "model": "inventory.itasset",
  "pk": 191,
  "fields": {
    "name": "Mep1159",
    "asset_type": 1,
    "serial_number": "HX2JPH2",
    "model": "Precision 7520",
    "manufacturer": "Dell",
    "owner": 2,
    "purchase_date": "2025-06-01",
    "warranty_expiry": "2025-04-27",
    "status": "available",
    "assigned_to": null,
    "outlet": null,
    "notes": "",
    "mac_address_wifi": "C6:18:15:18:D5:3B",
    "mac_address_ethernet": "C4:CB:E1:3E:A7:EA",
    "ip_address": "192.168.1.119",
    "delivery_letter_code": "",
    "receipt_date": null,
    "processor": "Intel(R) Core(TM) i7-6820HQ CPU @ 2.70GHz",
    "ram_size": "32GB ddr4",
    "hdd1_capacity": "512GB ssd",
    "hdd2_capacity": "512GB",
    "operating_system": "Windows 10",
    "os_version": "21H2",
    "screen_size": null,
    "resolution": null,
    "refresh_rate": null,
    "panel_type": null,
    "vesa_mount": false,
    "built_in_speakers": false,
    "printer_type": null,
    "connection_type": null,
    "printer_department": null,
    "printer_responsible": null,
    "paper_size_support": null,
    "duplex_printing": false,
    "toner_cartridge_model": null,
    "ups_capacity": null,
    "ups_battery_count": null,
    "ups_battery_life": null,
    "ups_battery_replacement_date": null,
    "ups_manufacturer": null
  }
},
{
  "model": "inventory.itasset",
  "pk": 192,
  "fields": {
    "name": "Mep1069",
    "asset_type": 1,
    "serial_number": "3WWMZM2",
    "model": "Precision 7520",
    "manufacturer": "Dell",
    "owner": 2,
    "purchase_date": "2025-06-01",
    "warranty_expiry": "2025-04-27",
    "status": "available",
    "assigned_to": null,
    "outlet": null,
    "notes": "",
    "mac_address_wifi": "C6:18:15:18:D5:3B",
    "mac_address_ethernet": "C4:CB:E1:3E:A7:EA",
    "ip_address": "192.168.1.119",
    "delivery_letter_code": "",
    "receipt_date": null,
    "processor": "Intel(R) Core(TM) i7-6820HQ CPU @ 2.70GHz",
    "ram_size": "32GB ddr4",
    "hdd1_capacity": "512GB ssd",
    "hdd2_capacity": "512GB",
    "operating_system": "Windows 10",
    "os_version": "21H2",
    "screen_size": null,
    "resolution": null,
    "refresh_rate": null,
    "panel_type": null,
    "vesa_mount": false,
    "built_in_speakers": false,
    "printer_type": null,
    "connection_type": null,
    "printer_department": null,
    "printer_responsible": null,
    "paper_size_support": null,
    "duplex_printing": false,
    "toner_cartridge_model": null,
    "ups_capacity": null,
    "ups_battery_count": null,
    "ups_battery_life": null,
    "ups_battery_replacement_date": null,
    "ups_manufacturer": null
  }
},
{
  "model": "inventory.itasset",
  "pk": 193,
  "fields": {
    "name": "DESKTOP-GK6G65C",
    "asset_type": 1,
    "serial_number": "479Q1N2",
    "model": "Precision 7520",
    "manufacturer": "Dell",
    "owner": 2,
    "purchase_date": "2025-06-01",
    "warranty_expiry": "2025-04-27",
    "status": "available",
    "assigned_to": null,
    "outlet": null,
    "notes": "",
    "mac_address_wifi": "C6:18:15:18:D5:3B",
    "mac_address_ethernet": "C4:CB:E1:3E:A7:EA",
    "ip_address": "192.168.1.119",
    "delivery_letter_code": "",
    "receipt_date": null,
    "processor": "Intel(R) Core(TM) i7-6820HQ CPU @ 2.70GHz",
    "ram_size": "32GB ddr4",
    "hdd1_capacity": "512GB ssd",
    "hdd2_capacity": "512GB",
    "operating_system": "Windows 10",
    "os_version": "21H2",
    "screen_size": null,
    "resolution": null,
    "refresh_rate": null,
    "panel_type": null,
    "vesa_mount": false,
    "built_in_speakers": false,
    "printer_type": null,
    "connection_type": null,
    "printer_department": null,
    "printer_responsible": null,
    "paper_size_support": null,
    "duplex_printing": false,
    "toner_cartridge_model": null,
    "ups_capacity": null,
    "ups_battery_count": null,
    "ups_battery_life": null,
    "ups_battery_replacement_date": null,
    "ups_manufacturer": null
  }
},
{
  "model": "inventory.itasset",
  "pk": 194,
  "fields": {
    "name": "Unknown Asset",
    "asset_type": 1,
    "serial_number": "JPWT1N2",
    "model": "Precision 7520",
    "manufacturer": "Dell",
    "owner": 2,
    "purchase_date": "2025-06-01",
    "warranty_expiry": "2025-04-27",
    "status": "available",
    "assigned_to": null,
    "outlet": null,
    "notes": "",
    "mac_address_wifi": "C6:18:15:18:D5:3B",
    "mac_address_ethernet": "C4:CB:E1:3E:A7:EA",
    "ip_address": "192.168.1.119",
    "delivery_letter_code": "",
    "receipt_date": null,
    "processor": "Intel(R) Core(TM) i7-6820HQ CPU @ 2.70GHz",
    "ram_size": "16GB ddr4",
    "hdd1_capacity": "512GB ssd",
    "hdd2_capacity": "512GB",
    "operating_system": "Windows 10",
    "os_version": "21H2",
    "screen_size": null,
    "resolution": null,
    "refresh_rate": null,
    "panel_type": null,
    "vesa_mount": false,
    "built_in_speakers": false,
    "printer_type": null,
    "connection_type": null,
    "printer_department": null,
    "printer_responsible": null,
    "paper_size_support": null,
    "duplex_printing": false,
    "toner_cartridge_model": null,
    "ups_capacity": null,
    "ups_battery_count": null,
    "ups_battery_life": null,
    "ups_battery_replacement_date": null,
    "ups_manufacturer": null
  }
},
{
  "model": "inventory.itasset",
  "pk": 195,
  "fields": {
    "name": "DESKTOP-DTGG6PO",
    "asset_type": 1,
    "serial_number": "HPL94L3",
    "model": "Vostro 15 3510",
    "manufacturer": "Dell",
    "owner": 2,
    "purchase_date": "2025-06-01",
    "warranty_expiry": "2025-04-27",
    "status": "available",
    "assigned_to": null,
    "outlet": null,
    "notes": "",
    "mac_address_wifi": "C6:18:15:18:D5:3B",
    "mac_address_ethernet": "C4:CB:E1:3E:A7:EA",
    "ip_address": "192.168.1.119",
    "delivery_letter_code": "",
    "receipt_date": null,
    "processor": "11th Gen Intel(R) Core(TM) i7-1165G7 @ 2.80GHz",
    "ram_size": "16GB ddr4",
    "hdd1_capacity": "512GB ssd",
    "hdd2_capacity": "512GB",
    "operating_system": "Windows 10",
    "os_version": "21H2",
    "screen_size": null,
    "resolution": null,
    "refresh_rate": null,
    "panel_type": null,
    "vesa_mount": false,
    "built_in_speakers": false,
    "printer_type": null,
    "connection_type": null,
    "printer_department": null,
    "printer_responsible": null,
    "paper_size_support": null,
    "duplex_printing": false,
    "toner_cartridge_model": null,
    "ups_capacity": null,
    "ups_battery_count": null,
    "ups_battery_life": null,
    "ups_battery_replacement_date": null,
    "ups_manufacturer": null
  }
},
{
  "model": "inventory.itasset",
  "pk": 196,
  "fields": {
    "name": "CTP-Quality-lap-03",
    "asset_type": 1,
    "serial_number": "G5V7J33",
    "model": "Inspiron 3593",
    "manufacturer": "Dell",
    "owner": 4,
    "purchase_date": "2025-06-01",
    "warranty_expiry": "2025-04-27",
    "status": "assigned",
    "assigned_to": 151,
    "outlet": null,
    "notes": "",
    "mac_address_wifi": "C6:18:15:18:D5:3B",
    "mac_address_ethernet": "C4:CB:E1:3E:A7:EA",
    "ip_address": "192.168.1.119",
    "delivery_letter_code": "",
    "receipt_date": "2025-07-10",
    "processor": "11th Gen Intel(R) Core(TM) i7-1165G7 @ 2.80GHz",
    "ram_size": "12GB ddr4",
    "hdd1_capacity": "512GB ssd",
    "hdd2_capacity": "512GB",
    "operating_system": "Windows 10",
    "os_version": "21H2",
    "screen_size": null,
    "resolution": null,
    "refresh_rate": null,
    "panel_type": null,
    "vesa_mount": false,
    "built_in_speakers": false,
    "printer_type": null,
    "connection_type": null,
    "printer_department": null,
    "printer_responsible": null,
    "paper_size_support": null,
    "duplex_printing": false,
    "toner_cartridge_model": null,
    "ups_capacity": null,
    "ups_battery_count": null,
    "ups_battery_life": null,
    "ups_battery_replacement_date": null,
    "ups_manufacturer": null
  }
},
{
  "model": "inventory.assethistory",
  "pk": 1,
  "fields": {
    "asset": 105,
    "action": "assigned",
    "employee": 133,
    "date": "2025-05-25T10:43:21.926Z",
    "notes": "Asset assigned to Aya Mohamed Mahmoud Abdel-Fattah",
    "created_by": [
      "admin"
    ]
  }
},
{
  "model": "inventory.assethistory",
  "pk": 2,
  "fields": {
    "asset": 105,
    "action": "assigned",
    "employee": 108,
    "date": "2025-05-25T10:43:47.194Z",
    "notes": "Asset assigned to Bishoy Essam Wilson Fahim",
    "created_by": [
      "admin"
    ]
  }
},
{
  "model": "inventory.assethistory",
  "pk": 3,
  "fields": {
    "asset": 113,
    "action": "assigned",
    "employee": 125,
    "date": "2025-05-25T12:39:16.251Z",
    "notes": "Asset assigned to Abdelhafiz Abdelhady Abdelhady",
    "created_by": [
      "admin"
    ]
  }
},
{
  "model": "inventory.assethistory",
  "pk": 4,
  "fields": {
    "asset": 105,
    "action": "assigned",
    "employee": 133,
    "date": "2025-05-26T07:35:34.039Z",
    "notes": "Asset assigned to Aya Mohamed Mahmoud Abdel-Fattah",
    "created_by": [
      "ragab-adel"
    ]
  }
},
{
  "model": "inventory.assethistory",
  "pk": 5,
  "fields": {
    "asset": 113,
    "action": "available",
    "employee": null,
    "date": "2025-05-26T07:37:56.236Z",
    "notes": "Asset status changed from assigned to available",
    "created_by": [
      "ragab-adel"
    ]
  }
},
{
  "model": "inventory.assethistory",
  "pk": 6,
  "fields": {
    "asset": 113,
    "action": "returned",
    "employee": 125,
    "date": "2025-05-26T07:37:56.238Z",
    "notes": "Asset returned from Abdelhafiz Abdelhady Abdelhady",
    "created_by": [
      "ragab-adel"
    ]
  }
},
{
  "model": "inventory.assethistory",
  "pk": 7,
  "fields": {
    "asset": 105,
    "action": "assigned",
    "employee": 108,
    "date": "2025-05-26T07:38:15.078Z",
    "notes": "Asset assigned to Bishoy Essam Wilson Fahim",
    "created_by": [
      "ragab-adel"
    ]
  }
},
{
  "model": "inventory.assethistory",
  "pk": 8,
  "fields": {
    "asset": 105,
    "action": "assigned",
    "employee": 116,
    "date": "2025-05-26T07:59:04.544Z",
    "notes": "Asset assigned to Al-Amira Safia Gamal Abdelhamid",
    "created_by": [
      "ragab-adel"
    ]
  }
},
{
  "model": "inventory.assethistory",
  "pk": 9,
  "fields": {
    "asset": 179,
    "action": "assigned",
    "employee": 125,
    "date": "2025-05-26T08:06:58.575Z",
    "notes": "Asset assigned to Abdelhafiz Abdelhady Abdelhady",
    "created_by": [
      "ragab-adel"
    ]
  }
},
{
  "model": "inventory.assethistory",
  "pk": 10,
  "fields": {
    "asset": 179,
    "action": "assigned",
    "employee": 109,
    "date": "2025-05-26T08:10:03.685Z",
    "notes": "Asset assigned to Ahmed Mohamed Attia Mohamed",
    "created_by": [
      "ragab-adel"
    ]
  }
},
{
  "model": "inventory.assethistory",
  "pk": 11,
  "fields": {
    "asset": 105,
    "action": "assigned",
    "employee": 108,
    "date": "2025-05-26T08:10:45.942Z",
    "notes": "Asset assigned to Bishoy Essam Wilson Fahim",
    "created_by": [
      "ragab-adel"
    ]
  }
},
{
  "model": "inventory.assethistory",
  "pk": 12,
  "fields": {
    "asset": 105,
    "action": "assigned",
    "employee": 133,
    "date": "2025-05-26T08:15:13.332Z",
    "notes": "Asset assigned to Aya Mohamed Mahmoud Abdel-Fattah",
    "created_by": [
      "ragab-adel"
    ]
  }
},
{
  "model": "inventory.assethistory",
  "pk": 13,
  "fields": {
    "asset": 129,
    "action": "assigned",
    "employee": 125,
    "date": "2025-05-26T08:19:05.363Z",
    "notes": "Asset assigned to Abdelhafiz Abdelhady Abdelhady",
    "created_by": [
      "ragab-adel"
    ]
  }
},
{
  "model": "inventory.assethistory",
  "pk": 14,
  "fields": {
    "asset": 129,
    "action": "assigned",
    "employee": null,
    "date": "2025-05-26T08:43:14.510Z",
    "notes": "Asset status changed from available to assigned",
    "created_by": [
      "ragab-adel"
    ]
  }
},
{
  "model": "inventory.assethistory",
  "pk": 15,
  "fields": {
    "asset": 129,
    "action": "returned",
    "employee": 125,
    "date": "2025-05-26T08:43:14.513Z",
    "notes": "Asset returned from Abdelhafiz Abdelhady Abdelhady",
    "created_by": [
      "ragab-adel"
    ]
  }
},
{
  "model": "inventory.assethistory",
  "pk": 16,
  "fields": {
    "asset": 129,
    "action": "available",
    "employee": null,
    "date": "2025-05-26T08:43:32.137Z",
    "notes": "Asset status changed from assigned to available",
    "created_by": [
      "ragab-adel"
    ]
  }
},
{
  "model": "inventory.assethistory",
  "pk": 17,
  "fields": {
    "asset": 129,
    "action": "assigned",
    "employee": 125,
    "date": "2025-05-26T09:01:53.126Z",
    "notes": "Asset status changed from available to assigned",
    "created_by": [
      "ragab-adel"
    ]
  }
},
{
  "model": "inventory.assethistory",
  "pk": 18,
  "fields": {
    "asset": 129,
    "action": "assigned",
    "employee": 125,
    "date": "2025-05-26T09:01:53.128Z",
    "notes": "Asset assigned to Abdelhafiz Abdelhady Abdelhady",
    "created_by": [
      "ragab-adel"
    ]
  }
},
{
  "model": "inventory.assethistory",
  "pk": 19,
  "fields": {
    "asset": 117,
    "action": "assigned",
    "employee": 125,
    "date": "2025-05-26T10:25:08.006Z",
    "notes": "Asset assigned to Abdelhafiz Abdelhady Abdelhady",
    "created_by": null
  }
},
{
  "model": "inventory.assethistory",
  "pk": 20,
  "fields": {
    "asset": 105,
    "action": "assigned",
    "employee": 108,
    "date": "2025-05-26T10:25:59.985Z",
    "notes": "Asset assigned to Bishoy Essam Wilson Fahim",
    "created_by": null
  }
},
{
  "model": "inventory.assethistory",
  "pk": 21,
  "fields": {
    "asset": 105,
    "action": "assigned",
    "employee": 133,
    "date": "2025-05-26T11:01:12.837Z",
    "notes": "Asset assigned to Aya Mohamed Mahmoud Abdel-Fattah",
    "created_by": [
      "ragab-adel"
    ]
  }
},
{
  "model": "inventory.assethistory",
  "pk": 22,
  "fields": {
    "asset": 105,
    "action": "assigned",
    "employee": 108,
    "date": "2025-05-26T11:02:01.449Z",
    "notes": "Asset assigned to Bishoy Essam Wilson Fahim",
    "created_by": [
      "ragab-adel"
    ]
  }
},
{
  "model": "inventory.assethistory",
  "pk": 23,
  "fields": {
    "asset": 105,
    "action": "assigned",
    "employee": 133,
    "date": "2025-05-26T11:05:26.120Z",
    "notes": "Asset assigned to Aya Mohamed Mahmoud Abdel-Fattah",
    "created_by": [
      "ragab-adel"
    ]
  }
},
{
  "model": "inventory.assethistory",
  "pk": 24,
  "fields": {
    "asset": 105,
    "action": "assigned",
    "employee": 108,
    "date": "2025-05-26T11:20:35.440Z",
    "notes": "Asset assigned to Bishoy Essam Wilson Fahim",
    "created_by": [
      "ragab-adel"
    ]
  }
},
{
  "model": "inventory.assethistory",
  "pk": 25,
  "fields": {
    "asset": 187,
    "action": "received",
    "employee": null,
    "date": "2025-05-27T05:59:42.622Z",
    "notes": "Asset received and added to inventory",
    "created_by": null
  }
},
{
  "model": "inventory.assethistory",
  "pk": 26,
  "fields": {
    "asset": 188,
    "action": "received",
    "employee": null,
    "date": "2025-05-27T06:01:04.612Z",
    "notes": "Asset received and added to inventory",
    "created_by": null
  }
},
{
  "model": "inventory.assethistory",
  "pk": 27,
  "fields": {
    "asset": 189,
    "action": "received",
    "employee": null,
    "date": "2025-05-27T06:02:23.910Z",
    "notes": "Asset received and added to inventory",
    "created_by": null
  }
},
{
  "model": "inventory.assethistory",
  "pk": 30,
  "fields": {
    "asset": 113,
    "action": "assigned",
    "employee": 125,
    "date": "2025-05-31T17:05:37.265Z",
    "notes": "Asset assigned to Abdelhafiz Abdelhady Abdelhady",
    "created_by": [
      "admin"
    ]
  }
},
{
  "model": "inventory.assethistory",
  "pk": 31,
  "fields": {
    "asset": 113,
    "action": "assigned",
    "employee": 125,
    "date": "2025-05-31T17:05:52.897Z",
    "notes": "Asset status changed from available to assigned",
    "created_by": [
      "admin"
    ]
  }
},
{
  "model": "inventory.assethistory",
  "pk": 32,
  "fields": {
    "asset": 113,
    "action": "assigned",
    "employee": 109,
    "date": "2025-05-31T17:10:02.718Z",
    "notes": "Asset assigned to Ahmed Mohamed Attia Mohamed",
    "created_by": [
      "admin"
    ]
  }
},
{
  "model": "inventory.assethistory",
  "pk": 33,
  "fields": {
    "asset": 113,
    "action": "returned",
    "employee": 109,
    "date": "2025-05-31T17:11:50.209Z",
    "notes": "Asset returned from Ahmed Mohamed Attia Mohamed",
    "created_by": [
      "admin"
    ]
  }
},
{
  "model": "inventory.assethistory",
  "pk": 34,
  "fields": {
    "asset": 141,
    "action": "assigned",
    "employee": 108,
    "date": "2025-05-31T17:13:07.454Z",
    "notes": "Asset assigned to Bishoy Essam Wilson Fahim",
    "created_by": [
      "admin"
    ]
  }
},
{
  "model": "inventory.assethistory",
  "pk": 35,
  "fields": {
    "asset": 141,
    "action": "returned",
    "employee": 108,
    "date": "2025-05-31T17:13:25.402Z",
    "notes": "Asset returned from Bishoy Essam Wilson Fahim",
    "created_by": [
      "admin"
    ]
  }
},
{
  "model": "inventory.assethistory",
  "pk": 36,
  "fields": {
    "asset": 141,
    "action": "assigned",
    "employee": 125,
    "date": "2025-05-31T17:32:17.054Z",
    "notes": "Asset assigned to Abdelhafiz Abdelhady Abdelhady",
    "created_by": [
      "admin"
    ]
  }
},
{
  "model": "inventory.assethistory",
  "pk": 37,
  "fields": {
    "asset": 141,
    "action": "available",
    "employee": null,
    "date": "2025-05-31T17:32:44.028Z",
    "notes": "Asset status changed from assigned to available",
    "created_by": [
      "admin"
    ]
  }
},
{
  "model": "inventory.assethistory",
  "pk": 38,
  "fields": {
    "asset": 141,
    "action": "returned",
    "employee": 125,
    "date": "2025-05-31T17:32:44.031Z",
    "notes": "Asset returned from Abdelhafiz Abdelhady Abdelhady",
    "created_by": [
      "admin"
    ]
  }
},
{
  "model": "inventory.assethistory",
  "pk": 39,
  "fields": {
    "asset": 141,
    "action": "assigned",
    "employee": 108,
    "date": "2025-05-31T17:36:07.392Z",
    "notes": "Asset assigned to Bishoy Essam Wilson Fahim",
    "created_by": [
      "admin"
    ]
  }
},
{
  "model": "inventory.assethistory",
  "pk": 40,
  "fields": {
    "asset": 141,
    "action": "returned",
    "employee": 108,
    "date": "2025-05-31T17:36:27.686Z",
    "notes": "Asset returned from Bishoy Essam Wilson Fahim",
    "created_by": [
      "admin"
    ]
  }
},
{
  "model": "inventory.assethistory",
  "pk": 41,
  "fields": {
    "asset": 140,
    "action": "assigned",
    "employee": 125,
    "date": "2025-05-31T17:37:16.041Z",
    "notes": "Asset assigned to Abdelhafiz Abdelhady Abdelhady",
    "created_by": [
      "admin"
    ]
  }
},
{
  "model": "inventory.assethistory",
  "pk": 42,
  "fields": {
    "asset": 140,
    "action": "assigned",
    "employee": 113,
    "date": "2025-05-31T17:39:31.811Z",
    "notes": "Asset assigned to Magid Makram Wahba Doss",
    "created_by": [
      "admin"
    ]
  }
},
{
  "model": "inventory.assethistory",
  "pk": 43,
  "fields": {
    "asset": 140,
    "action": "returned",
    "employee": 113,
    "date": "2025-05-31T17:49:34.915Z",
    "notes": "Asset returned from Magid Makram Wahba Doss",
    "created_by": [
      "admin"
    ]
  }
},
{
  "model": "inventory.assethistory",
  "pk": 44,
  "fields": {
    "asset": 185,
    "action": "assigned",
    "employee": 113,
    "date": "2025-05-31T17:49:57.516Z",
    "notes": "Asset assigned to Magid Makram Wahba Doss",
    "created_by": [
      "admin"
    ]
  }
},
{
  "model": "inventory.assethistory",
  "pk": 45,
  "fields": {
    "asset": 113,
    "action": "assigned",
    "employee": null,
    "date": "2025-05-31T18:12:01.014Z",
    "notes": "Asset assigned to Help Desk",
    "created_by": [
      "admin"
    ]
  }
},
{
  "model": "inventory.assethistory",
  "pk": 46,
  "fields": {
    "asset": 113,
    "action": "maintenance",
    "employee": null,
    "date": "2025-05-31T18:17:13.023Z",
    "notes": "Asset sent for maintenance",
    "created_by": [
      "admin"
    ]
  }
},
{
  "model": "inventory.assethistory",
  "pk": 47,
  "fields": {
    "asset": 113,
    "action": "retired",
    "employee": 125,
    "date": "2025-05-31T18:17:45.634Z",
    "notes": "Asset status changed from maintenance to retired",
    "created_by": [
      "admin"
    ]
  }
},
{
  "model": "inventory.assethistory",
  "pk": 48,
  "fields": {
    "asset": 113,
    "action": "available",
    "employee": null,
    "date": "2025-05-31T18:21:32.536Z",
    "notes": "Asset status changed from retired to available",
    "created_by": [
      "admin"
    ]
  }
},
{
  "model": "inventory.assethistory",
  "pk": 49,
  "fields": {
    "asset": 113,
    "action": "retired",
    "employee": null,
    "date": "2025-05-31T18:21:43.410Z",
    "notes": "Asset retired from inventory",
    "created_by": [
      "admin"
    ]
  }
},
{
  "model": "inventory.assethistory",
  "pk": 50,
  "fields": {
    "asset": 113,
    "action": "assigned",
    "employee": null,
    "date": "2025-05-31T18:22:42.261Z",
    "notes": "Asset status changed from retired to assigned",
    "created_by": [
      "admin"
    ]
  }
},
{
  "model": "inventory.assethistory",
  "pk": 51,
  "fields": {
    "asset": 113,
    "action": "unassigned",
    "employee": null,
    "date": "2025-05-31T18:26:06.483Z",
    "notes": "Device unassigned from Help Desk",
    "created_by": [
      "admin"
    ]
  }
},
{
  "model": "inventory.assethistory",
  "pk": 52,
  "fields": {
    "asset": 113,
    "action": "assigned",
    "employee": 111,
    "date": "2025-05-31T18:26:06.486Z",
    "notes": "Device assigned to Ibrahim Ibrahim Zaki El-Naqeeb",
    "created_by": [
      "admin"
    ]
  }
},
{
  "model": "inventory.assethistory",
  "pk": 53,
  "fields": {
    "asset": 113,
    "action": "unassigned",
    "employee": 111,
    "date": "2025-05-31T18:27:08.248Z",
    "notes": "Device unassigned from Ibrahim Ibrahim Zaki El-Naqeeb",
    "created_by": [
      "admin"
    ]
  }
},
{
  "model": "inventory.assethistory",
  "pk": 54,
  "fields": {
    "asset": 113,
    "action": "assigned",
    "employee": 129,
    "date": "2025-05-31T18:27:08.251Z",
    "notes": "Device assigned to Hamdy Mohamed Mohamed Ahmed Mansour",
    "created_by": [
      "admin"
    ]
  }
},
{
  "model": "inventory.assethistory",
  "pk": 55,
  "fields": {
    "asset": 141,
    "action": "modified",
    "employee": null,
    "date": "2025-05-31T18:42:43.127Z",
    "notes": "Device modified:\nRAM Size: None  8g dd3",
    "created_by": [
      "admin"
    ]
  }
},
{
  "model": "inventory.assethistory",
  "pk": 56,
  "fields": {
    "asset": 105,
    "action": "unassigned",
    "employee": 108,
    "date": "2025-06-03T10:17:32.381Z",
    "notes": "Device unassigned from Bishoy Essam Wilson Fahim",
    "created_by": [
      "ragab-adel"
    ]
  }
},
{
  "model": "inventory.assethistory",
  "pk": 57,
  "fields": {
    "asset": 105,
    "action": "assigned",
    "employee": 133,
    "date": "2025-06-03T10:17:32.389Z",
    "notes": "Device assigned to Aya Mohamed Mahmoud Abdel-Fattah",
    "created_by": [
      "ragab-adel"
    ]
  }
},
{
  "model": "inventory.assethistory",
  "pk": 58,
  "fields": {
    "asset": 135,
    "action": "assigned",
    "employee": null,
    "date": "2025-07-16T06:34:24.368Z",
    "notes": "Asset assigned to IT Support",
    "created_by": null
  }
},
{
  "model": "inventory.assethistory",
  "pk": 59,
  "fields": {
    "asset": 123,
    "action": "assigned",
    "employee": 125,
    "date": "2025-07-17T07:10:12.883Z",
    "notes": "Asset assigned to Abdelhafiz Abdelhady Abdelhady",
    "created_by": [
      "Admin"
    ]
  }
},
{
  "model": "inventory.assethistory",
  "pk": 60,
  "fields": {
    "asset": 117,
    "action": "assigned",
    "employee": 148,
    "date": "2025-07-17T07:11:38.613Z",
    "notes": "Asset assigned to Saeed Mohamed",
    "created_by": [
      "Admin"
    ]
  }
},
{
  "model": "inventory.assethistory",
  "pk": 61,
  "fields": {
    "asset": 127,
    "action": "assigned",
    "employee": 147,
    "date": "2025-07-17T07:17:06.671Z",
    "notes": "Asset assigned to karim adel",
    "created_by": [
      "Admin"
    ]
  }
},
{
  "model": "inventory.assethistory",
  "pk": 62,
  "fields": {
    "asset": 153,
    "action": "assigned",
    "employee": 150,
    "date": "2025-07-17T07:24:26.892Z",
    "notes": "Asset assigned to Mohamed Mamdouh Mohamed Ibrahim",
    "created_by": [
      "Admin"
    ]
  }
},
{
  "model": "inventory.assethistory",
  "pk": 63,
  "fields": {
    "asset": 153,
    "action": "modified",
    "employee": 150,
    "date": "2025-07-17T07:25:50.567Z",
    "notes": "Device modified:\nProcessor: None  6th Gen Intel(R) Core(TM) i5-6500\nRAM Size: None  8GB ddr3\nPrimary HDD Capacity: None  512GB ssd\nSecondary HDD Capacity: None  500GB  hdd\nOperating System: None  Windows 10\nReceipt Date: 2024-03-08  None",
    "created_by": [
      "Admin"
    ]
  }
},
{
  "model": "inventory.assethistory",
  "pk": 64,
  "fields": {
    "asset": 105,
    "action": "assigned",
    "employee": 108,
    "date": "2025-07-17T09:25:50.578Z",
    "notes": "Asset assigned to Bishoy Essam Wilson Fahim",
    "created_by": [
      "Admin"
    ]
  }
},
{
  "model": "inventory.assethistory",
  "pk": 65,
  "fields": {
    "asset": 115,
    "action": "modified",
    "employee": null,
    "date": "2025-07-17T10:08:35.535Z",
    "notes": "Device modified:\nProcessor: None  10 th Gen Intel(R) Core(TM) i5-10505\nRAM Size: None  20GB ddr4\nPrimary HDD Capacity: None  256gb  ssd\nSecondary HDD Capacity: None  1TB\nOperating System: None  Windows server 2022\nReceipt Date: 2024-01-30  None",
    "created_by": [
      "Admin"
    ]
  }
},
{
  "model": "inventory.assethistory",
  "pk": 66,
  "fields": {
    "asset": 115,
    "action": "assigned",
    "employee": null,
    "date": "2025-07-17T10:08:35.537Z",
    "notes": "Asset status changed from available to assigned",
    "created_by": [
      "Admin"
    ]
  }
},
{
  "model": "inventory.assethistory",
  "pk": 67,
  "fields": {
    "asset": 113,
    "action": "assigned",
    "employee": 139,
    "date": "2025-07-17T11:58:25.947Z",
    "notes": "Asset assigned to Farah Hafez El-Sayed Ibrahim",
    "created_by": [
      "Admin"
    ]
  }
},
{
  "model": "inventory.assethistory",
  "pk": 68,
  "fields": {
    "asset": 190,
    "action": "received",
    "employee": null,
    "date": "2025-07-17T16:38:38.992Z",
    "notes": "Asset received and added to inventory",
    "created_by": [
      "Admin"
    ]
  }
},
{
  "model": "inventory.assethistory",
  "pk": 69,
  "fields": {
    "asset": 191,
    "action": "received",
    "employee": null,
    "date": "2025-07-17T16:40:33.560Z",
    "notes": "Asset received and added to inventory",
    "created_by": [
      "Admin"
    ]
  }
},
{
  "model": "inventory.assethistory",
  "pk": 70,
  "fields": {
    "asset": 192,
    "action": "received",
    "employee": null,
    "date": "2025-07-17T16:42:20.284Z",
    "notes": "Asset received and added to inventory",
    "created_by": [
      "Admin"
    ]
  }
},
{
  "model": "inventory.assethistory",
  "pk": 71,
  "fields": {
    "asset": 193,
    "action": "received",
    "employee": null,
    "date": "2025-07-17T16:43:37.466Z",
    "notes": "Asset received and added to inventory",
    "created_by": [
      "Admin"
    ]
  }
},
{
  "model": "inventory.assethistory",
  "pk": 72,
  "fields": {
    "asset": 194,
    "action": "received",
    "employee": null,
    "date": "2025-07-17T16:44:48.433Z",
    "notes": "Asset received and added to inventory",
    "created_by": [
      "Admin"
    ]
  }
},
{
  "model": "inventory.assethistory",
  "pk": 73,
  "fields": {
    "asset": 195,
    "action": "received",
    "employee": null,
    "date": "2025-07-17T16:52:56.764Z",
    "notes": "Asset received and added to inventory",
    "created_by": [
      "Admin"
    ]
  }
},
{
  "model": "inventory.assethistory",
  "pk": 74,
  "fields": {
    "asset": 196,
    "action": "received",
    "employee": null,
    "date": "2025-07-17T16:55:13.276Z",
    "notes": "Asset received and added to inventory",
    "created_by": [
      "Admin"
    ]
  }
},
{
  "model": "inventory.assethistory",
  "pk": 75,
  "fields": {
    "asset": 196,
    "action": "assigned",
    "employee": 151,
    "date": "2025-07-17T17:04:45.680Z",
    "notes": "Asset assigned to Mahmoud Magdy Mohamed",
    "created_by": [
      "Admin"
    ]
  }
},
{
  "model": "inventory.assethistory",
  "pk": 76,
  "fields": {
    "asset": 135,
    "action": "assigned",
    "employee": 152,
    "date": "2025-07-19T09:54:00.660Z",
    "notes": "Assigned to   and  ",
    "created_by": [
      "Admin"
    ]
  }
},
{
  "model": "inventory.notificationcategory",
  "pk": 1,
  "fields": {
    "name": "Device Assignment",
    "icon": "fa-laptop",
    "color": "primary",
    "description": "Notifications related to device assignments and returns"
  }
},
{
  "model": "inventory.notificationcategory",
  "pk": 2,
  "fields": {
    "name": "Maintenance",
    "icon": "fa-wrench",
    "color": "warning",
    "description": "Notifications about device maintenance and repairs"
  }
},
{
  "model": "inventory.notificationcategory",
  "pk": 3,
  "fields": {
    "name": "Warranty",
    "icon": "fa-shield-alt",
    "color": "info",
    "description": "Notifications about warranty expiration and renewals"
  }
},
{
  "model": "inventory.notificationcategory",
  "pk": 4,
  "fields": {
    "name": "System",
    "icon": "fa-cog",
    "color": "secondary",
    "description": "System notifications and updates"
  }
},
{
  "model": "inventory.notificationcategory",
  "pk": 5,
  "fields": {
    "name": "Alert",
    "icon": "fa-exclamation-triangle",
    "color": "danger",
    "description": "Important alerts and critical notifications"
  }
},
{
  "model": "inventory.notificationcategory",
  "pk": 6,
  "fields": {
    "name": "Device Modification",
    "icon": "fa-edit",
    "color": "info",
    "description": "Notifications about device modifications and updates"
  }
},
{
  "model": "inventory.notification",
  "pk": 1,
  "fields": {
    "title": "New Device Assigned: ACD-ACC-lap-01",
    "message": "You have been assigned a new device: ACD-ACC-lap-01 (SN: 1N3YHX3)",
    "status": "unread",
    "priority": "medium",
    "content_type": [
      "inventory",
      "itasset"
    ],
    "object_id": 105,
    "category": 1,
    "employee_profile": 108,
    "action_url": null,
    "created_at": "2025-05-26T11:20:35.448Z",
    "read_at": null,
    "archived_at": null,
    "expires_at": null
  }
},
{
  "model": "inventory.notification",
  "pk": 2,
  "fields": {
    "title": "New Device Assigned: TONER",
    "message": "You have been assigned a new device: TONER (SN: Toner-057-0001)",
    "status": "unread",
    "priority": "medium",
    "content_type": [
      "inventory",
      "itasset"
    ],
    "object_id": 160,
    "category": 1,
    "employee_profile": 119,
    "action_url": null,
    "created_at": "2025-05-27T06:05:52.001Z",
    "read_at": null,
    "archived_at": null,
    "expires_at": null
  }
},
{
  "model": "inventory.notification",
  "pk": 3,
  "fields": {
    "title": "Test Notification",
    "message": "This is a test notification to verify the notification system is working.",
    "status": "archived",
    "priority": "high",
    "content_type": [
      "inventory",
      "notificationcategory"
    ],
    "object_id": 4,
    "category": 4,
    "employee_profile": null,
    "action_url": null,
    "created_at": "2025-05-31T16:00:57.221Z",
    "read_at": "2025-05-31T17:25:24.204Z",
    "archived_at": "2025-05-31T17:51:50.749Z",
    "expires_at": null
  }
},
{
  "model": "inventory.notification",
  "pk": 4,
  "fields": {
    "title": "New Device Assigned: ACD-ACC-PC-05",
    "message": "You have been assigned a new device: ACD-ACC-PC-05 (SN: B74QYP3)",
    "status": "unread",
    "priority": "medium",
    "content_type": [
      "inventory",
      "itasset"
    ],
    "object_id": 113,
    "category": 1,
    "employee_profile": 125,
    "action_url": null,
    "created_at": "2025-05-31T17:05:37.272Z",
    "read_at": null,
    "archived_at": null,
    "expires_at": null
  }
},
{
  "model": "inventory.notification",
  "pk": 5,
  "fields": {
    "title": "Device Returned: ACD-ACC-PC-05",
    "message": "Device has been returned to inventory:\nDevice: ACD-ACC-PC-05\nSerial Number: B74QYP3\nModel: OptiPlex 3090",
    "status": "unread",
    "priority": "medium",
    "content_type": [
      "inventory",
      "itasset"
    ],
    "object_id": 113,
    "category": 1,
    "employee_profile": 109,
    "action_url": "/en/inventory/assets/113/",
    "created_at": "2025-05-31T17:11:50.213Z",
    "read_at": null,
    "archived_at": null,
    "expires_at": null
  }
},
{
  "model": "inventory.notification",
  "pk": 6,
  "fields": {
    "title": "Warranty Update: ACD-ACC-PC-05",
    "message": "Warranty Alert for ACD-ACC-PC-05\nSerial Number: B74QYP3\nDays Remaining: -6\nExpiry Date: 2025-05-25",
    "status": "read",
    "priority": "high",
    "content_type": [
      "inventory",
      "itasset"
    ],
    "object_id": 113,
    "category": 3,
    "employee_profile": null,
    "action_url": "/en/inventory/assets/113/",
    "created_at": "2025-05-31T17:11:50.216Z",
    "read_at": "2025-05-31T17:12:41.304Z",
    "archived_at": null,
    "expires_at": null
  }
},
{
  "model": "inventory.notification",
  "pk": 7,
  "fields": {
    "title": "Device Returned: CTP-WH-PC-02",
    "message": "Device has been returned to inventory:\nDevice: CTP-WH-PC-02\nSerial Number: MXL8302M7F\nModel: HP ProDesk 400 G4 SFF",
    "status": "unread",
    "priority": "medium",
    "content_type": [
      "inventory",
      "itasset"
    ],
    "object_id": 141,
    "category": 1,
    "employee_profile": 108,
    "action_url": "/en/inventory/assets/141/",
    "created_at": "2025-05-31T17:13:25.403Z",
    "read_at": null,
    "archived_at": null,
    "expires_at": null
  }
},
{
  "model": "inventory.notification",
  "pk": 8,
  "fields": {
    "title": "Warranty Update: CTP-FW - 22 -port",
    "message": "Warranty Alert for CTP-FW - 22 -port\nSerial Number: FG100FTK23009738\nDays Remaining: 0\nExpiry Date: 2025-05-31",
    "status": "read",
    "priority": "high",
    "content_type": [
      "inventory",
      "itasset"
    ],
    "object_id": 175,
    "category": 3,
    "employee_profile": null,
    "action_url": "/en/inventory/assets/175/",
    "created_at": "2025-05-31T17:14:38.742Z",
    "read_at": "2025-05-31T17:17:42.893Z",
    "archived_at": null,
    "expires_at": null
  }
},
{
  "model": "inventory.notification",
  "pk": 9,
  "fields": {
    "title": "Warranty Update: CTP-FW - 22 -port",
    "message": "Warranty Alert for CTP-FW - 22 -port\nSerial Number: FG100FTK23009738\nDays Remaining: 945\nExpiry Date: 2028-01-01",
    "status": "read",
    "priority": "medium",
    "content_type": [
      "inventory",
      "itasset"
    ],
    "object_id": 175,
    "category": 3,
    "employee_profile": null,
    "action_url": "/en/inventory/assets/175/",
    "created_at": "2025-05-31T17:15:08.309Z",
    "read_at": "2025-05-31T17:17:46.618Z",
    "archived_at": null,
    "expires_at": null
  }
},
{
  "model": "inventory.notification",
  "pk": 10,
  "fields": {
    "title": "New Device Assigned: CTP-WH-PC-02",
    "message": "You have been assigned a new device:\nDevice: CTP-WH-PC-02\nSerial Number: MXL8302M7F\nModel: HP ProDesk 400 G4 SFF",
    "status": "unread",
    "priority": "medium",
    "content_type": [
      "inventory",
      "itasset"
    ],
    "object_id": 141,
    "category": 1,
    "employee_profile": 125,
    "action_url": "/en/inventory/assets/141/",
    "created_at": "2025-05-31T17:32:17.056Z",
    "read_at": null,
    "archived_at": null,
    "expires_at": null
  }
},
{
  "model": "inventory.notification",
  "pk": 11,
  "fields": {
    "title": "Device Returned: CTP-WH-PC-02",
    "message": "Device has been returned to inventory:\nDevice: CTP-WH-PC-02\nSerial Number: MXL8302M7F\nModel: HP ProDesk 400 G4 SFF",
    "status": "unread",
    "priority": "medium",
    "content_type": [
      "inventory",
      "itasset"
    ],
    "object_id": 141,
    "category": 1,
    "employee_profile": 125,
    "action_url": "/en/inventory/assets/141/",
    "created_at": "2025-05-31T17:32:44.032Z",
    "read_at": null,
    "archived_at": null,
    "expires_at": null
  }
},
{
  "model": "inventory.notification",
  "pk": 12,
  "fields": {
    "title": "Device Returned: CTP-WH-PC-02",
    "message": "Device has been returned to inventory:\nDevice: CTP-WH-PC-02\nSerial Number: MXL8302M7F\nModel: HP ProDesk 400 G4 SFF",
    "status": "unread",
    "priority": "medium",
    "content_type": [
      "inventory",
      "itasset"
    ],
    "object_id": 141,
    "category": 1,
    "employee_profile": 108,
    "action_url": "/en/inventory/assets/141/",
    "created_at": "2025-05-31T17:36:27.688Z",
    "read_at": null,
    "archived_at": null,
    "expires_at": null
  }
},
{
  "model": "inventory.notification",
  "pk": 13,
  "fields": {
    "title": "New Device Assigned: CTP-PROD-04",
    "message": "You have been assigned a new device:\nDevice: CTP-PROD-04\nSerial Number: MXL8371P58\nModel: HP ProDesk 400 G4 SFF",
    "status": "unread",
    "priority": "medium",
    "content_type": [
      "inventory",
      "itasset"
    ],
    "object_id": 140,
    "category": 1,
    "employee_profile": 125,
    "action_url": "/en/inventory/assets/140/",
    "created_at": "2025-05-31T17:37:16.042Z",
    "read_at": null,
    "archived_at": null,
    "expires_at": null
  }
},
{
  "model": "inventory.notification",
  "pk": 14,
  "fields": {
    "title": "New Device Assigned: CTP-PROD-04",
    "message": "You have been assigned a new device:\nDevice: CTP-PROD-04\nSerial Number: MXL8371P58\nModel: HP ProDesk 400 G4 SFF",
    "status": "unread",
    "priority": "medium",
    "content_type": [
      "inventory",
      "itasset"
    ],
    "object_id": 140,
    "category": 1,
    "employee_profile": 113,
    "action_url": "/en/inventory/assets/140/",
    "created_at": "2025-05-31T17:39:31.814Z",
    "read_at": null,
    "archived_at": null,
    "expires_at": null
  }
},
{
  "model": "inventory.notification",
  "pk": 15,
  "fields": {
    "title": "Warranty Update: ACD-ACC-lap-01",
    "message": "Warranty Alert for ACD-ACC-lap-01\nSerial Number: 1N3YHX3\nDays Remaining: -34\nExpiry Date: 2025-04-27",
    "status": "read",
    "priority": "high",
    "content_type": [
      "inventory",
      "itasset"
    ],
    "object_id": 105,
    "category": 3,
    "employee_profile": null,
    "action_url": "/en/inventory/assets/105/",
    "created_at": "2025-05-31T17:39:59.088Z",
    "read_at": "2025-05-31T17:41:47.211Z",
    "archived_at": null,
    "expires_at": null
  }
},
{
  "model": "inventory.notification",
  "pk": 16,
  "fields": {
    "title": "Warranty Update: ACD-ACC-PC-05",
    "message": "Warranty Alert for ACD-ACC-PC-05\nSerial Number: B74QYP3\nDays Remaining: -6\nExpiry Date: 2025-05-25",
    "status": "read",
    "priority": "high",
    "content_type": [
      "inventory",
      "itasset"
    ],
    "object_id": 113,
    "category": 3,
    "employee_profile": null,
    "action_url": "/en/inventory/assets/113/",
    "created_at": "2025-05-31T17:45:44.090Z",
    "read_at": "2025-05-31T17:45:57.255Z",
    "archived_at": null,
    "expires_at": null
  }
},
{
  "model": "inventory.notification",
  "pk": 17,
  "fields": {
    "title": "Warranty Update: ACD-ACC-PC-05",
    "message": "Warranty Alert for ACD-ACC-PC-05\nSerial Number: B74QYP3\nDays Remaining: -6\nExpiry Date: 2025-05-25",
    "status": "read",
    "priority": "high",
    "content_type": [
      "inventory",
      "itasset"
    ],
    "object_id": 113,
    "category": 3,
    "employee_profile": null,
    "action_url": "/en/inventory/assets/113/",
    "created_at": "2025-05-31T17:46:58.974Z",
    "read_at": "2025-05-31T17:47:13.767Z",
    "archived_at": null,
    "expires_at": null
  }
},
{
  "model": "inventory.notification",
  "pk": 18,
  "fields": {
    "title": "Device Returned: CTP-PROD-04",
    "message": "Device has been returned to inventory:\nDevice: CTP-PROD-04\nSerial Number: MXL8371P58\nModel: HP ProDesk 400 G4 SFF",
    "status": "unread",
    "priority": "medium",
    "content_type": [
      "inventory",
      "itasset"
    ],
    "object_id": 140,
    "category": 1,
    "employee_profile": 113,
    "action_url": "/en/inventory/assets/140/",
    "created_at": "2025-05-31T17:49:34.920Z",
    "read_at": null,
    "archived_at": null,
    "expires_at": null
  }
},
{
  "model": "inventory.notification",
  "pk": 19,
  "fields": {
    "title": "Warranty Update: ACD-ACC-PC-05",
    "message": "Warranty Alert for ACD-ACC-PC-05\nSerial Number: B74QYP3\nDays Remaining: -6\nExpiry Date: 2025-05-25",
    "status": "archived",
    "priority": "high",
    "content_type": [
      "inventory",
      "itasset"
    ],
    "object_id": 113,
    "category": 3,
    "employee_profile": null,
    "action_url": "/en/inventory/assets/113/",
    "created_at": "2025-05-31T17:50:51.606Z",
    "read_at": "2025-05-31T17:51:00.315Z",
    "archived_at": "2025-05-31T17:51:32.482Z",
    "expires_at": null
  }
},
{
  "model": "inventory.notification",
  "pk": 20,
  "fields": {
    "title": "Warranty Update: ACD-ACC-PC-05",
    "message": "Warranty Alert for ACD-ACC-PC-05\nSerial Number: B74QYP3\nDays Remaining: -6\nExpiry Date: 2025-05-25",
    "status": "read",
    "priority": "high",
    "content_type": [
      "inventory",
      "itasset"
    ],
    "object_id": 113,
    "category": 3,
    "employee_profile": null,
    "action_url": "/en/inventory/assets/113/",
    "created_at": "2025-05-31T18:10:50.952Z",
    "read_at": "2025-05-31T18:14:10.655Z",
    "archived_at": null,
    "expires_at": null
  }
},
{
  "model": "inventory.notification",
  "pk": 22,
  "fields": {
    "title": "Warranty Update: ACD-ACC-PC-05",
    "message": "Warranty Alert for ACD-ACC-PC-05\nSerial Number: B74QYP3\nDays Remaining: -6\nExpiry Date: 2025-05-25",
    "status": "read",
    "priority": "high",
    "content_type": [
      "inventory",
      "itasset"
    ],
    "object_id": 113,
    "category": 3,
    "employee_profile": null,
    "action_url": "/en/inventory/assets/113/",
    "created_at": "2025-05-31T18:12:01.018Z",
    "read_at": "2025-05-31T18:14:10.655Z",
    "archived_at": null,
    "expires_at": null
  }
},
{
  "model": "inventory.notification",
  "pk": 24,
  "fields": {
    "title": "Device In Maintenance: ACD-ACC-PC-05",
    "message": "Device requires maintenance:\nDevice: ACD-ACC-PC-05\nSerial Number: B74QYP3\nPrevious Status: assigned\nAssigned To: Help Desk\nAction Required: Schedule maintenance and update status when complete.",
    "status": "read",
    "priority": "high",
    "content_type": [
      "inventory",
      "itasset"
    ],
    "object_id": 113,
    "category": 2,
    "employee_profile": null,
    "action_url": "/en/inventory/assets/113/",
    "created_at": "2025-05-31T18:17:13.022Z",
    "read_at": "2025-05-31T18:20:37.869Z",
    "archived_at": null,
    "expires_at": null
  }
},
{
  "model": "inventory.notification",
  "pk": 26,
  "fields": {
    "title": "Device Modified: ACD-ACC-PC-07",
    "message": "Device has been modified:\nDevice: ACD-ACC-PC-07\nSerial Number: B74QYP3\nModified by: admin\nChanges Made:\n Name: ACD-ACC-PC-05  ACD-ACC-PC-07",
    "status": "read",
    "priority": "medium",
    "content_type": [
      "inventory",
      "itasset"
    ],
    "object_id": 113,
    "category": 6,
    "employee_profile": null,
    "action_url": "/en/inventory/assets/113/",
    "created_at": "2025-05-31T18:18:32.881Z",
    "read_at": "2025-05-31T18:20:36.028Z",
    "archived_at": null,
    "expires_at": null
  }
},
{
  "model": "inventory.notification",
  "pk": 28,
  "fields": {
    "title": "Device Retired: ACD-ACC-PC-07",
    "message": "Device has been retired from inventory:\nDevice: ACD-ACC-PC-07\nSerial Number: B74QYP3\nModel: OptiPlex 3090\nPrevious Status: available\nLast Assigned To: Help Desk\nAction Required: Update inventory records and process device disposal if necessary.",
    "status": "read",
    "priority": "medium",
    "content_type": [
      "inventory",
      "itasset"
    ],
    "object_id": 113,
    "category": 4,
    "employee_profile": null,
    "action_url": "/en/inventory/assets/113/",
    "created_at": "2025-05-31T18:21:43.407Z",
    "read_at": "2025-05-31T18:27:50.368Z",
    "archived_at": null,
    "expires_at": null
  }
},
{
  "model": "inventory.notification",
  "pk": 29,
  "fields": {
    "title": "New Device Assigned: ACD-ACC-PC-07",
    "message": "A new device has been assigned to you:\nDevice: ACD-ACC-PC-07\nSerial Number: B74QYP3\nModel: OptiPlex 3090\nManufacturer: Dell\nAsset Type: Desktop\n\nPrevious Owner: Help Desk\n\nPlease verify the device and its accessories.\nContact IT support if you need any assistance setting up your device.",
    "status": "unread",
    "priority": "high",
    "content_type": [
      "inventory",
      "itasset"
    ],
    "object_id": 113,
    "category": 1,
    "employee_profile": 111,
    "action_url": "/en/inventory/assets/113/",
    "created_at": "2025-05-31T18:26:06.473Z",
    "read_at": null,
    "archived_at": null,
    "expires_at": null
  }
},
{
  "model": "inventory.notification",
  "pk": 30,
  "fields": {
    "title": "Device Assigned: ACD-ACC-PC-07",
    "message": "Device has been assigned:\nDevice: ACD-ACC-PC-07\nSerial Number: B74QYP3\nAssigned To: Ibrahim Ibrahim Zaki El-Naqeeb\nDepartment: Maintenance\nPrevious Owner: Help Desk\nAction Required: Schedule device setup and orientation if needed.",
    "status": "read",
    "priority": "medium",
    "content_type": [
      "inventory",
      "itasset"
    ],
    "object_id": 113,
    "category": 1,
    "employee_profile": null,
    "action_url": "/en/inventory/assets/113/",
    "created_at": "2025-05-31T18:26:06.479Z",
    "read_at": "2025-05-31T18:27:50.368Z",
    "archived_at": null,
    "expires_at": null
  }
},
{
  "model": "inventory.notification",
  "pk": 31,
  "fields": {
    "title": "New Device Assigned: ACD-ACC-PC-07",
    "message": "A new device has been assigned to you:\nDevice: ACD-ACC-PC-07\nSerial Number: B74QYP3\nModel: OptiPlex 3090\nManufacturer: Dell\nAsset Type: Desktop\n\nPrevious Owner: Ibrahim Ibrahim Zaki El-Naqeeb\n\nPlease verify the device and its accessories.\nContact IT support if you need any assistance setting up your device.",
    "status": "unread",
    "priority": "high",
    "content_type": [
      "inventory",
      "itasset"
    ],
    "object_id": 113,
    "category": 1,
    "employee_profile": 129,
    "action_url": "/en/inventory/assets/113/",
    "created_at": "2025-05-31T18:27:08.239Z",
    "read_at": null,
    "archived_at": null,
    "expires_at": null
  }
},
{
  "model": "inventory.notification",
  "pk": 32,
  "fields": {
    "title": "Device Assigned: ACD-ACC-PC-07",
    "message": "Device has been assigned:\nDevice: ACD-ACC-PC-07\nSerial Number: B74QYP3\nAssigned To: Hamdy Mohamed Mohamed Ahmed Mansour\nDepartment: Production\nPrevious Owner: Ibrahim Ibrahim Zaki El-Naqeeb\nAction Required: Schedule device setup and orientation if needed.",
    "status": "read",
    "priority": "medium",
    "content_type": [
      "inventory",
      "itasset"
    ],
    "object_id": 113,
    "category": 1,
    "employee_profile": null,
    "action_url": "/en/inventory/assets/113/",
    "created_at": "2025-05-31T18:27:08.246Z",
    "read_at": "2025-05-31T18:27:50.368Z",
    "archived_at": null,
    "expires_at": null
  }
},
{
  "model": "inventory.notification",
  "pk": 33,
  "fields": {
    "title": "Device Modified: CTP-WH-PC-02",
    "message": "Device has been modified:\nDevice: CTP-WH-PC-02\nSerial Number: MXL8302M7F\nModified by: admin\nChanges Made:\n RAM Size: None  8g dd3",
    "status": "read",
    "priority": "medium",
    "content_type": [
      "inventory",
      "itasset"
    ],
    "object_id": 141,
    "category": 6,
    "employee_profile": null,
    "action_url": "/en/inventory/assets/141/",
    "created_at": "2025-05-31T18:42:43.123Z",
    "read_at": "2025-06-03T12:32:01.306Z",
    "archived_at": null,
    "expires_at": null
  }
},
{
  "model": "inventory.notification",
  "pk": 34,
  "fields": {
    "title": "New Device Assigned: ACD-ACC-lap-01",
    "message": "A new device has been assigned to you:\nDevice: ACD-ACC-lap-01\nSerial Number: 1N3YHX3\nModel: Latitude 5540\nManufacturer: Dell\nAsset Type: Laptop\n\nPrevious Owner: Bishoy Essam Wilson Fahim\n\nPlease verify the device and its accessories.\nContact IT support if you need any assistance setting up your device.",
    "status": "unread",
    "priority": "high",
    "content_type": [
      "inventory",
      "itasset"
    ],
    "object_id": 105,
    "category": 1,
    "employee_profile": 133,
    "action_url": "/en/inventory/assets/105/",
    "created_at": "2025-06-03T10:17:32.356Z",
    "read_at": null,
    "archived_at": null,
    "expires_at": null
  }
},
{
  "model": "inventory.notification",
  "pk": 35,
  "fields": {
    "title": "Device Assigned: ACD-ACC-lap-01",
    "message": "Device has been assigned:\nDevice: ACD-ACC-lap-01\nSerial Number: 1N3YHX3\nAssigned To: Aya Mohamed Mahmoud Abdel-Fattah\nDepartment: HR\nPrevious Owner: Bishoy Essam Wilson Fahim\nAction Required: Schedule device setup and orientation if needed.",
    "status": "read",
    "priority": "medium",
    "content_type": [
      "inventory",
      "itasset"
    ],
    "object_id": 105,
    "category": 1,
    "employee_profile": null,
    "action_url": "/en/inventory/assets/105/",
    "created_at": "2025-06-03T10:17:32.379Z",
    "read_at": "2025-06-03T12:32:01.306Z",
    "archived_at": null,
    "expires_at": null
  }
},
{
  "model": "inventory.notification",
  "pk": 37,
  "fields": {
    "title": "New Device Assigned: CTP-PDC-lap-02",
    "message": "You have been assigned a new device:\nDevice: CTP-PDC-lap-02\nSerial Number: 3SVPDS3\nModel: Latitude 5530\nManufacturer: Dell\nAsset Type: Laptop",
    "status": "unread",
    "priority": "medium",
    "content_type": [
      "inventory",
      "itasset"
    ],
    "object_id": 123,
    "category": 1,
    "employee_profile": 125,
    "action_url": "/en/inventory/assets/123/",
    "created_at": "2025-07-17T07:10:12.897Z",
    "read_at": null,
    "archived_at": null,
    "expires_at": null
  }
},
{
  "model": "inventory.notification",
  "pk": 38,
  "fields": {
    "title": "New Device Assigned: ACD-ACC-lap-03",
    "message": "You have been assigned a new device:\nDevice: ACD-ACC-lap-03\nSerial Number: 2S3YHX3\nModel: Latitude 5540\nManufacturer: Dell\nAsset Type: Laptop",
    "status": "unread",
    "priority": "medium",
    "content_type": [
      "inventory",
      "itasset"
    ],
    "object_id": 117,
    "category": 1,
    "employee_profile": 148,
    "action_url": "/en/inventory/assets/117/",
    "created_at": "2025-07-17T07:11:38.618Z",
    "read_at": null,
    "archived_at": null,
    "expires_at": null
  }
},
{
  "model": "inventory.notification",
  "pk": 39,
  "fields": {
    "title": "New Device Assigned: CTP-ACC-lap-03",
    "message": "You have been assigned a new device:\nDevice: CTP-ACC-lap-03\nSerial Number: 2N3YHX3\nModel: Latitude 5540\nManufacturer: Dell\nAsset Type: Laptop",
    "status": "unread",
    "priority": "medium",
    "content_type": [
      "inventory",
      "itasset"
    ],
    "object_id": 127,
    "category": 1,
    "employee_profile": 147,
    "action_url": "/en/inventory/assets/127/",
    "created_at": "2025-07-17T07:17:06.678Z",
    "read_at": null,
    "archived_at": null,
    "expires_at": null
  }
},
{
  "model": "inventory.notification",
  "pk": 40,
  "fields": {
    "title": "New Device Assigned: CTP-WH-PC-14",
    "message": "You have been assigned a new device:\nDevice: CTP-WH-PC-14\nSerial Number: 2UA7481M2D\nModel: HP ProDesk 400 G4 SFF\nManufacturer: Hp\nAsset Type: Desktop",
    "status": "unread",
    "priority": "medium",
    "content_type": [
      "inventory",
      "itasset"
    ],
    "object_id": 153,
    "category": 1,
    "employee_profile": 150,
    "action_url": "/en/inventory/assets/153/",
    "created_at": "2025-07-17T07:24:26.902Z",
    "read_at": null,
    "archived_at": null,
    "expires_at": null
  }
},
{
  "model": "inventory.notification",
  "pk": 41,
  "fields": {
    "title": "Your Device Has Been Modified: CTP-WH-PC-14",
    "message": "Your assigned device has been modified:\nDevice: CTP-WH-PC-14\nSerial Number: 2UA7481M2D\nChanges Made:\n Processor: None  6th Gen Intel(R) Core(TM) i5-6500\n RAM Size: None  8GB ddr3\n Primary HDD Capacity: None  512GB ssd\n Secondary HDD Capacity: None  500GB  hdd\n Operating System: None  Windows 10\n Receipt Date: 2024-03-08  None\n\nPlease review these changes and report any issues to IT support.",
    "status": "unread",
    "priority": "medium",
    "content_type": [
      "inventory",
      "itasset"
    ],
    "object_id": 153,
    "category": 6,
    "employee_profile": 150,
    "action_url": "/en/inventory/assets/153/",
    "created_at": "2025-07-17T07:25:50.563Z",
    "read_at": null,
    "archived_at": null,
    "expires_at": null
  }
},
{
  "model": "inventory.notification",
  "pk": 42,
  "fields": {
    "title": "Device Modified: CTP-WH-PC-14",
    "message": "Device has been modified:\nDevice: CTP-WH-PC-14\nSerial Number: 2UA7481M2D\nModified by: Admin\nChanges Made:\n Processor: None  6th Gen Intel(R) Core(TM) i5-6500\n RAM Size: None  8GB ddr3\n Primary HDD Capacity: None  512GB ssd\n Secondary HDD Capacity: None  500GB  hdd\n Operating System: None  Windows 10\n Receipt Date: 2024-03-08  None",
    "status": "read",
    "priority": "medium",
    "content_type": [
      "inventory",
      "itasset"
    ],
    "object_id": 153,
    "category": 6,
    "employee_profile": null,
    "action_url": "/en/inventory/assets/153/",
    "created_at": "2025-07-17T07:25:50.567Z",
    "read_at": "2025-07-18T09:21:58.551Z",
    "archived_at": null,
    "expires_at": null
  }
},
{
  "model": "inventory.notification",
  "pk": 43,
  "fields": {
    "title": "New Device Assigned: ACD-ACC-lap-01",
    "message": "You have been assigned a new device:\nDevice: ACD-ACC-lap-01\nSerial Number: 1N3YHX3\nModel: Latitude 5540\nManufacturer: Dell\nAsset Type: Laptop",
    "status": "unread",
    "priority": "medium",
    "content_type": [
      "inventory",
      "itasset"
    ],
    "object_id": 105,
    "category": 1,
    "employee_profile": 108,
    "action_url": "/en/inventory/assets/105/",
    "created_at": "2025-07-17T09:25:50.589Z",
    "read_at": null,
    "archived_at": null,
    "expires_at": null
  }
},
{
  "model": "inventory.notification",
  "pk": 44,
  "fields": {
    "title": "Device Modified: Server-CTP-ACD",
    "message": "Device has been modified:\nDevice: Server-CTP-ACD\nSerial Number: 2S3QYP3\nModified by: Admin\nChanges Made:\n Processor: None  10 th Gen Intel(R) Core(TM) i5-10505\n RAM Size: None  20GB ddr4\n Primary HDD Capacity: None  256gb  ssd\n Secondary HDD Capacity: None  1TB\n Operating System: None  Windows server 2022\n Receipt Date: 2024-01-30  None",
    "status": "read",
    "priority": "medium",
    "content_type": [
      "inventory",
      "itasset"
    ],
    "object_id": 115,
    "category": 6,
    "employee_profile": null,
    "action_url": "/en/inventory/assets/115/",
    "created_at": "2025-07-17T10:08:35.533Z",
    "read_at": "2025-07-18T09:21:58.551Z",
    "archived_at": null,
    "expires_at": null
  }
},
{
  "model": "inventory.notification",
  "pk": 45,
  "fields": {
    "title": "New Device Assigned: ACD-ACC-PC-07",
    "message": "You have been assigned a new device:\nDevice: ACD-ACC-PC-07\nSerial Number: B74QYP3\nModel: OptiPlex 3090\nManufacturer: Dell\nAsset Type: Desktop",
    "status": "unread",
    "priority": "medium",
    "content_type": [
      "inventory",
      "itasset"
    ],
    "object_id": 113,
    "category": 1,
    "employee_profile": 139,
    "action_url": "/en/inventory/assets/113/",
    "created_at": "2025-07-17T11:58:25.958Z",
    "read_at": null,
    "archived_at": null,
    "expires_at": null
  }
},
{
  "model": "inventory.notification",
  "pk": 46,
  "fields": {
    "title": "Warranty Expiring Soon: CTP-ACC-lap-04",
    "message": "Warranty Alert for CTP-ACC-lap-04\nSerial Number: 66DSJM2\nDays Remaining: -81\nExpiry Date: 2025-04-27",
    "status": "read",
    "priority": "high",
    "content_type": [
      "inventory",
      "itasset"
    ],
    "object_id": 190,
    "category": 3,
    "employee_profile": null,
    "action_url": "/en/inventory/assets/190/",
    "created_at": "2025-07-17T16:38:39.007Z",
    "read_at": "2025-07-18T09:21:58.551Z",
    "archived_at": null,
    "expires_at": null
  }
},
{
  "model": "inventory.notification",
  "pk": 47,
  "fields": {
    "title": "Warranty Expiring Soon: Mep1159",
    "message": "Warranty Alert for Mep1159\nSerial Number: HX2JPH2\nDays Remaining: -81\nExpiry Date: 2025-04-27",
    "status": "read",
    "priority": "high",
    "content_type": [
      "inventory",
      "itasset"
    ],
    "object_id": 191,
    "category": 3,
    "employee_profile": null,
    "action_url": "/en/inventory/assets/191/",
    "created_at": "2025-07-17T16:40:33.567Z",
    "read_at": "2025-07-18T09:21:58.551Z",
    "archived_at": null,
    "expires_at": null
  }
},
{
  "model": "inventory.notification",
  "pk": 48,
  "fields": {
    "title": "Warranty Expiring Soon: Mep1069",
    "message": "Warranty Alert for Mep1069\nSerial Number: 3WWMZM2\nDays Remaining: -81\nExpiry Date: 2025-04-27",
    "status": "read",
    "priority": "high",
    "content_type": [
      "inventory",
      "itasset"
    ],
    "object_id": 192,
    "category": 3,
    "employee_profile": null,
    "action_url": "/en/inventory/assets/192/",
    "created_at": "2025-07-17T16:42:20.292Z",
    "read_at": "2025-07-18T09:21:58.551Z",
    "archived_at": null,
    "expires_at": null
  }
},
{
  "model": "inventory.notification",
  "pk": 49,
  "fields": {
    "title": "Warranty Expiring Soon: DESKTOP-GK6G65C",
    "message": "Warranty Alert for DESKTOP-GK6G65C\nSerial Number: 479Q1N2\nDays Remaining: -81\nExpiry Date: 2025-04-27",
    "status": "read",
    "priority": "high",
    "content_type": [
      "inventory",
      "itasset"
    ],
    "object_id": 193,
    "category": 3,
    "employee_profile": null,
    "action_url": "/en/inventory/assets/193/",
    "created_at": "2025-07-17T16:43:37.473Z",
    "read_at": "2025-07-18T09:21:58.551Z",
    "archived_at": null,
    "expires_at": null
  }
},
{
  "model": "inventory.notification",
  "pk": 50,
  "fields": {
    "title": "Warranty Expiring Soon: Unknown Asset",
    "message": "Warranty Alert for Unknown Asset\nSerial Number: JPWT1N2\nDays Remaining: -81\nExpiry Date: 2025-04-27",
    "status": "read",
    "priority": "high",
    "content_type": [
      "inventory",
      "itasset"
    ],
    "object_id": 194,
    "category": 3,
    "employee_profile": null,
    "action_url": "/en/inventory/assets/194/",
    "created_at": "2025-07-17T16:44:48.440Z",
    "read_at": "2025-07-18T09:21:58.551Z",
    "archived_at": null,
    "expires_at": null
  }
},
{
  "model": "inventory.notification",
  "pk": 51,
  "fields": {
    "title": "Warranty Expiring Soon: DESKTOP-DTGG6PO",
    "message": "Warranty Alert for DESKTOP-DTGG6PO\nSerial Number: HPL94L3\nDays Remaining: -81\nExpiry Date: 2025-04-27",
    "status": "read",
    "priority": "high",
    "content_type": [
      "inventory",
      "itasset"
    ],
    "object_id": 195,
    "category": 3,
    "employee_profile": null,
    "action_url": "/en/inventory/assets/195/",
    "created_at": "2025-07-17T16:52:56.771Z",
    "read_at": "2025-07-18T09:21:58.551Z",
    "archived_at": null,
    "expires_at": null
  }
},
{
  "model": "inventory.notification",
  "pk": 52,
  "fields": {
    "title": "Warranty Expiring Soon: CTP-Quality-lap-03",
    "message": "Warranty Alert for CTP-Quality-lap-03\nSerial Number: G5V7J33\nDays Remaining: -81\nExpiry Date: 2025-04-27",
    "status": "read",
    "priority": "high",
    "content_type": [
      "inventory",
      "itasset"
    ],
    "object_id": 196,
    "category": 3,
    "employee_profile": null,
    "action_url": "/en/inventory/assets/196/",
    "created_at": "2025-07-17T16:55:13.283Z",
    "read_at": "2025-07-18T19:23:33.389Z",
    "archived_at": null,
    "expires_at": null
  }
},
{
  "model": "inventory.notification",
  "pk": 53,
  "fields": {
    "title": "New Device Assigned: CTP-Quality-lap-03",
    "message": "You have been assigned a new device:\nDevice: CTP-Quality-lap-03\nSerial Number: G5V7J33\nModel: Inspiron 3593\nManufacturer: Dell\nAsset Type: Laptop",
    "status": "unread",
    "priority": "medium",
    "content_type": [
      "inventory",
      "itasset"
    ],
    "object_id": 196,
    "category": 1,
    "employee_profile": 151,
    "action_url": "/en/inventory/assets/196/",
    "created_at": "2025-07-17T17:04:45.693Z",
    "read_at": null,
    "archived_at": null,
    "expires_at": null
  }
}
]
